Loading cache...done.
Loaded 5779 entries from dependency cache.
Parsing recipes...done.
Parsing of 4147 .bb files complete (3808 cached, 339 parsed). 6119 targets, 1101 skipped, 0 masked, 0 errors.
NOTE: Resolving any missing task queue dependencies
NOTE: selecting binutils-cross-arm to satisfy virtual/arm-oe-linux-gnueabi-binutils due to PREFERRED_PROVIDERS
NOTE: selecting pseudo-native to satisfy virtual/fakeroot-native due to PREFERRED_PROVIDERS
NOTE: selecting gcc-runtime to satisfy virtual/arm-oe-linux-gnueabi-compilerlibs due to PREFERRED_PROVIDERS
NOTE: selecting glibc to satisfy virtual/libc due to PREFERRED_PROVIDERS
NOTE: selecting openssl to satisfy openssl due to PREFERRED_PROVIDERS
NOTE: selecting gcc-cross-arm to satisfy virtual/arm-oe-linux-gnueabi-gcc due to PREFERRED_PROVIDERS
NOTE: selecting pkgconfig-native to satisfy pkgconfig-native due to PREFERRED_PROVIDERS
NOTE: selecting linux-edision to satisfy runtime kernel-module-xc5000 due to PREFERRED_PROVIDER_virtual/kernel = linux-edision
NOTE: selecting linux-edision to satisfy runtime kernel-module-tda10071 due to PREFERRED_PROVIDER_virtual/kernel = linux-edision
NOTE: selecting linux-edision to satisfy runtime kernel-module-tda18271c2dd due to PREFERRED_PROVIDER_virtual/kernel = linux-edision
NOTE: selecting linux-edision to satisfy runtime kernel-module-cx24116 due to PREFERRED_PROVIDER_virtual/kernel = linux-edision
NOTE: selecting linux-edision to satisfy runtime kernel-module-stb6000 due to PREFERRED_PROVIDER_virtual/kernel = linux-edision
NOTE: selecting linux-edision to satisfy runtime kernel-module-cx231xx due to PREFERRED_PROVIDER_virtual/kernel = linux-edision
NOTE: selecting glibc-locale to satisfy runtime glibc-gconv-iso8859-15 due to PREFERRED_PROVIDER_virtual/libc-locale = glibc-locale
NOTE: selecting linux-edision to satisfy runtime kernel-module-stb6100 due to PREFERRED_PROVIDER_virtual/kernel = linux-edision
NOTE: selecting linux-edision to satisfy runtime kernel-module-tda18271 due to PREFERRED_PROVIDER_virtual/kernel = linux-edision
NOTE: selecting linux-edision to satisfy runtime kernel-module-stv0288 due to PREFERRED_PROVIDER_virtual/kernel = linux-edision
NOTE: selecting linux-edision to satisfy runtime kernel-module-lgdt3306a due to PREFERRED_PROVIDER_virtual/kernel = linux-edision
NOTE: selecting linux-edision to satisfy runtime kernel-module-em28xx due to PREFERRED_PROVIDER_virtual/kernel = linux-edision
NOTE: selecting linux-edision to satisfy runtime kernel-module-tveeprom due to PREFERRED_PROVIDER_virtual/kernel = linux-edision
NOTE: selecting glibc-locale to satisfy runtime glibc-gconv-cp1250 due to PREFERRED_PROVIDER_virtual/libc-locale = glibc-locale
NOTE: selecting linux-edision to satisfy runtime kernel-module-cx25840 due to PREFERRED_PROVIDER_virtual/kernel = linux-edision
NOTE: selecting linux-edision to satisfy runtime kernel-module-au8522-dig due to PREFERRED_PROVIDER_virtual/kernel = linux-edision
NOTE: selecting linux-edision to satisfy runtime kernel-module-lgdt3305 due to PREFERRED_PROVIDER_virtual/kernel = linux-edision
NOTE: selecting linux-edision to satisfy runtime kernel-module-au8522-decoder due to PREFERRED_PROVIDER_virtual/kernel = linux-edision
NOTE: selecting glibc-locale to satisfy runtime glibc-gconv-utf-16 due to PREFERRED_PROVIDER_virtual/libc-locale = glibc-locale
NOTE: selecting linux-edision to satisfy runtime kernel-module-stv0299 due to PREFERRED_PROVIDER_virtual/kernel = linux-edision
NOTE: selecting linux-edision to satisfy runtime kernel-module-dvb-usb-tbsqbox2ci due to PREFERRED_PROVIDER_virtual/kernel = linux-edision
NOTE: selecting linux-edision to satisfy runtime kernel-module-cx2341x due to PREFERRED_PROVIDER_virtual/kernel = linux-edision
NOTE: selecting linux-edision to satisfy runtime kernel-module-dvb-usb-tbs5925 due to PREFERRED_PROVIDER_virtual/kernel = linux-edision
NOTE: selecting linux-edision to satisfy runtime kernel-module-cx231xx-alsa due to PREFERRED_PROVIDER_virtual/kernel = linux-edision
NOTE: selecting enigma2-plugin-systemplugins-servicemp3 to satisfy runtime virtual-enigma2-mediaservice due to PREFERRED_PROVIDER_virtual/enigma2-mediaservice = enigma2-plugin-systemplugins-servicemp3
NOTE: selecting linux-edision to satisfy runtime kernel-module-udf due to PREFERRED_PROVIDER_virtual/kernel = linux-edision
NOTE: selecting linux-edision to satisfy runtime kernel-module-cx231xx-dvb due to PREFERRED_PROVIDER_virtual/kernel = linux-edision
NOTE: selecting linux-edision to satisfy runtime kernel-module-dvb-usb-tbsusb due to PREFERRED_PROVIDER_virtual/kernel = linux-edision
NOTE: selecting linux-edision to satisfy runtime kernel-module-au8522 due to PREFERRED_PROVIDER_virtual/kernel = linux-edision
NOTE: selecting linux-edision to satisfy runtime kernel-module-au8522-common due to PREFERRED_PROVIDER_virtual/kernel = linux-edision
NOTE: selecting linux-edision to satisfy runtime kernel-module-si2157 due to PREFERRED_PROVIDER_virtual/kernel = linux-edision
NOTE: selecting linux-edision to satisfy runtime kernel-module-au0828 due to PREFERRED_PROVIDER_virtual/kernel = linux-edision
NOTE: selecting linux-edision to satisfy runtime kernel-module-stv090x due to PREFERRED_PROVIDER_virtual/kernel = linux-edision
NOTE: selecting edision-blindscan-utils-osmio4k to satisfy runtime virtual-blindscan-dvbc due to PREFERRED_PROVIDER_virtual/blindscan-dvbs = edision-blindscan-utils-osmio4k
NOTE: selecting glibc to satisfy runtime ldconfig due to PREFERRED_PROVIDER_virtual/libc = glibc
NOTE: selecting glibc to satisfy runtime glibc due to PREFERRED_PROVIDER_virtual/libc = glibc
NOTE: selecting glibc to satisfy runtime glibc-dev due to PREFERRED_PROVIDER_virtual/libc = glibc
NOTE: selecting linux-libc-headers to satisfy runtime linux-libc-headers-dev due to PREFERRED_PROVIDER_linux-libc-headers = linux-libc-headers
NOTE: selecting glibc to satisfy runtime glibc-utils due to PREFERRED_PROVIDER_virtual/libc = glibc
NOTE: selecting libtool-native to satisfy libtool-native due to PREFERRED_RPROVIDER
NOTE: selecting libgcc to satisfy runtime libgcc due to PREFERRED_PROVIDER_libgcc = libgcc
NOTE: selecting openssl to satisfy runtime openssl due to PREFERRED_PROVIDER_openssl = openssl
NOTE: selecting openssl to satisfy runtime openssl-ossl-module-legacy due to PREFERRED_PROVIDER_openssl = openssl
NOTE: selecting openssl to satisfy runtime openssl-dev due to PREFERRED_PROVIDER_openssl = openssl
NOTE: selecting openssl to satisfy runtime openssl-conf due to PREFERRED_PROVIDER_openssl = openssl
NOTE: selecting libgcc to satisfy libgcc due to PREFERRED_PROVIDERS
NOTE: selecting gcc-cross-arm to satisfy virtual/arm-oe-linux-gnueabi-g++ due to PREFERRED_PROVIDERS
NOTE: selecting libgcc-initial to satisfy libgcc-initial due to PREFERRED_PROVIDERS
NOTE: selecting linux-libc-headers to satisfy linux-libc-headers due to PREFERRED_PROVIDERS
NOTE: selecting opkg-utils-native to satisfy virtual/update-alternatives-native due to PREFERRED_PROVIDERS
NOTE: selecting glibc to satisfy virtual/libintl due to PREFERRED_PROVIDERS
NOTE: selecting libxcrypt to satisfy virtual/crypt due to PREFERRED_PROVIDERS
NOTE: selecting opkg-utils to satisfy virtual/update-alternatives due to PREFERRED_PROVIDERS
NOTE: selecting openssl-native to satisfy openssl-native due to PREFERRED_PROVIDERS
NOTE: selecting glibc to satisfy virtual/libiconv due to PREFERRED_PROVIDERS
NOTE: selecting pigz-native to satisfy gzip-native due to PREFERRED_PROVIDERS
NOTE: selecting linux-edision to satisfy virtual/kernel due to PREFERRED_PROVIDERS
NOTE: selecting linux-edision to satisfy runtime kernel-image due to PREFERRED_PROVIDER_virtual/kernel = linux-edision
NOTE: selecting linux-edision to satisfy runtime kernel-image-zimage due to PREFERRED_PROVIDER_virtual/kernel = linux-edision
NOTE: selecting linux-edision to satisfy runtime kernel-base due to PREFERRED_PROVIDER_virtual/kernel = linux-edision
NOTE: selecting enigma2-plugin-systemplugins-servicemp3 to satisfy runtime enigma2-plugin-systemplugins-servicemp3 due to PREFERRED_PROVIDER_virtual/enigma2-mediaservice = enigma2-plugin-systemplugins-servicemp3
NOTE: selecting enigma2-plugin-systemplugins-servicemp3 to satisfy runtime enigma2-plugin-systemplugins-servicemp3-dev due to PREFERRED_PROVIDER_virtual/enigma2-mediaservice = enigma2-plugin-systemplugins-servicemp3
NOTE: selecting openssl to satisfy runtime openssl-bin due to PREFERRED_PROVIDER_openssl = openssl
NOTE: selecting libid3tag to satisfy libid3tag due to PREFERRED_RPROVIDER
NOTE: selecting gettext to satisfy runtime gettext due to PREFERRED_PROVIDER_virtual/gettext = gettext
NOTE: selecting gettext to satisfy runtime gettext-dev due to PREFERRED_PROVIDER_virtual/gettext = gettext
NOTE: selecting libxcrypt to satisfy runtime libxcrypt due to PREFERRED_PROVIDER_virtual/crypt = libxcrypt
NOTE: selecting libxcrypt to satisfy runtime libxcrypt-dev due to PREFERRED_PROVIDER_virtual/crypt = libxcrypt
NOTE: selecting opkg-utils to satisfy runtime update-alternatives-opkg due to PREFERRED_PROVIDER_virtual/update-alternatives = opkg-utils
NOTE: selecting initscripts to satisfy initd-functions due to PREFERRED_RPROVIDER
NOTE: selecting coreutils to satisfy runtime coreutils due to PREFERRED_PROVIDER_coreutils = coreutils
NOTE: selecting gdk-pixbuf to satisfy gdk-pixbuf due to PREFERRED_PROVIDERS
NOTE: selecting coreutils to satisfy runtime coreutils-stdbuf due to PREFERRED_PROVIDER_coreutils = coreutils
NOTE: selecting coreutils to satisfy runtime coreutils-dev due to PREFERRED_PROVIDER_coreutils = coreutils
NOTE: selecting libtool to satisfy libtool due to PREFERRED_RPROVIDER
NOTE: selecting openssl-native to satisfy runtime openssl-native due to PREFERRED_PROVIDER_openssl-native = openssl-native
NOTE: selecting gdk-pixbuf to satisfy runtime gdk-pixbuf-bin due to PREFERRED_PROVIDER_gdk-pixbuf = gdk-pixbuf
NOTE: selecting libtool to satisfy libltdl due to PREFERRED_RPROVIDER
NOTE: selecting gdk-pixbuf to satisfy runtime gdk-pixbuf due to PREFERRED_PROVIDER_gdk-pixbuf = gdk-pixbuf
NOTE: selecting gdk-pixbuf to satisfy runtime gdk-pixbuf-dev due to PREFERRED_PROVIDER_gdk-pixbuf = gdk-pixbuf
NOTE: selecting eudev to satisfy udev due to PREFERRED_PROVIDERS
NOTE: selecting eudev to satisfy runtime eudev-dev due to PREFERRED_PROVIDER_udev = eudev
NOTE: selecting eudev to satisfy runtime eudev due to PREFERRED_PROVIDER_udev = eudev
NOTE: selecting eudev to satisfy runtime udev due to PREFERRED_PROVIDER_udev = eudev

Build Configuration:
BB_VERSION           = "2.8.0"
BUILD_SYS            = "x86_64-linux"
NATIVELSBSTRING      = "ubuntu-22.04"
TARGET_SYS           = "arm-oe-linux-gnueabi"
MACHINE              = "osmio4k"
DISTRO               = "openpli"
DISTRO_VERSION       = "6"
TUNE_FEATURES        = "arm armv7ve vfp neon vfpv4 callconvention-hard"
TARGET_FPU           = "hard"
meta-local           = "scarthgap:80548be6c9393f991f736639201dcf7b3f71c95f"
meta-oe              
meta-filesystems     
meta-multimedia      
meta-networking      
meta-python          
meta-webserver       = "HEAD:dda0d53326017d6758ec6bdfdaf2f484c089d13f"
meta                 = "HEAD:660e00469f9c99fe733cc8b37f67438a96ff2e97"
meta-openpli         = "scarthgap:80548be6c9393f991f736639201dcf7b3f71c95f"
meta-dream           = "HEAD:b40fe70ab719350ceed6f5f7c73eae313a80b8da"
meta-vuplus          = "HEAD:8bfcd7ed4dc69b4bd9c40bf76e9620a3bd451b57"
meta-xsarius         = "HEAD:e10197ccdae08ef1ade44d3aab16fd0acb9fa6b0"
meta-qviart          = "HEAD:6dad0fda275752670e492e71b4c29279b226a6eb"
meta-xp              = "HEAD:82930eb2d1d76875164e4fcf29f921875798f40a"
meta-xtrend          = "HEAD:a9b042d17e24218c7d7b36fbbafe740602b0a0da"
meta-formuler        = "HEAD:b42d543b15ced9b1f19fe30f7363cd3688f83520"
meta-gfutures        = "HEAD:7e664f21e246439ef371f38bd3b4d7ff9ebbdcdc"
meta-xpeedc          = "HEAD:c1660ed5f0c9521c77a4402008602f9f04df099f"
meta-zgemma          = "HEAD:8b43ea420f2d8036da597797d050b49b5c62260d"
meta-edision         = "HEAD:307e3be3fa70d164221035a62084ae08e36656fe"
meta-miraclebox      = "HEAD:2fff6ab1fdb1eb700095d407be58103e45a85798"
meta-spycat          = "HEAD:fdff357376eadff1fdbfdf25af68229784e2337a"
meta-gi              = "HEAD:6ea9c3c6e3ea34042f4bc2ea28bd2403abdff64d"
meta-sab             = "HEAD:81b01f342a5f1b0067bb869fbc5f8781139a20fd"
meta-gigablue        = "HEAD:d026514473ab895b647219a9d7935edce51884e9"
meta-amiko           = "HEAD:634b0697dd869fba2360bfbe8103e4993d577e15"
meta-axas            = "HEAD:c9ba78a480ca908c7e1db9c4a808c3b5b8554e20"
meta-maxytec         = "HEAD:3ec2230d5242bfe262ae6b88afd21b9ad4bd6efe"
meta-octagon         = "HEAD:9b4693d8036dfcd6ca9301d38ce4022f26e0d8b4"
meta-uclan           = "HEAD:78341f78d298d1f626daa87819cdb694eadab365"
meta-abcom           = "HEAD:1b8f741c7fd82b98952d018cf6001c4d6722d35e"
meta-qt5             = "HEAD:7acb1aa500254fb516c574b25b9f95b86ed9f584"
meta-clang           = "HEAD:f002eb5ab051443e7b5fbc32a9505d63a67db7b6"
workspace            = "scarthgap:80548be6c9393f991f736639201dcf7b3f71c95f"

Initialising tasks...NOTE: Marking Active Tasks
NOTE: Pruned 7323 inactive tasks, 6378 left
NOTE: Assign Weightings
NOTE: Compute totals (have 1 endpoint(s))
Sstate summary: Wanted 602 Local 580 Mirrors 0 Missed 22 Current 2455 (96% match, 99% complete)
Removing 6 stale sstate objects for arch osmio4k...done.
NOTE: Executing Tasks
NOTE: Setscene tasks completed
NOTE: Running task 1026 of 6378 (/home/pli/builds/openpli-scarthgap-build-1-30-2025/openpli-oe-core/meta-openpli/recipes-openpli/enigma2/enigma-info.bb:do_collect_spdx_deps)
NOTE: recipe enigma-info-6-r0: task do_collect_spdx_deps: Started
NOTE: enigma-info-6-r0 do_collect_spdx_deps: Direct dependencies are ['/home/pli/builds/openpli-scarthgap-build-1-30-2025/openpli-oe-core/openembedded-core/meta/recipes-devtools/quilt/quilt-native_0.67.bb:do_populate_sysroot', 'virtual:native:/home/pli/builds/openpli-scarthgap-build-1-30-2025/openpli-oe-core/openembedded-core/meta/recipes-devtools/patch/patch_2.7.6.bb:do_populate_sysroot']
NOTE: enigma-info-6-r0 do_collect_spdx_deps: Installed into sysroot: ['gettext-minimal-native', 'libtool-native', 'quilt-native', 'texinfo-dummy-native', 'patch-native', 'attr-native']
NOTE: enigma-info-6-r0 do_collect_spdx_deps: Skipping as already exists in sysroot: []


NOTE: recipe enigma-info-6-r0: task do_collect_spdx_deps: Succeeded
NOTE: Running task 2779 of 6378 (/home/pli/builds/openpli-scarthgap-build-1-30-2025/openpli-oe-core/meta-openpli/recipes-openpli/enigma2/enigma-info.bb:do_install)
NOTE: recipe enigma-info-6-r0: task do_install: Started
NOTE: enigma-info-6-r0 do_install: Direct dependencies are ['virtual:native:/home/pli/builds/openpli-scarthgap-build-1-30-2025/openpli-oe-core/openembedded-core/meta/recipes-devtools/pseudo/pseudo_git.bb:do_populate_sysroot']
NOTE: enigma-info-6-r0 do_install: Installed into sysroot: ['pseudo-native', 'xz-native', 'sqlite3-native']
NOTE: enigma-info-6-r0 do_install: Skipping as already exists in sysroot: ['gettext-minimal-native', 'libtool-native', 'texinfo-dummy-native', 'attr-native']

+ cd /home/pli/builds/openpli-scarthgap-build-1-30-2025/openpli-oe-core/build/tmp/work/osmio4k-oe-linux-gnueabi/enigma-info/6/enigma-info-6

+ do_install

++ echo '^/home/pli/builds/openpli-scarthgap-build-1-30-2025/openpli-oe-core/openembedded-core/meta/'

++ cut -c 2-

+ PATTERN=/home/pli/builds/openpli-scarthgap-build-1-30-2025/openpli-oe-core/openembedded-core/meta/

++ ls /home/pli/builds/openpli-scarthgap-build-1-30-2025/openpli-oe-core/openembedded-core/meta/recipes-devtools/python/python3_3.12.8.bb

++ cut -d _ -f 2
++ xargs basename -s .bb

+ PYTHON_FULLVERSION=3.12.8
+ '[' 3.12.8 = '' ']'

+ KERNEL_VERSION=5.15.0

++ cd /home/pli/builds/openpli-scarthgap-build-1-30-2025/openpli-oe-core

++ git submodule

++ grep meta-openembedded

++ cut -d '(' -f 2

++ cut -d ')' -f 1

++ cut -d / -f 3

NOTE: Running task 4260 of 6378 (/home/pli/builds/openpli-scarthgap-build-1-30-2025/openpli-oe-core/meta-openpli/recipes-openpli/enigma2/enigma2.bb:do_compile)
NOTE: recipe enigma2-3.12+git-r0: task do_compile: Started

+ OE_NAME=dda0d53326

++ cd /home/pli/builds/openpli-scarthgap-build-1-30-2025/openpli-oe-core/openembedded-core

++ git describe '--match=yocto*'

++ cut -d - -f 2

+ OE_VERSION=5.0.6

++ echo 6

++ cut -d - -f 1

+ IMAGE_VERSION=6

+ '[' 6 = 6 ']'

++ cd /home/pli/builds/openpli-scarthgap-build-1-30-2025/openpli-oe-core

++ git rev-parse --short HEAD

+ cd /home/pli/builds/openpli-scarthgap-build-1-30-2025/openpli-oe-core/build/tmp/work/osmio4k-oe-linux-gnueabi/enigma2/3.12+git/build

+ do_compile
+ setup_target_config
+ export _PYTHON_SYSCONFIGDATA_NAME=_sysconfigdata
+ _PYTHON_SYSCONFIGDATA_NAME=_sysconfigdata
+ export PYTHONPATH=/home/pli/builds/openpli-scarthgap-build-1-30-2025/openpli-oe-core/build/tmp/work/osmio4k-oe-linux-gnueabi/enigma2/3.12+git/recipe-sysroot/usr/lib/python-sysconfigdata:
+ PYTHONPATH=/home/pli/builds/openpli-scarthgap-build-1-30-2025/openpli-oe-core/build/tmp/work/osmio4k-oe-linux-gnueabi/enigma2/3.12+git/recipe-sysroot/usr/lib/python-sysconfigdata:

+ export PATH=/home/pli/builds/openpli-scarthgap-build-1-30-2025/openpli-oe-core/build/tmp/work/osmio4k-oe-linux-gnueabi/enigma2/3.12+git/recipe-sysroot/usr/python-target-config/:/home/pli/builds/openpli-scarthgap-build-1-30-2025/openpli-oe-core/build/tmp/work/osmio4k-oe-linux-gnueabi/enigma2/3.12+git/recipe-sysroot-native/usr/bin/python3-native:/home/pli/builds/openpli-scarthgap-build-1-30-2025/openpli-oe-core/openembedded-core/scripts:/home/pli/builds/openpli-scarthgap-build-1-30-2025/openpli-oe-core/build/tmp/work/osmio4k-oe-linux-gnueabi/enigma2/3.12+git/recipe-sysroot-native/usr/bin/arm-oe-linux-gnueabi:/home/pli/builds/openpli-scarthgap-build-1-30-2025/openpli-oe-core/build/tmp/work/osmio4k-oe-linux-gnueabi/enigma2/3.12+git/recipe-sysroot/usr/bin/crossscripts:/home/pli/builds/openpli-scarthgap-build-1-30-2025/openpli-oe-core/build/tmp/work/osmio4k-oe-linux-gnueabi/enigma2/3.12+git/recipe-sysroot-native/usr/sbin:/home/pli/builds/openpli-scarthgap-build-1-30-2025/openpli-oe-core/build/tmp/work/osmio4k-oe-linux-gnueabi/enigma2/3.12+git/recipe-sysroot-native/usr/bin:/home/pli/builds/openpli-scarthgap-build-1-30-2025/openpli-oe-core/build/tmp/work/osmio4k-oe-linux-gnueabi/enigma2/3.12+git/recipe-sysroot-native/sbin:/home/pli/builds/openpli-scarthgap-build-1-30-2025/openpli-oe-core/build/tmp/work/osmio4k-oe-linux-gnueabi/enigma2/3.12+git/recipe-sysroot-native/bin:/home/pli/builds/openpli-scarthgap-build-1-30-2025/openpli-oe-core/bitbake/bin:/home/pli/builds/openpli-scarthgap-build-1-30-2025/openpli-oe-core/build/tmp/hosttools
+ PATH=/home/pli/builds/openpli-scarthgap-build-1-30-2025/openpli-oe-core/build/tmp/work/osmio4k-oe-linux-gnueabi/enigma2/3.12+git/recipe-sysroot/usr/python-target-config/:/home/pli/builds/openpli-scarthgap-build-1-30-2025/openpli-oe-core/build/tmp/work/osmio4k-oe-linux-gnueabi/enigma2/3.12+git/recipe-sysroot-native/usr/bin/python3-native:/home/pli/builds/openpli-scarthgap-build-1-30-2025/openpli-oe-core/openembedded-core/scripts:/home/pli/builds/openpli-scarthgap-build-1-30-2025/openpli-oe-core/build/tmp/work/osmio4k-oe-linux-gnueabi/enigma2/3.12+git/recipe-sysroot-native/usr/bin/arm-oe-linux-gnueabi:/home/pli/builds/openpli-scarthgap-build-1-30-2025/openpli-oe-core/build/tmp/work/osmio4k-oe-linux-gnueabi/enigma2/3.12+git/recipe-sysroot/usr/bin/crossscripts:/home/pli/builds/openpli-scarthgap-build-1-30-2025/openpli-oe-core/build/tmp/work/osmio4k-oe-linux-gnueabi/enigma2/3.12+git/recipe-sysroot-native/usr/sbin:/home/pli/builds/openpli-scarthgap-build-1-30-2025/openpli-oe-core/build/tmp/work/osmio4k-oe-linux-gnueabi/enigma2/3.12+git/recipe-sysroot-native/usr/bin:/home/pli/builds/openpli-scarthgap-build-1-30-2025/openpli-oe-core/build/tmp/work/osmio4k-oe-linux-gnueabi/enigma2/3.12+git/recipe-sysroot-native/sbin:/home/pli/builds/openpli-scarthgap-build-1-30-2025/openpli-oe-core/build/tmp/work/osmio4k-oe-linux-gnueabi/enigma2/3.12+git/recipe-sysroot-native/bin:/home/pli/builds/openpli-scarthgap-build-1-30-2025/openpli-oe-core/bitbake/bin:/home/pli/builds/openpli-scarthgap-build-1-30-2025/openpli-oe-core/build/tmp/hosttools

+ autotools_do_compile

+ oe_runmake

+ oe_runmake_call

+ bbnote make -j 32 ENIGMA2_BRANCH=scarthgap

+ '[' -p /home/pli/builds/openpli-scarthgap-build-1-30-2025/openpli-oe-core/build/tmp/work/osmio4k-oe-linux-gnueabi/enigma2/3.12+git/temp/fifo.2763633 ']'

NOTE: enigma2-3.12+git-r0 do_compile: make -j 32 ENIGMA2_BRANCH=scarthgap
+ printf '%b\0' 'bbnote make -j 32 ENIGMA2_BRANCH=scarthgap'
+ make -j 32 ENIGMA2_BRANCH=scarthgap

make  all-recursive

make[1]: Entering directory '/home/pli/builds/openpli-scarthgap-build-1-30-2025/openpli-oe-core/build/tmp/work/osmio4k-oe-linux-gnueabi/enigma2/3.12+git/build'

Making all in include

make[2]: Entering directory '/home/pli/builds/openpli-scarthgap-build-1-30-2025/openpli-oe-core/build/tmp/work/osmio4k-oe-linux-gnueabi/enigma2/3.12+git/build/include'
make[2]: Nothing to be done for 'all'.
make[2]: Leaving directory '/home/pli/builds/openpli-scarthgap-build-1-30-2025/openpli-oe-core/build/tmp/work/osmio4k-oe-linux-gnueabi/enigma2/3.12+git/build/include'

Making all in lib

+ OE_REVISION=80548be6

+ IMAGE_TYPE=rev
+ MACHINEBUILD=osmio4k
+ '[' '' = alphatriplehd ']'

+ '[' '' = et1x000 ']'

+ '[' '' = et1x000 ']'
+ '[' '' = h3 ']'

+ '[' '' = h4 ']'
+ '[' '' = h5 ']'

+ '[' '' = h6 ']'

+ '[' '' = h7 ']'
+ '[' '' = h8 ']'

+ '[' '' = h9 ']'

+ '[' '' = h9combo ']'

+ '[' '' = h9combose ']'

+ '[' '' = h9se ']'

+ '[' '' = hd11 ']'

+ '[' '' = hd1100 ']'
+ '[' '' = hd1200 ']'

+ '[' '' = hd1265 ']'

+ '[' '' = hd1500 ']'

+ '[' '' = hd2400 ']'

+ '[' '' = hd500c ']'

+ '[' '' = hd530c ']'

+ '[' '' = hd60 ']'

+ '[' '' = hd66se ']'
+ '[' '' = i55 ']'

+ '[' '' = i55plus ']'

+ '[' '' = i55se ']'

+ '[' '' = lc ']'
+ '[' '' = lunix3-4k ']'

+ '[' '' = multibox ']'

+ '[' '' = multiboxse ']'

+ '[' '' = sh1 ']'
+ '[' '' = vs1000 ']'

+ '[' '' = vs1500 ']'

+ '[' '' = xp1000 ']'

+ '[' '' = xpeedc ']'

+ DRIVERSDATE=N/A

+ '[' osmio4k = vusolo4k -o osmio4k = vusolo2 -o osmio4k = vusolose -o osmio4k = vuduo2 -o osmio4k = vuuno4k -o osmio4k = vuuno4kse -o osmio4k = vuultimo4k -o osmio4k = vuzero4k -o osmio4k = vuduo4k -o osmio4k = vuduo4kse ']'
+ '[' osmio4k = dm8000 ']'

+ '[' osmio4k = hd2400 ']'

+ '[' osmio4k = bre2ze4k ']'

+ '[' osmio4k = et1x000 -o osmio4k = et7000mini ']'
+ '[' osmio4k = gbquad4k -o osmio4k = gbue4k ']'

+ '[' osmio4k = xpeedc ']'

+ '[' Edision = AB-COM ']'

+ '[' Edision = AMIKO ']'
+ '[' Edision = AXAS ']'

+ '[' Edision = Edision ']'

++ grep 'SRCDATE = ' /home/pli/builds/openpli-scarthgap-build-1-30-2025/openpli-oe-core/meta-edision/recipes-bsp/drivers/edision-dvb-modules-osmio4k.bb

++ cut -b 12-19

+ DRIVERSDATE=20211103

+ install -d /home/pli/builds/openpli-scarthgap-build-1-30-2025/openpli-oe-core/build/tmp/work/osmio4k-oe-linux-gnueabi/enigma-info/6/image/usr/lib

+ printf 'architecture='\''armv7vehf-neon-vfpv4'\''\n'

+ printf 'avjack=False\n'

+ printf 'blindscanbinary='\''blindscan'\''\n'

+ printf 'brand='\''edision'\''\n'

+ printf 'ci=False\n'

+ printf 'compiledate='\''20250306'\''\n'

+ printf 'dboxlcd=True\n'

+ printf 'developername='\''TNAP'\''\n'

+ printf 'displaybrand='\''Edision'\''\n'

+ printf 'displaydistro='\''TNAP'\''\n'

+ printf 'displaymodel='\''OS mio 4k'\''\n'

+ printf 'displaytype='\''7segment'\''\n'

+ printf 'distro='\''TNAP'\''\n'

+ printf 'driversdate='\''20211103'\''\n'

+ printf 'dvi=False\n'

+ printf 'feedsurl='\''http://162.216.113.217/tnap6'\''\n'

+ printf 'fhdskin=True\n'

+ printf 'forcemode=no\n'

+ printf 'fpu='\''hard'\''\n'

+ printf 'friendlyfamily='\''osmio4k'\''\n'

+ printf 'hdmi=True\n'

+ printf 'hdmifhdin=False\n'

+ printf 'hdmihdin=False\n'

+ printf 'hdmistandbymode=0\n'

+ printf 'imagebuild='\''80548be6'\''\n'

+ printf 'imagedevbuild='\'''\''\n'

+ printf 'imagedir='\''osmio4k'\''\n'

+ printf 'imagefs='\''emmcimg tar.bz2'\''\n'

+ printf 'imagetype='\''rev'\''\n'

+ printf 'imageversion='\''6'\''\n'

+ printf 'imglanguage=multilang\n'

+ printf 'imgrevision='\''80548be6'\''\n'

+ printf 'imgversion='\''6'\''\n'

+ printf 'kernel='\''5.15.0'\''\n'

+ printf 'kexecmb=False\n'

+ printf 'kernelfile='\''kernel.bin'\''\n'

+ printf 'machine='\''osmio4k'\''\n'

+ printf 'machinebuild='\''osmio4k'\''\n'

+ printf 'mediaservice='\''servicegstreamer'\''\n'

+ printf 'middleflash=False\n'

+ printf 'mkubifs=\n'

+ printf 'model=osmio4k\n'

+ printf 'mtdbootfs='\''mmcblk1p1'\''\n'

+ printf 'mtdkernel='\''mmcblk1p2'\''\n'

+ printf 'mtdrootfs='\''mmcblk1p3'\''\n'

+ printf 'multilib=False\n'

+ printf 'multitranscoding=False\n'

+ printf 'oe='\''dda0d53326 (5.0.6)'\''\n'

+ printf 'platform='\''osmio4k'\''\n'

+ printf 'python='\''3.12.8'\''\n'

+ printf 'rca=False\n'

+ printf 'rcidnum=2\n'

+ printf 'rcname='\''dmm1'\''\n'

+ printf 'rctype=0\n'

+ printf 'rootfile='\''rootfs.tar.bz2'\''\n'

+ printf 'scart=False\n'

+ printf 'noscartswitch=\n'

+ printf 'scartyuv=False\n'

+ printf 'smallflash=False\n'

+ printf 'socfamily='\''bcm72604'\''\n'

+ printf 'svideo=False\n'

+ printf 'timerwakeupmode=0\n'

+ printf 'transcoding=False\n'

+ printf 'ubinize='\'''\''\n'

+ printf 'vfdsymbol=False\n'

+ printf 'wol=False\n'

+ printf 'wwol=False\n'

+ printf 'yocto='\''5.0.6'\''\n'

+ printf 'yuv=False\n'

++ md5sum /home/pli/builds/openpli-scarthgap-build-1-30-2025/openpli-oe-core/build/tmp/work/osmio4k-oe-linux-gnueabi/enigma-info/6/image/usr/lib/enigma.info

++ awk '{print $1}'

+ printf 'checksum=%s\n' 5d19695d36001713f0903c55505e0956

+ ret=0

+ trap '' 0

+ exit 0

+ remove_libtool_la

+ '[' 1 '!=' 0 ']'
+ find /home/pli/builds/openpli-scarthgap-build-1-30-2025/openpli-oe-core/build/tmp/work/osmio4k-oe-linux-gnueabi/enigma-info/6/image -ignore_readdir_race -name '*.la' -delete

+ ret=0

+ trap '' 0
+ exit 0

make[2]: Entering directory '/home/pli/builds/openpli-scarthgap-build-1-30-2025/openpli-oe-core/build/tmp/work/osmio4k-oe-linux-gnueabi/enigma2/3.12+git/build/lib'
make  all-recursive

NOTE: recipe enigma-info-6-r0: task do_install: Succeeded
NOTE: Running task 5140 of 6378 (/home/pli/builds/openpli-scarthgap-build-1-30-2025/openpli-oe-core/meta-openpli/recipes-openpli/enigma2/enigma-info.bb:do_deploy)
NOTE: Running task 5141 of 6378 (/home/pli/builds/openpli-scarthgap-build-1-30-2025/openpli-oe-core/meta-openpli/recipes-openpli/enigma2/enigma-info.bb:do_populate_sysroot)
make[3]: Entering directory '/home/pli/builds/openpli-scarthgap-build-1-30-2025/openpli-oe-core/build/tmp/work/osmio4k-oe-linux-gnueabi/enigma2/3.12+git/build/lib'

Making all in python

make[4]: Entering directory '/home/pli/builds/openpli-scarthgap-build-1-30-2025/openpli-oe-core/build/tmp/work/osmio4k-oe-linux-gnueabi/enigma2/3.12+git/build/lib/python'

Making all in Components

make[5]: Entering directory '/home/pli/builds/openpli-scarthgap-build-1-30-2025/openpli-oe-core/build/tmp/work/osmio4k-oe-linux-gnueabi/enigma2/3.12+git/build/lib/python/Components'

Making all in Sources

make[6]: Entering directory '/home/pli/builds/openpli-scarthgap-build-1-30-2025/openpli-oe-core/build/tmp/work/osmio4k-oe-linux-gnueabi/enigma2/3.12+git/build/lib/python/Components/Sources'
make[6]: Nothing to be done for 'all'.
make[6]: Leaving directory '/home/pli/builds/openpli-scarthgap-build-1-30-2025/openpli-oe-core/build/tmp/work/osmio4k-oe-linux-gnueabi/enigma2/3.12+git/build/lib/python/Components/Sources'

Making all in Converter

make[6]: Entering directory '/home/pli/builds/openpli-scarthgap-build-1-30-2025/openpli-oe-core/build/tmp/work/osmio4k-oe-linux-gnueabi/enigma2/3.12+git/build/lib/python/Components/Converter'
make[6]: Nothing to be done for 'all'.
make[6]: Leaving directory '/home/pli/builds/openpli-scarthgap-build-1-30-2025/openpli-oe-core/build/tmp/work/osmio4k-oe-linux-gnueabi/enigma2/3.12+git/build/lib/python/Components/Converter'

Making all in Renderer

make[6]: Entering directory '/home/pli/builds/openpli-scarthgap-build-1-30-2025/openpli-oe-core/build/tmp/work/osmio4k-oe-linux-gnueabi/enigma2/3.12+git/build/lib/python/Components/Renderer'
make[6]: Nothing to be done for 'all'.
make[6]: Leaving directory '/home/pli/builds/openpli-scarthgap-build-1-30-2025/openpli-oe-core/build/tmp/work/osmio4k-oe-linux-gnueabi/enigma2/3.12+git/build/lib/python/Components/Renderer'

Making all in Addons

make[6]: Entering directory '/home/pli/builds/openpli-scarthgap-build-1-30-2025/openpli-oe-core/build/tmp/work/osmio4k-oe-linux-gnueabi/enigma2/3.12+git/build/lib/python/Components/Addons'
make[6]: Nothing to be done for 'all'.
make[6]: Leaving directory '/home/pli/builds/openpli-scarthgap-build-1-30-2025/openpli-oe-core/build/tmp/work/osmio4k-oe-linux-gnueabi/enigma2/3.12+git/build/lib/python/Components/Addons'

make[6]: Entering directory '/home/pli/builds/openpli-scarthgap-build-1-30-2025/openpli-oe-core/build/tmp/work/osmio4k-oe-linux-gnueabi/enigma2/3.12+git/build/lib/python/Components'
make[6]: Nothing to be done for 'all-am'.
make[6]: Leaving directory '/home/pli/builds/openpli-scarthgap-build-1-30-2025/openpli-oe-core/build/tmp/work/osmio4k-oe-linux-gnueabi/enigma2/3.12+git/build/lib/python/Components'

make[5]: Leaving directory '/home/pli/builds/openpli-scarthgap-build-1-30-2025/openpli-oe-core/build/tmp/work/osmio4k-oe-linux-gnueabi/enigma2/3.12+git/build/lib/python/Components'

Making all in Tools

make[5]: Entering directory '/home/pli/builds/openpli-scarthgap-build-1-30-2025/openpli-oe-core/build/tmp/work/osmio4k-oe-linux-gnueabi/enigma2/3.12+git/build/lib/python/Tools'
make[5]: Nothing to be done for 'all'.
make[5]: Leaving directory '/home/pli/builds/openpli-scarthgap-build-1-30-2025/openpli-oe-core/build/tmp/work/osmio4k-oe-linux-gnueabi/enigma2/3.12+git/build/lib/python/Tools'

Making all in Screens

make[5]: Entering directory '/home/pli/builds/openpli-scarthgap-build-1-30-2025/openpli-oe-core/build/tmp/work/osmio4k-oe-linux-gnueabi/enigma2/3.12+git/build/lib/python/Screens'
make[5]: Nothing to be done for 'all'.
make[5]: Leaving directory '/home/pli/builds/openpli-scarthgap-build-1-30-2025/openpli-oe-core/build/tmp/work/osmio4k-oe-linux-gnueabi/enigma2/3.12+git/build/lib/python/Screens'

Making all in Plugins

make[5]: Entering directory '/home/pli/builds/openpli-scarthgap-build-1-30-2025/openpli-oe-core/build/tmp/work/osmio4k-oe-linux-gnueabi/enigma2/3.12+git/build/lib/python/Plugins'

Making all in Extensions

make[6]: Entering directory '/home/pli/builds/openpli-scarthgap-build-1-30-2025/openpli-oe-core/build/tmp/work/osmio4k-oe-linux-gnueabi/enigma2/3.12+git/build/lib/python/Plugins/Extensions'

Making all in CutListEditor

make[7]: Entering directory '/home/pli/builds/openpli-scarthgap-build-1-30-2025/openpli-oe-core/build/tmp/work/osmio4k-oe-linux-gnueabi/enigma2/3.12+git/build/lib/python/Plugins/Extensions/CutListEditor'

Making all in meta

make[8]: Entering directory '/home/pli/builds/openpli-scarthgap-build-1-30-2025/openpli-oe-core/build/tmp/work/osmio4k-oe-linux-gnueabi/enigma2/3.12+git/build/lib/python/Plugins/Extensions/CutListEditor/meta'
make[8]: Nothing to be done for 'all'.
make[8]: Leaving directory '/home/pli/builds/openpli-scarthgap-build-1-30-2025/openpli-oe-core/build/tmp/work/osmio4k-oe-linux-gnueabi/enigma2/3.12+git/build/lib/python/Plugins/Extensions/CutListEditor/meta'

make[8]: Entering directory '/home/pli/builds/openpli-scarthgap-build-1-30-2025/openpli-oe-core/build/tmp/work/osmio4k-oe-linux-gnueabi/enigma2/3.12+git/build/lib/python/Plugins/Extensions/CutListEditor'
make[8]: Nothing to be done for 'all-am'.
make[8]: Leaving directory '/home/pli/builds/openpli-scarthgap-build-1-30-2025/openpli-oe-core/build/tmp/work/osmio4k-oe-linux-gnueabi/enigma2/3.12+git/build/lib/python/Plugins/Extensions/CutListEditor'

make[7]: Leaving directory '/home/pli/builds/openpli-scarthgap-build-1-30-2025/openpli-oe-core/build/tmp/work/osmio4k-oe-linux-gnueabi/enigma2/3.12+git/build/lib/python/Plugins/Extensions/CutListEditor'

Making all in PicturePlayer

make[7]: Entering directory '/home/pli/builds/openpli-scarthgap-build-1-30-2025/openpli-oe-core/build/tmp/work/osmio4k-oe-linux-gnueabi/enigma2/3.12+git/build/lib/python/Plugins/Extensions/PicturePlayer'

NOTE: recipe enigma-info-6-r0: task do_deploy: Started
Making all in data

make[8]: Entering directory '/home/pli/builds/openpli-scarthgap-build-1-30-2025/openpli-oe-core/build/tmp/work/osmio4k-oe-linux-gnueabi/enigma2/3.12+git/build/lib/python/Plugins/Extensions/PicturePlayer/data'
make[8]: Nothing to be done for 'all'.
make[8]: Leaving directory '/home/pli/builds/openpli-scarthgap-build-1-30-2025/openpli-oe-core/build/tmp/work/osmio4k-oe-linux-gnueabi/enigma2/3.12+git/build/lib/python/Plugins/Extensions/PicturePlayer/data'

Making all in meta

NOTE: recipe enigma-info-6-r0: task do_populate_sysroot: Started
make[8]: Entering directory '/home/pli/builds/openpli-scarthgap-build-1-30-2025/openpli-oe-core/build/tmp/work/osmio4k-oe-linux-gnueabi/enigma2/3.12+git/build/lib/python/Plugins/Extensions/PicturePlayer/meta'
make[8]: Nothing to be done for 'all'.
make[8]: Leaving directory '/home/pli/builds/openpli-scarthgap-build-1-30-2025/openpli-oe-core/build/tmp/work/osmio4k-oe-linux-gnueabi/enigma2/3.12+git/build/lib/python/Plugins/Extensions/PicturePlayer/meta'

make[8]: Entering directory '/home/pli/builds/openpli-scarthgap-build-1-30-2025/openpli-oe-core/build/tmp/work/osmio4k-oe-linux-gnueabi/enigma2/3.12+git/build/lib/python/Plugins/Extensions/PicturePlayer'
make[8]: Nothing to be done for 'all-am'.
make[8]: Leaving directory '/home/pli/builds/openpli-scarthgap-build-1-30-2025/openpli-oe-core/build/tmp/work/osmio4k-oe-linux-gnueabi/enigma2/3.12+git/build/lib/python/Plugins/Extensions/PicturePlayer'

make[7]: Leaving directory '/home/pli/builds/openpli-scarthgap-build-1-30-2025/openpli-oe-core/build/tmp/work/osmio4k-oe-linux-gnueabi/enigma2/3.12+git/build/lib/python/Plugins/Extensions/PicturePlayer'

Making all in MediaScanner

make[7]: Entering directory '/home/pli/builds/openpli-scarthgap-build-1-30-2025/openpli-oe-core/build/tmp/work/osmio4k-oe-linux-gnueabi/enigma2/3.12+git/build/lib/python/Plugins/Extensions/MediaScanner'

Making all in meta

make[8]: Entering directory '/home/pli/builds/openpli-scarthgap-build-1-30-2025/openpli-oe-core/build/tmp/work/osmio4k-oe-linux-gnueabi/enigma2/3.12+git/build/lib/python/Plugins/Extensions/MediaScanner/meta'
make[8]: Nothing to be done for 'all'.
make[8]: Leaving directory '/home/pli/builds/openpli-scarthgap-build-1-30-2025/openpli-oe-core/build/tmp/work/osmio4k-oe-linux-gnueabi/enigma2/3.12+git/build/lib/python/Plugins/Extensions/MediaScanner/meta'

make[8]: Entering directory '/home/pli/builds/openpli-scarthgap-build-1-30-2025/openpli-oe-core/build/tmp/work/osmio4k-oe-linux-gnueabi/enigma2/3.12+git/build/lib/python/Plugins/Extensions/MediaScanner'
make[8]: Nothing to be done for 'all-am'.
make[8]: Leaving directory '/home/pli/builds/openpli-scarthgap-build-1-30-2025/openpli-oe-core/build/tmp/work/osmio4k-oe-linux-gnueabi/enigma2/3.12+git/build/lib/python/Plugins/Extensions/MediaScanner'

make[7]: Leaving directory '/home/pli/builds/openpli-scarthgap-build-1-30-2025/openpli-oe-core/build/tmp/work/osmio4k-oe-linux-gnueabi/enigma2/3.12+git/build/lib/python/Plugins/Extensions/MediaScanner'

Making all in MediaPlayer

make[7]: Entering directory '/home/pli/builds/openpli-scarthgap-build-1-30-2025/openpli-oe-core/build/tmp/work/osmio4k-oe-linux-gnueabi/enigma2/3.12+git/build/lib/python/Plugins/Extensions/MediaPlayer'

Making all in meta

make[8]: Entering directory '/home/pli/builds/openpli-scarthgap-build-1-30-2025/openpli-oe-core/build/tmp/work/osmio4k-oe-linux-gnueabi/enigma2/3.12+git/build/lib/python/Plugins/Extensions/MediaPlayer/meta'
make[8]: Nothing to be done for 'all'.
make[8]: Leaving directory '/home/pli/builds/openpli-scarthgap-build-1-30-2025/openpli-oe-core/build/tmp/work/osmio4k-oe-linux-gnueabi/enigma2/3.12+git/build/lib/python/Plugins/Extensions/MediaPlayer/meta'

make[8]: Entering directory '/home/pli/builds/openpli-scarthgap-build-1-30-2025/openpli-oe-core/build/tmp/work/osmio4k-oe-linux-gnueabi/enigma2/3.12+git/build/lib/python/Plugins/Extensions/MediaPlayer'
make[8]: Nothing to be done for 'all-am'.
make[8]: Leaving directory '/home/pli/builds/openpli-scarthgap-build-1-30-2025/openpli-oe-core/build/tmp/work/osmio4k-oe-linux-gnueabi/enigma2/3.12+git/build/lib/python/Plugins/Extensions/MediaPlayer'

make[7]: Leaving directory '/home/pli/builds/openpli-scarthgap-build-1-30-2025/openpli-oe-core/build/tmp/work/osmio4k-oe-linux-gnueabi/enigma2/3.12+git/build/lib/python/Plugins/Extensions/MediaPlayer'

Making all in GraphMultiEPG

make[7]: Entering directory '/home/pli/builds/openpli-scarthgap-build-1-30-2025/openpli-oe-core/build/tmp/work/osmio4k-oe-linux-gnueabi/enigma2/3.12+git/build/lib/python/Plugins/Extensions/GraphMultiEPG'

Making all in meta

make[8]: Entering directory '/home/pli/builds/openpli-scarthgap-build-1-30-2025/openpli-oe-core/build/tmp/work/osmio4k-oe-linux-gnueabi/enigma2/3.12+git/build/lib/python/Plugins/Extensions/GraphMultiEPG/meta'
make[8]: Nothing to be done for 'all'.
make[8]: Leaving directory '/home/pli/builds/openpli-scarthgap-build-1-30-2025/openpli-oe-core/build/tmp/work/osmio4k-oe-linux-gnueabi/enigma2/3.12+git/build/lib/python/Plugins/Extensions/GraphMultiEPG/meta'

make[8]: Entering directory '/home/pli/builds/openpli-scarthgap-build-1-30-2025/openpli-oe-core/build/tmp/work/osmio4k-oe-linux-gnueabi/enigma2/3.12+git/build/lib/python/Plugins/Extensions/GraphMultiEPG'
make[8]: Nothing to be done for 'all-am'.
make[8]: Leaving directory '/home/pli/builds/openpli-scarthgap-build-1-30-2025/openpli-oe-core/build/tmp/work/osmio4k-oe-linux-gnueabi/enigma2/3.12+git/build/lib/python/Plugins/Extensions/GraphMultiEPG'

make[7]: Leaving directory '/home/pli/builds/openpli-scarthgap-build-1-30-2025/openpli-oe-core/build/tmp/work/osmio4k-oe-linux-gnueabi/enigma2/3.12+git/build/lib/python/Plugins/Extensions/GraphMultiEPG'

Making all in SocketMMI

make[7]: Entering directory '/home/pli/builds/openpli-scarthgap-build-1-30-2025/openpli-oe-core/build/tmp/work/osmio4k-oe-linux-gnueabi/enigma2/3.12+git/build/lib/python/Plugins/Extensions/SocketMMI'

Making all in src

NOTE: enigma-info-6-r0 do_populate_sysroot: Direct dependencies are ['/home/pli/builds/openpli-scarthgap-build-1-30-2025/openpli-oe-core/openembedded-core/meta/recipes-devtools/binutils/binutils-cross_2.42.bb:do_populate_sysroot', 'virtual:native:/home/pli/builds/openpli-scarthgap-build-1-30-2025/openpli-oe-core/openembedded-core/meta/recipes-devtools/pseudo/pseudo_git.bb:do_populate_sysroot']
NOTE: enigma-info-6-r0 do_populate_sysroot: Installed into sysroot: ['binutils-cross-arm', 'm4-native', 'zlib-native', 'flex-native', 'gnu-config-native']
NOTE: enigma-info-6-r0 do_populate_sysroot: Skipping as already exists in sysroot: ['gettext-minimal-native', 'libtool-native', 'texinfo-dummy-native', 'pseudo-native', 'xz-native', 'attr-native', 'sqlite3-native']


+ do_deploy

+ install -d /home/pli/builds/openpli-scarthgap-build-1-30-2025/openpli-oe-core/build/tmp/deploy/images/osmio4k/../../enigma-info

+ install -m 0644 /home/pli/builds/openpli-scarthgap-build-1-30-2025/openpli-oe-core/build/tmp/work/osmio4k-oe-linux-gnueabi/enigma-info/6/image/usr/lib/enigma.info /home/pli/builds/openpli-scarthgap-build-1-30-2025/openpli-oe-core/build/tmp/deploy/images/osmio4k/../../enigma-info/osmio4k.txt

+ ret=0

+ trap '' 0

+ exit 0

make[8]: Entering directory '/home/pli/builds/openpli-scarthgap-build-1-30-2025/openpli-oe-core/build/tmp/work/osmio4k-oe-linux-gnueabi/enigma2/3.12+git/build/lib/python/Plugins/Extensions/SocketMMI/src'
make[8]: Nothing to be done for 'all'.
make[8]: Leaving directory '/home/pli/builds/openpli-scarthgap-build-1-30-2025/openpli-oe-core/build/tmp/work/osmio4k-oe-linux-gnueabi/enigma2/3.12+git/build/lib/python/Plugins/Extensions/SocketMMI/src'

Making all in meta

make[8]: Entering directory '/home/pli/builds/openpli-scarthgap-build-1-30-2025/openpli-oe-core/build/tmp/work/osmio4k-oe-linux-gnueabi/enigma2/3.12+git/build/lib/python/Plugins/Extensions/SocketMMI/meta'
make[8]: Nothing to be done for 'all'.
make[8]: Leaving directory '/home/pli/builds/openpli-scarthgap-build-1-30-2025/openpli-oe-core/build/tmp/work/osmio4k-oe-linux-gnueabi/enigma2/3.12+git/build/lib/python/Plugins/Extensions/SocketMMI/meta'

make[8]: Entering directory '/home/pli/builds/openpli-scarthgap-build-1-30-2025/openpli-oe-core/build/tmp/work/osmio4k-oe-linux-gnueabi/enigma2/3.12+git/build/lib/python/Plugins/Extensions/SocketMMI'
make[8]: Nothing to be done for 'all-am'.
make[8]: Leaving directory '/home/pli/builds/openpli-scarthgap-build-1-30-2025/openpli-oe-core/build/tmp/work/osmio4k-oe-linux-gnueabi/enigma2/3.12+git/build/lib/python/Plugins/Extensions/SocketMMI'

make[7]: Leaving directory '/home/pli/builds/openpli-scarthgap-build-1-30-2025/openpli-oe-core/build/tmp/work/osmio4k-oe-linux-gnueabi/enigma2/3.12+git/build/lib/python/Plugins/Extensions/SocketMMI'

Making all in DVDBurn

make[7]: Entering directory '/home/pli/builds/openpli-scarthgap-build-1-30-2025/openpli-oe-core/build/tmp/work/osmio4k-oe-linux-gnueabi/enigma2/3.12+git/build/lib/python/Plugins/Extensions/DVDBurn'

Making all in meta

make[8]: Entering directory '/home/pli/builds/openpli-scarthgap-build-1-30-2025/openpli-oe-core/build/tmp/work/osmio4k-oe-linux-gnueabi/enigma2/3.12+git/build/lib/python/Plugins/Extensions/DVDBurn/meta'
make[8]: Nothing to be done for 'all'.
make[8]: Leaving directory '/home/pli/builds/openpli-scarthgap-build-1-30-2025/openpli-oe-core/build/tmp/work/osmio4k-oe-linux-gnueabi/enigma2/3.12+git/build/lib/python/Plugins/Extensions/DVDBurn/meta'

make[8]: Entering directory '/home/pli/builds/openpli-scarthgap-build-1-30-2025/openpli-oe-core/build/tmp/work/osmio4k-oe-linux-gnueabi/enigma2/3.12+git/build/lib/python/Plugins/Extensions/DVDBurn'
make[8]: Nothing to be done for 'all-am'.
make[8]: Leaving directory '/home/pli/builds/openpli-scarthgap-build-1-30-2025/openpli-oe-core/build/tmp/work/osmio4k-oe-linux-gnueabi/enigma2/3.12+git/build/lib/python/Plugins/Extensions/DVDBurn'

make[7]: Leaving directory '/home/pli/builds/openpli-scarthgap-build-1-30-2025/openpli-oe-core/build/tmp/work/osmio4k-oe-linux-gnueabi/enigma2/3.12+git/build/lib/python/Plugins/Extensions/DVDBurn'

Making all in DVDPlayer

make[7]: Entering directory '/home/pli/builds/openpli-scarthgap-build-1-30-2025/openpli-oe-core/build/tmp/work/osmio4k-oe-linux-gnueabi/enigma2/3.12+git/build/lib/python/Plugins/Extensions/DVDPlayer'
make[7]: Nothing to be done for 'all'.
make[7]: Leaving directory '/home/pli/builds/openpli-scarthgap-build-1-30-2025/openpli-oe-core/build/tmp/work/osmio4k-oe-linux-gnueabi/enigma2/3.12+git/build/lib/python/Plugins/Extensions/DVDPlayer'

make[7]: Entering directory '/home/pli/builds/openpli-scarthgap-build-1-30-2025/openpli-oe-core/build/tmp/work/osmio4k-oe-linux-gnueabi/enigma2/3.12+git/build/lib/python/Plugins/Extensions'
make[7]: Nothing to be done for 'all-am'.
make[7]: Leaving directory '/home/pli/builds/openpli-scarthgap-build-1-30-2025/openpli-oe-core/build/tmp/work/osmio4k-oe-linux-gnueabi/enigma2/3.12+git/build/lib/python/Plugins/Extensions'

make[6]: Leaving directory '/home/pli/builds/openpli-scarthgap-build-1-30-2025/openpli-oe-core/build/tmp/work/osmio4k-oe-linux-gnueabi/enigma2/3.12+git/build/lib/python/Plugins/Extensions'

Making all in SystemPlugins

make[6]: Entering directory '/home/pli/builds/openpli-scarthgap-build-1-30-2025/openpli-oe-core/build/tmp/work/osmio4k-oe-linux-gnueabi/enigma2/3.12+git/build/lib/python/Plugins/SystemPlugins'

Making all in SoftwareManager

make[7]: Entering directory '/home/pli/builds/openpli-scarthgap-build-1-30-2025/openpli-oe-core/build/tmp/work/osmio4k-oe-linux-gnueabi/enigma2/3.12+git/build/lib/python/Plugins/SystemPlugins/SoftwareManager'

NOTE: recipe enigma-info-6-r0: task do_deploy: Succeeded
Making all in meta

make[8]: Entering directory '/home/pli/builds/openpli-scarthgap-build-1-30-2025/openpli-oe-core/build/tmp/work/osmio4k-oe-linux-gnueabi/enigma2/3.12+git/build/lib/python/Plugins/SystemPlugins/SoftwareManager/meta'
make[8]: Nothing to be done for 'all'.
make[8]: Leaving directory '/home/pli/builds/openpli-scarthgap-build-1-30-2025/openpli-oe-core/build/tmp/work/osmio4k-oe-linux-gnueabi/enigma2/3.12+git/build/lib/python/Plugins/SystemPlugins/SoftwareManager/meta'

make[8]: Entering directory '/home/pli/builds/openpli-scarthgap-build-1-30-2025/openpli-oe-core/build/tmp/work/osmio4k-oe-linux-gnueabi/enigma2/3.12+git/build/lib/python/Plugins/SystemPlugins/SoftwareManager'
make[8]: Nothing to be done for 'all-am'.
make[8]: Leaving directory '/home/pli/builds/openpli-scarthgap-build-1-30-2025/openpli-oe-core/build/tmp/work/osmio4k-oe-linux-gnueabi/enigma2/3.12+git/build/lib/python/Plugins/SystemPlugins/SoftwareManager'

make[7]: Leaving directory '/home/pli/builds/openpli-scarthgap-build-1-30-2025/openpli-oe-core/build/tmp/work/osmio4k-oe-linux-gnueabi/enigma2/3.12+git/build/lib/python/Plugins/SystemPlugins/SoftwareManager'

Making all in PositionerSetup

make[7]: Entering directory '/home/pli/builds/openpli-scarthgap-build-1-30-2025/openpli-oe-core/build/tmp/work/osmio4k-oe-linux-gnueabi/enigma2/3.12+git/build/lib/python/Plugins/SystemPlugins/PositionerSetup'

NOTE: Running task 5637 of 6378 (/home/pli/builds/openpli-scarthgap-build-1-30-2025/openpli-oe-core/meta-openpli/recipes-openpli/enigma2/enigma-info.bb:do_package)
Making all in meta

make[8]: Entering directory '/home/pli/builds/openpli-scarthgap-build-1-30-2025/openpli-oe-core/build/tmp/work/osmio4k-oe-linux-gnueabi/enigma2/3.12+git/build/lib/python/Plugins/SystemPlugins/PositionerSetup/meta'
make[8]: Nothing to be done for 'all'.
make[8]: Leaving directory '/home/pli/builds/openpli-scarthgap-build-1-30-2025/openpli-oe-core/build/tmp/work/osmio4k-oe-linux-gnueabi/enigma2/3.12+git/build/lib/python/Plugins/SystemPlugins/PositionerSetup/meta'

make[8]: Entering directory '/home/pli/builds/openpli-scarthgap-build-1-30-2025/openpli-oe-core/build/tmp/work/osmio4k-oe-linux-gnueabi/enigma2/3.12+git/build/lib/python/Plugins/SystemPlugins/PositionerSetup'
make[8]: Nothing to be done for 'all-am'.
make[8]: Leaving directory '/home/pli/builds/openpli-scarthgap-build-1-30-2025/openpli-oe-core/build/tmp/work/osmio4k-oe-linux-gnueabi/enigma2/3.12+git/build/lib/python/Plugins/SystemPlugins/PositionerSetup'

make[7]: Leaving directory '/home/pli/builds/openpli-scarthgap-build-1-30-2025/openpli-oe-core/build/tmp/work/osmio4k-oe-linux-gnueabi/enigma2/3.12+git/build/lib/python/Plugins/SystemPlugins/PositionerSetup'

Making all in Satfinder

make[7]: Entering directory '/home/pli/builds/openpli-scarthgap-build-1-30-2025/openpli-oe-core/build/tmp/work/osmio4k-oe-linux-gnueabi/enigma2/3.12+git/build/lib/python/Plugins/SystemPlugins/Satfinder'

Making all in meta

make[8]: Entering directory '/home/pli/builds/openpli-scarthgap-build-1-30-2025/openpli-oe-core/build/tmp/work/osmio4k-oe-linux-gnueabi/enigma2/3.12+git/build/lib/python/Plugins/SystemPlugins/Satfinder/meta'
make[8]: Nothing to be done for 'all'.
make[8]: Leaving directory '/home/pli/builds/openpli-scarthgap-build-1-30-2025/openpli-oe-core/build/tmp/work/osmio4k-oe-linux-gnueabi/enigma2/3.12+git/build/lib/python/Plugins/SystemPlugins/Satfinder/meta'

make[8]: Entering directory '/home/pli/builds/openpli-scarthgap-build-1-30-2025/openpli-oe-core/build/tmp/work/osmio4k-oe-linux-gnueabi/enigma2/3.12+git/build/lib/python/Plugins/SystemPlugins/Satfinder'
make[8]: Nothing to be done for 'all-am'.
make[8]: Leaving directory '/home/pli/builds/openpli-scarthgap-build-1-30-2025/openpli-oe-core/build/tmp/work/osmio4k-oe-linux-gnueabi/enigma2/3.12+git/build/lib/python/Plugins/SystemPlugins/Satfinder'

make[7]: Leaving directory '/home/pli/builds/openpli-scarthgap-build-1-30-2025/openpli-oe-core/build/tmp/work/osmio4k-oe-linux-gnueabi/enigma2/3.12+git/build/lib/python/Plugins/SystemPlugins/Satfinder'

Making all in SatelliteEquipmentControl

make[7]: Entering directory '/home/pli/builds/openpli-scarthgap-build-1-30-2025/openpli-oe-core/build/tmp/work/osmio4k-oe-linux-gnueabi/enigma2/3.12+git/build/lib/python/Plugins/SystemPlugins/SatelliteEquipmentControl'

Making all in meta

make[8]: Entering directory '/home/pli/builds/openpli-scarthgap-build-1-30-2025/openpli-oe-core/build/tmp/work/osmio4k-oe-linux-gnueabi/enigma2/3.12+git/build/lib/python/Plugins/SystemPlugins/SatelliteEquipmentControl/meta'
make[8]: Nothing to be done for 'all'.
make[8]: Leaving directory '/home/pli/builds/openpli-scarthgap-build-1-30-2025/openpli-oe-core/build/tmp/work/osmio4k-oe-linux-gnueabi/enigma2/3.12+git/build/lib/python/Plugins/SystemPlugins/SatelliteEquipmentControl/meta'

make[8]: Entering directory '/home/pli/builds/openpli-scarthgap-build-1-30-2025/openpli-oe-core/build/tmp/work/osmio4k-oe-linux-gnueabi/enigma2/3.12+git/build/lib/python/Plugins/SystemPlugins/SatelliteEquipmentControl'
make[8]: Nothing to be done for 'all-am'.
make[8]: Leaving directory '/home/pli/builds/openpli-scarthgap-build-1-30-2025/openpli-oe-core/build/tmp/work/osmio4k-oe-linux-gnueabi/enigma2/3.12+git/build/lib/python/Plugins/SystemPlugins/SatelliteEquipmentControl'

make[7]: Leaving directory '/home/pli/builds/openpli-scarthgap-build-1-30-2025/openpli-oe-core/build/tmp/work/osmio4k-oe-linux-gnueabi/enigma2/3.12+git/build/lib/python/Plugins/SystemPlugins/SatelliteEquipmentControl'

Making all in Videomode

make[7]: Entering directory '/home/pli/builds/openpli-scarthgap-build-1-30-2025/openpli-oe-core/build/tmp/work/osmio4k-oe-linux-gnueabi/enigma2/3.12+git/build/lib/python/Plugins/SystemPlugins/Videomode'

Making all in meta

make[8]: Entering directory '/home/pli/builds/openpli-scarthgap-build-1-30-2025/openpli-oe-core/build/tmp/work/osmio4k-oe-linux-gnueabi/enigma2/3.12+git/build/lib/python/Plugins/SystemPlugins/Videomode/meta'
make[8]: Nothing to be done for 'all'.
make[8]: Leaving directory '/home/pli/builds/openpli-scarthgap-build-1-30-2025/openpli-oe-core/build/tmp/work/osmio4k-oe-linux-gnueabi/enigma2/3.12+git/build/lib/python/Plugins/SystemPlugins/Videomode/meta'

make[8]: Entering directory '/home/pli/builds/openpli-scarthgap-build-1-30-2025/openpli-oe-core/build/tmp/work/osmio4k-oe-linux-gnueabi/enigma2/3.12+git/build/lib/python/Plugins/SystemPlugins/Videomode'
make[8]: Nothing to be done for 'all-am'.
make[8]: Leaving directory '/home/pli/builds/openpli-scarthgap-build-1-30-2025/openpli-oe-core/build/tmp/work/osmio4k-oe-linux-gnueabi/enigma2/3.12+git/build/lib/python/Plugins/SystemPlugins/Videomode'

make[7]: Leaving directory '/home/pli/builds/openpli-scarthgap-build-1-30-2025/openpli-oe-core/build/tmp/work/osmio4k-oe-linux-gnueabi/enigma2/3.12+git/build/lib/python/Plugins/SystemPlugins/Videomode'

Making all in VideoTune


+ sysroot_stage_all
+ sysroot_stage_dirs /home/pli/builds/openpli-scarthgap-build-1-30-2025/openpli-oe-core/build/tmp/work/osmio4k-oe-linux-gnueabi/enigma-info/6/image /home/pli/builds/openpli-scarthgap-build-1-30-2025/openpli-oe-core/build/tmp/work/osmio4k-oe-linux-gnueabi/enigma-info/6/sysroot-destdir
+ from=/home/pli/builds/openpli-scarthgap-build-1-30-2025/openpli-oe-core/build/tmp/work/osmio4k-oe-linux-gnueabi/enigma-info/6/image
+ to=/home/pli/builds/openpli-scarthgap-build-1-30-2025/openpli-oe-core/build/tmp/work/osmio4k-oe-linux-gnueabi/enigma-info/6/sysroot-destdir
+ for dir in /usr/include /usr/lib /lib /lib /usr/share /sysroot-only
+ sysroot_stage_dir /home/pli/builds/openpli-scarthgap-build-1-30-2025/openpli-oe-core/build/tmp/work/osmio4k-oe-linux-gnueabi/enigma-info/6/image/usr/include /home/pli/builds/openpli-scarthgap-build-1-30-2025/openpli-oe-core/build/tmp/work/osmio4k-oe-linux-gnueabi/enigma-info/6/sysroot-destdir/usr/include
+ src=/home/pli/builds/openpli-scarthgap-build-1-30-2025/openpli-oe-core/build/tmp/work/osmio4k-oe-linux-gnueabi/enigma-info/6/image/usr/include
+ dest=/home/pli/builds/openpli-scarthgap-build-1-30-2025/openpli-oe-core/build/tmp/work/osmio4k-oe-linux-gnueabi/enigma-info/6/sysroot-destdir/usr/include
+ '[' '!' -d /home/pli/builds/openpli-scarthgap-build-1-30-2025/openpli-oe-core/build/tmp/work/osmio4k-oe-linux-gnueabi/enigma-info/6/image/usr/include ']'
+ return
+ for dir in /usr/include /usr/lib /lib /lib /usr/share /sysroot-only
+ sysroot_stage_dir /home/pli/builds/openpli-scarthgap-build-1-30-2025/openpli-oe-core/build/tmp/work/osmio4k-oe-linux-gnueabi/enigma-info/6/image/usr/lib /home/pli/builds/openpli-scarthgap-build-1-30-2025/openpli-oe-core/build/tmp/work/osmio4k-oe-linux-gnueabi/enigma-info/6/sysroot-destdir/usr/lib
+ src=/home/pli/builds/openpli-scarthgap-build-1-30-2025/openpli-oe-core/build/tmp/work/osmio4k-oe-linux-gnueabi/enigma-info/6/image/usr/lib
+ dest=/home/pli/builds/openpli-scarthgap-build-1-30-2025/openpli-oe-core/build/tmp/work/osmio4k-oe-linux-gnueabi/enigma-info/6/sysroot-destdir/usr/lib
+ '[' '!' -d /home/pli/builds/openpli-scarthgap-build-1-30-2025/openpli-oe-core/build/tmp/work/osmio4k-oe-linux-gnueabi/enigma-info/6/image/usr/lib ']'
+ mkdir -p /home/pli/builds/openpli-scarthgap-build-1-30-2025/openpli-oe-core/build/tmp/work/osmio4k-oe-linux-gnueabi/enigma-info/6/sysroot-destdir/usr/lib
++ realpath --relative-to=/home/pli/builds/openpli-scarthgap-build-1-30-2025/openpli-oe-core/build/tmp/work/osmio4k-oe-linux-gnueabi/enigma-info/6/image/usr/lib /home/pli/builds/openpli-scarthgap-build-1-30-2025/openpli-oe-core/build/tmp/work/osmio4k-oe-linux-gnueabi/enigma-info/6/sysroot-destdir/usr/lib
+ rdest=../../../sysroot-destdir/usr/lib
+ cd /home/pli/builds/openpli-scarthgap-build-1-30-2025/openpli-oe-core/build/tmp/work/osmio4k-oe-linux-gnueabi/enigma-info/6/image/usr/lib
+ find . -print0
+ cpio --null -pdlu ../../../sysroot-destdir/usr/lib
0 blocks
+ for dir in /usr/include /usr/lib /lib /lib /usr/share /sysroot-only
+ sysroot_stage_dir /home/pli/builds/openpli-scarthgap-build-1-30-2025/openpli-oe-core/build/tmp/work/osmio4k-oe-linux-gnueabi/enigma-info/6/image/lib /home/pli/builds/openpli-scarthgap-build-1-30-2025/openpli-oe-core/build/tmp/work/osmio4k-oe-linux-gnueabi/enigma-info/6/sysroot-destdir/lib
+ src=/home/pli/builds/openpli-scarthgap-build-1-30-2025/openpli-oe-core/build/tmp/work/osmio4k-oe-linux-gnueabi/enigma-info/6/image/lib
+ dest=/home/pli/builds/openpli-scarthgap-build-1-30-2025/openpli-oe-core/build/tmp/work/osmio4k-oe-linux-gnueabi/enigma-info/6/sysroot-destdir/lib
+ '[' '!' -d /home/pli/builds/openpli-scarthgap-build-1-30-2025/openpli-oe-core/build/tmp/work/osmio4k-oe-linux-gnueabi/enigma-info/6/image/lib ']'
+ return
+ for dir in /usr/include /usr/lib /lib /lib /usr/share /sysroot-only
+ sysroot_stage_dir /home/pli/builds/openpli-scarthgap-build-1-30-2025/openpli-oe-core/build/tmp/work/osmio4k-oe-linux-gnueabi/enigma-info/6/image/lib /home/pli/builds/openpli-scarthgap-build-1-30-2025/openpli-oe-core/build/tmp/work/osmio4k-oe-linux-gnueabi/enigma-info/6/sysroot-destdir/lib
+ src=/home/pli/builds/openpli-scarthgap-build-1-30-2025/openpli-oe-core/build/tmp/work/osmio4k-oe-linux-gnueabi/enigma-info/6/image/lib
+ dest=/home/pli/builds/openpli-scarthgap-build-1-30-2025/openpli-oe-core/build/tmp/work/osmio4k-oe-linux-gnueabi/enigma-info/6/sysroot-destdir/lib
+ '[' '!' -d /home/pli/builds/openpli-scarthgap-build-1-30-2025/openpli-oe-core/build/tmp/work/osmio4k-oe-linux-gnueabi/enigma-info/6/image/lib ']'
+ return
+ for dir in /usr/include /usr/lib /lib /lib /usr/share /sysroot-only
+ sysroot_stage_dir /home/pli/builds/openpli-scarthgap-build-1-30-2025/openpli-oe-core/build/tmp/work/osmio4k-oe-linux-gnueabi/enigma-info/6/image/usr/share /home/pli/builds/openpli-scarthgap-build-1-30-2025/openpli-oe-core/build/tmp/work/osmio4k-oe-linux-gnueabi/enigma-info/6/sysroot-destdir/usr/share
+ src=/home/pli/builds/openpli-scarthgap-build-1-30-2025/openpli-oe-core/build/tmp/work/osmio4k-oe-linux-gnueabi/enigma-info/6/image/usr/share
+ dest=/home/pli/builds/openpli-scarthgap-build-1-30-2025/openpli-oe-core/build/tmp/work/osmio4k-oe-linux-gnueabi/enigma-info/6/sysroot-destdir/usr/share
+ '[' '!' -d /home/pli/builds/openpli-scarthgap-build-1-30-2025/openpli-oe-core/build/tmp/work/osmio4k-oe-linux-gnueabi/enigma-info/6/image/usr/share ']'
+ return
+ for dir in /usr/include /usr/lib /lib /lib /usr/share /sysroot-only
+ sysroot_stage_dir /home/pli/builds/openpli-scarthgap-build-1-30-2025/openpli-oe-core/build/tmp/work/osmio4k-oe-linux-gnueabi/enigma-info/6/image/sysroot-only /home/pli/builds/openpli-scarthgap-build-1-30-2025/openpli-oe-core/build/tmp/work/osmio4k-oe-linux-gnueabi/enigma-info/6/sysroot-destdir/sysroot-only
+ src=/home/pli/builds/openpli-scarthgap-build-1-30-2025/openpli-oe-core/build/tmp/work/osmio4k-oe-linux-gnueabi/enigma-info/6/image/sysroot-only
+ dest=/home/pli/builds/openpli-scarthgap-build-1-30-2025/openpli-oe-core/build/tmp/work/osmio4k-oe-linux-gnueabi/enigma-info/6/sysroot-destdir/sysroot-only
+ '[' '!' -d /home/pli/builds/openpli-scarthgap-build-1-30-2025/openpli-oe-core/build/tmp/work/osmio4k-oe-linux-gnueabi/enigma-info/6/image/sysroot-only ']'
+ return
+ for dir in /usr/share/man /usr/share/doc /usr/share/info /usr/share/X11/locale /usr/share/applications /usr/share/bash-completion /usr/share/fonts /usr/share/gtk-doc/html /usr/share/installed-tests /usr/share/locale /usr/share/pixmaps /usr/share/terminfo /usr/lib/enigma-info/ptest
+ rm -rf /home/pli/builds/openpli-scarthgap-build-1-30-2025/openpli-oe-core/build/tmp/work/osmio4k-oe-linux-gnueabi/enigma-info/6/sysroot-destdir/usr/share/man
+ for dir in /usr/share/man /usr/share/doc /usr/share/info /usr/share/X11/locale /usr/share/applications /usr/share/bash-completion /usr/share/fonts /usr/share/gtk-doc/html /usr/share/installed-tests /usr/share/locale /usr/share/pixmaps /usr/share/terminfo /usr/lib/enigma-info/ptest
+ rm -rf /home/pli/builds/openpli-scarthgap-build-1-30-2025/openpli-oe-core/build/tmp/work/osmio4k-oe-linux-gnueabi/enigma-info/6/sysroot-destdir/usr/share/doc
+ for dir in /usr/share/man /usr/share/doc /usr/share/info /usr/share/X11/locale /usr/share/applications /usr/share/bash-completion /usr/share/fonts /usr/share/gtk-doc/html /usr/share/installed-tests /usr/share/locale /usr/share/pixmaps /usr/share/terminfo /usr/lib/enigma-info/ptest
+ rm -rf /home/pli/builds/openpli-scarthgap-build-1-30-2025/openpli-oe-core/build/tmp/work/osmio4k-oe-linux-gnueabi/enigma-info/6/sysroot-destdir/usr/share/info
+ for dir in /usr/share/man /usr/share/doc /usr/share/info /usr/share/X11/locale /usr/share/applications /usr/share/bash-completion /usr/share/fonts /usr/share/gtk-doc/html /usr/share/installed-tests /usr/share/locale /usr/share/pixmaps /usr/share/terminfo /usr/lib/enigma-info/ptest
+ rm -rf /home/pli/builds/openpli-scarthgap-build-1-30-2025/openpli-oe-core/build/tmp/work/osmio4k-oe-linux-gnueabi/enigma-info/6/sysroot-destdir/usr/share/X11/locale
+ for dir in /usr/share/man /usr/share/doc /usr/share/info /usr/share/X11/locale /usr/share/applications /usr/share/bash-completion /usr/share/fonts /usr/share/gtk-doc/html /usr/share/installed-tests /usr/share/locale /usr/share/pixmaps /usr/share/terminfo /usr/lib/enigma-info/ptest
+ rm -rf /home/pli/builds/openpli-scarthgap-build-1-30-2025/openpli-oe-core/build/tmp/work/osmio4k-oe-linux-gnueabi/enigma-info/6/sysroot-destdir/usr/share/applications
+ for dir in /usr/share/man /usr/share/doc /usr/share/info /usr/share/X11/locale /usr/share/applications /usr/share/bash-completion /usr/share/fonts /usr/share/gtk-doc/html /usr/share/installed-tests /usr/share/locale /usr/share/pixmaps /usr/share/terminfo /usr/lib/enigma-info/ptest
+ rm -rf /home/pli/builds/openpli-scarthgap-build-1-30-2025/openpli-oe-core/build/tmp/work/osmio4k-oe-linux-gnueabi/enigma-info/6/sysroot-destdir/usr/share/bash-completion
+ for dir in /usr/share/man /usr/share/doc /usr/share/info /usr/share/X11/locale /usr/share/applications /usr/share/bash-completion /usr/share/fonts /usr/share/gtk-doc/html /usr/share/installed-tests /usr/share/locale /usr/share/pixmaps /usr/share/terminfo /usr/lib/enigma-info/ptest
+ rm -rf /home/pli/builds/openpli-scarthgap-build-1-30-2025/openpli-oe-core/build/tmp/work/osmio4k-oe-linux-gnueabi/enigma-info/6/sysroot-destdir/usr/share/fonts
+ for dir in /usr/share/man /usr/share/doc /usr/share/info /usr/share/X11/locale /usr/share/applications /usr/share/bash-completion /usr/share/fonts /usr/share/gtk-doc/html /usr/share/installed-tests /usr/share/locale /usr/share/pixmaps /usr/share/terminfo /usr/lib/enigma-info/ptest
+ rm -rf /home/pli/builds/openpli-scarthgap-build-1-30-2025/openpli-oe-core/build/tmp/work/osmio4k-oe-linux-gnueabi/enigma-info/6/sysroot-destdir/usr/share/gtk-doc/html
+ for dir in /usr/share/man /usr/share/doc /usr/share/info /usr/share/X11/locale /usr/share/applications /usr/share/bash-completion /usr/share/fonts /usr/share/gtk-doc/html /usr/share/installed-tests /usr/share/locale /usr/share/pixmaps /usr/share/terminfo /usr/lib/enigma-info/ptest
+ rm -rf /home/pli/builds/openpli-scarthgap-build-1-30-2025/openpli-oe-core/build/tmp/work/osmio4k-oe-linux-gnueabi/enigma-info/6/sysroot-destdir/usr/share/installed-tests
+ for dir in /usr/share/man /usr/share/doc /usr/share/info /usr/share/X11/locale /usr/share/applications /usr/share/bash-completion /usr/share/fonts /usr/share/gtk-doc/html /usr/share/installed-tests /usr/share/locale /usr/share/pixmaps /usr/share/terminfo /usr/lib/enigma-info/ptest
+ rm -rf /home/pli/builds/openpli-scarthgap-build-1-30-2025/openpli-oe-core/build/tmp/work/osmio4k-oe-linux-gnueabi/enigma-info/6/sysroot-destdir/usr/share/locale
+ for dir in /usr/share/man /usr/share/doc /usr/share/info /usr/share/X11/locale /usr/share/applications /usr/share/bash-completion /usr/share/fonts /usr/share/gtk-doc/html /usr/share/installed-tests /usr/share/locale /usr/share/pixmaps /usr/share/terminfo /usr/lib/enigma-info/ptest
+ rm -rf /home/pli/builds/openpli-scarthgap-build-1-30-2025/openpli-oe-core/build/tmp/work/osmio4k-oe-linux-gnueabi/enigma-info/6/sysroot-destdir/usr/share/pixmaps
+ for dir in /usr/share/man /usr/share/doc /usr/share/info /usr/share/X11/locale /usr/share/applications /usr/share/bash-completion /usr/share/fonts /usr/share/gtk-doc/html /usr/share/installed-tests /usr/share/locale /usr/share/pixmaps /usr/share/terminfo /usr/lib/enigma-info/ptest
+ rm -rf /home/pli/builds/openpli-scarthgap-build-1-30-2025/openpli-oe-core/build/tmp/work/osmio4k-oe-linux-gnueabi/enigma-info/6/sysroot-destdir/usr/share/terminfo
+ for dir in /usr/share/man /usr/share/doc /usr/share/info /usr/share/X11/locale /usr/share/applications /usr/share/bash-completion /usr/share/fonts /usr/share/gtk-doc/html /usr/share/installed-tests /usr/share/locale /usr/share/pixmaps /usr/share/terminfo /usr/lib/enigma-info/ptest
+ rm -rf /home/pli/builds/openpli-scarthgap-build-1-30-2025/openpli-oe-core/build/tmp/work/osmio4k-oe-linux-gnueabi/enigma-info/6/sysroot-destdir/usr/lib/enigma-info/ptest
+ ret=0
+ trap '' 0
+ exit 0

NOTE: enigma-info-6-r0 do_populate_sysroot: QA checking do_populate_sysroot

make[7]: Entering directory '/home/pli/builds/openpli-scarthgap-build-1-30-2025/openpli-oe-core/build/tmp/work/osmio4k-oe-linux-gnueabi/enigma2/3.12+git/build/lib/python/Plugins/SystemPlugins/VideoTune'

NOTE: enigma-info-6-r0 do_populate_sysroot: Using umask 0o002 (not 22) for sstate packaging
Making all in meta

make[8]: Entering directory '/home/pli/builds/openpli-scarthgap-build-1-30-2025/openpli-oe-core/build/tmp/work/osmio4k-oe-linux-gnueabi/enigma2/3.12+git/build/lib/python/Plugins/SystemPlugins/VideoTune/meta'
make[8]: Nothing to be done for 'all'.
make[8]: Leaving directory '/home/pli/builds/openpli-scarthgap-build-1-30-2025/openpli-oe-core/build/tmp/work/osmio4k-oe-linux-gnueabi/enigma2/3.12+git/build/lib/python/Plugins/SystemPlugins/VideoTune/meta'

make[8]: Entering directory '/home/pli/builds/openpli-scarthgap-build-1-30-2025/openpli-oe-core/build/tmp/work/osmio4k-oe-linux-gnueabi/enigma2/3.12+git/build/lib/python/Plugins/SystemPlugins/VideoTune'
make[8]: Nothing to be done for 'all-am'.
make[8]: Leaving directory '/home/pli/builds/openpli-scarthgap-build-1-30-2025/openpli-oe-core/build/tmp/work/osmio4k-oe-linux-gnueabi/enigma2/3.12+git/build/lib/python/Plugins/SystemPlugins/VideoTune'

make[7]: Leaving directory '/home/pli/builds/openpli-scarthgap-build-1-30-2025/openpli-oe-core/build/tmp/work/osmio4k-oe-linux-gnueabi/enigma2/3.12+git/build/lib/python/Plugins/SystemPlugins/VideoTune'

Making all in Hotplug

make[7]: Entering directory '/home/pli/builds/openpli-scarthgap-build-1-30-2025/openpli-oe-core/build/tmp/work/osmio4k-oe-linux-gnueabi/enigma2/3.12+git/build/lib/python/Plugins/SystemPlugins/Hotplug'


Making all in meta

make[8]: Entering directory '/home/pli/builds/openpli-scarthgap-build-1-30-2025/openpli-oe-core/build/tmp/work/osmio4k-oe-linux-gnueabi/enigma2/3.12+git/build/lib/python/Plugins/SystemPlugins/Hotplug/meta'
make[8]: Nothing to be done for 'all'.
make[8]: Leaving directory '/home/pli/builds/openpli-scarthgap-build-1-30-2025/openpli-oe-core/build/tmp/work/osmio4k-oe-linux-gnueabi/enigma2/3.12+git/build/lib/python/Plugins/SystemPlugins/Hotplug/meta'

make[8]: Entering directory '/home/pli/builds/openpli-scarthgap-build-1-30-2025/openpli-oe-core/build/tmp/work/osmio4k-oe-linux-gnueabi/enigma2/3.12+git/build/lib/python/Plugins/SystemPlugins/Hotplug'
make[8]: Nothing to be done for 'all-am'.
make[8]: Leaving directory '/home/pli/builds/openpli-scarthgap-build-1-30-2025/openpli-oe-core/build/tmp/work/osmio4k-oe-linux-gnueabi/enigma2/3.12+git/build/lib/python/Plugins/SystemPlugins/Hotplug'

make[7]: Leaving directory '/home/pli/builds/openpli-scarthgap-build-1-30-2025/openpli-oe-core/build/tmp/work/osmio4k-oe-linux-gnueabi/enigma2/3.12+git/build/lib/python/Plugins/SystemPlugins/Hotplug'

Making all in DefaultServicesScanner

make[7]: Entering directory '/home/pli/builds/openpli-scarthgap-build-1-30-2025/openpli-oe-core/build/tmp/work/osmio4k-oe-linux-gnueabi/enigma2/3.12+git/build/lib/python/Plugins/SystemPlugins/DefaultServicesScanner'

Making all in meta


make[8]: Entering directory '/home/pli/builds/openpli-scarthgap-build-1-30-2025/openpli-oe-core/build/tmp/work/osmio4k-oe-linux-gnueabi/enigma2/3.12+git/build/lib/python/Plugins/SystemPlugins/DefaultServicesScanner/meta'
make[8]: Nothing to be done for 'all'.
make[8]: Leaving directory '/home/pli/builds/openpli-scarthgap-build-1-30-2025/openpli-oe-core/build/tmp/work/osmio4k-oe-linux-gnueabi/enigma2/3.12+git/build/lib/python/Plugins/SystemPlugins/DefaultServicesScanner/meta'

NOTE: recipe enigma-info-6-r0: task do_populate_sysroot: Succeeded
make[8]: Entering directory '/home/pli/builds/openpli-scarthgap-build-1-30-2025/openpli-oe-core/build/tmp/work/osmio4k-oe-linux-gnueabi/enigma2/3.12+git/build/lib/python/Plugins/SystemPlugins/DefaultServicesScanner'
make[8]: Nothing to be done for 'all-am'.
make[8]: Leaving directory '/home/pli/builds/openpli-scarthgap-build-1-30-2025/openpli-oe-core/build/tmp/work/osmio4k-oe-linux-gnueabi/enigma2/3.12+git/build/lib/python/Plugins/SystemPlugins/DefaultServicesScanner'

make[7]: Leaving directory '/home/pli/builds/openpli-scarthgap-build-1-30-2025/openpli-oe-core/build/tmp/work/osmio4k-oe-linux-gnueabi/enigma2/3.12+git/build/lib/python/Plugins/SystemPlugins/DefaultServicesScanner'

Making all in DiseqcTester

make[7]: Entering directory '/home/pli/builds/openpli-scarthgap-build-1-30-2025/openpli-oe-core/build/tmp/work/osmio4k-oe-linux-gnueabi/enigma2/3.12+git/build/lib/python/Plugins/SystemPlugins/DiseqcTester'

Making all in meta

make[8]: Entering directory '/home/pli/builds/openpli-scarthgap-build-1-30-2025/openpli-oe-core/build/tmp/work/osmio4k-oe-linux-gnueabi/enigma2/3.12+git/build/lib/python/Plugins/SystemPlugins/DiseqcTester/meta'
make[8]: Nothing to be done for 'all'.
make[8]: Leaving directory '/home/pli/builds/openpli-scarthgap-build-1-30-2025/openpli-oe-core/build/tmp/work/osmio4k-oe-linux-gnueabi/enigma2/3.12+git/build/lib/python/Plugins/SystemPlugins/DiseqcTester/meta'

make[8]: Entering directory '/home/pli/builds/openpli-scarthgap-build-1-30-2025/openpli-oe-core/build/tmp/work/osmio4k-oe-linux-gnueabi/enigma2/3.12+git/build/lib/python/Plugins/SystemPlugins/DiseqcTester'
make[8]: Nothing to be done for 'all-am'.
make[8]: Leaving directory '/home/pli/builds/openpli-scarthgap-build-1-30-2025/openpli-oe-core/build/tmp/work/osmio4k-oe-linux-gnueabi/enigma2/3.12+git/build/lib/python/Plugins/SystemPlugins/DiseqcTester'

make[7]: Leaving directory '/home/pli/builds/openpli-scarthgap-build-1-30-2025/openpli-oe-core/build/tmp/work/osmio4k-oe-linux-gnueabi/enigma2/3.12+git/build/lib/python/Plugins/SystemPlugins/DiseqcTester'

Making all in CommonInterfaceAssignment

make[7]: Entering directory '/home/pli/builds/openpli-scarthgap-build-1-30-2025/openpli-oe-core/build/tmp/work/osmio4k-oe-linux-gnueabi/enigma2/3.12+git/build/lib/python/Plugins/SystemPlugins/CommonInterfaceAssignment'

Making all in meta

make[8]: Entering directory '/home/pli/builds/openpli-scarthgap-build-1-30-2025/openpli-oe-core/build/tmp/work/osmio4k-oe-linux-gnueabi/enigma2/3.12+git/build/lib/python/Plugins/SystemPlugins/CommonInterfaceAssignment/meta'
make[8]: Nothing to be done for 'all'.
make[8]: Leaving directory '/home/pli/builds/openpli-scarthgap-build-1-30-2025/openpli-oe-core/build/tmp/work/osmio4k-oe-linux-gnueabi/enigma2/3.12+git/build/lib/python/Plugins/SystemPlugins/CommonInterfaceAssignment/meta'

make[8]: Entering directory '/home/pli/builds/openpli-scarthgap-build-1-30-2025/openpli-oe-core/build/tmp/work/osmio4k-oe-linux-gnueabi/enigma2/3.12+git/build/lib/python/Plugins/SystemPlugins/CommonInterfaceAssignment'
make[8]: Nothing to be done for 'all-am'.
make[8]: Leaving directory '/home/pli/builds/openpli-scarthgap-build-1-30-2025/openpli-oe-core/build/tmp/work/osmio4k-oe-linux-gnueabi/enigma2/3.12+git/build/lib/python/Plugins/SystemPlugins/CommonInterfaceAssignment'

make[7]: Leaving directory '/home/pli/builds/openpli-scarthgap-build-1-30-2025/openpli-oe-core/build/tmp/work/osmio4k-oe-linux-gnueabi/enigma2/3.12+git/build/lib/python/Plugins/SystemPlugins/CommonInterfaceAssignment'

Making all in CableScan

make[7]: Entering directory '/home/pli/builds/openpli-scarthgap-build-1-30-2025/openpli-oe-core/build/tmp/work/osmio4k-oe-linux-gnueabi/enigma2/3.12+git/build/lib/python/Plugins/SystemPlugins/CableScan'
make[7]: Nothing to be done for 'all'.
make[7]: Leaving directory '/home/pli/builds/openpli-scarthgap-build-1-30-2025/openpli-oe-core/build/tmp/work/osmio4k-oe-linux-gnueabi/enigma2/3.12+git/build/lib/python/Plugins/SystemPlugins/CableScan'

Making all in FastScan

make[7]: Entering directory '/home/pli/builds/openpli-scarthgap-build-1-30-2025/openpli-oe-core/build/tmp/work/osmio4k-oe-linux-gnueabi/enigma2/3.12+git/build/lib/python/Plugins/SystemPlugins/FastScan'
make[7]: Nothing to be done for 'all'.
make[7]: Leaving directory '/home/pli/builds/openpli-scarthgap-build-1-30-2025/openpli-oe-core/build/tmp/work/osmio4k-oe-linux-gnueabi/enigma2/3.12+git/build/lib/python/Plugins/SystemPlugins/FastScan'

Making all in OSDPositionSetup

make[7]: Entering directory '/home/pli/builds/openpli-scarthgap-build-1-30-2025/openpli-oe-core/build/tmp/work/osmio4k-oe-linux-gnueabi/enigma2/3.12+git/build/lib/python/Plugins/SystemPlugins/OSDPositionSetup'
make[7]: Nothing to be done for 'all'.
make[7]: Leaving directory '/home/pli/builds/openpli-scarthgap-build-1-30-2025/openpli-oe-core/build/tmp/work/osmio4k-oe-linux-gnueabi/enigma2/3.12+git/build/lib/python/Plugins/SystemPlugins/OSDPositionSetup'

Making all in OSD3DSetup

make[7]: Entering directory '/home/pli/builds/openpli-scarthgap-build-1-30-2025/openpli-oe-core/build/tmp/work/osmio4k-oe-linux-gnueabi/enigma2/3.12+git/build/lib/python/Plugins/SystemPlugins/OSD3DSetup'
make[7]: Nothing to be done for 'all'.
make[7]: Leaving directory '/home/pli/builds/openpli-scarthgap-build-1-30-2025/openpli-oe-core/build/tmp/work/osmio4k-oe-linux-gnueabi/enigma2/3.12+git/build/lib/python/Plugins/SystemPlugins/OSD3DSetup'

Making all in HdmiCEC

make[7]: Entering directory '/home/pli/builds/openpli-scarthgap-build-1-30-2025/openpli-oe-core/build/tmp/work/osmio4k-oe-linux-gnueabi/enigma2/3.12+git/build/lib/python/Plugins/SystemPlugins/HdmiCEC'
make[7]: Nothing to be done for 'all'.
make[7]: Leaving directory '/home/pli/builds/openpli-scarthgap-build-1-30-2025/openpli-oe-core/build/tmp/work/osmio4k-oe-linux-gnueabi/enigma2/3.12+git/build/lib/python/Plugins/SystemPlugins/HdmiCEC'

Making all in VideoClippingSetup

make[7]: Entering directory '/home/pli/builds/openpli-scarthgap-build-1-30-2025/openpli-oe-core/build/tmp/work/osmio4k-oe-linux-gnueabi/enigma2/3.12+git/build/lib/python/Plugins/SystemPlugins/VideoClippingSetup'
make[7]: Nothing to be done for 'all'.
make[7]: Leaving directory '/home/pli/builds/openpli-scarthgap-build-1-30-2025/openpli-oe-core/build/tmp/work/osmio4k-oe-linux-gnueabi/enigma2/3.12+git/build/lib/python/Plugins/SystemPlugins/VideoClippingSetup'

Making all in VideoEnhancement

make[7]: Entering directory '/home/pli/builds/openpli-scarthgap-build-1-30-2025/openpli-oe-core/build/tmp/work/osmio4k-oe-linux-gnueabi/enigma2/3.12+git/build/lib/python/Plugins/SystemPlugins/VideoEnhancement'

Making all in meta

make[8]: Entering directory '/home/pli/builds/openpli-scarthgap-build-1-30-2025/openpli-oe-core/build/tmp/work/osmio4k-oe-linux-gnueabi/enigma2/3.12+git/build/lib/python/Plugins/SystemPlugins/VideoEnhancement/meta'
make[8]: Nothing to be done for 'all'.
make[8]: Leaving directory '/home/pli/builds/openpli-scarthgap-build-1-30-2025/openpli-oe-core/build/tmp/work/osmio4k-oe-linux-gnueabi/enigma2/3.12+git/build/lib/python/Plugins/SystemPlugins/VideoEnhancement/meta'

make[8]: Entering directory '/home/pli/builds/openpli-scarthgap-build-1-30-2025/openpli-oe-core/build/tmp/work/osmio4k-oe-linux-gnueabi/enigma2/3.12+git/build/lib/python/Plugins/SystemPlugins/VideoEnhancement'
make[8]: Nothing to be done for 'all-am'.
make[8]: Leaving directory '/home/pli/builds/openpli-scarthgap-build-1-30-2025/openpli-oe-core/build/tmp/work/osmio4k-oe-linux-gnueabi/enigma2/3.12+git/build/lib/python/Plugins/SystemPlugins/VideoEnhancement'

make[7]: Leaving directory '/home/pli/builds/openpli-scarthgap-build-1-30-2025/openpli-oe-core/build/tmp/work/osmio4k-oe-linux-gnueabi/enigma2/3.12+git/build/lib/python/Plugins/SystemPlugins/VideoEnhancement'

Making all in WirelessLan

make[7]: Entering directory '/home/pli/builds/openpli-scarthgap-build-1-30-2025/openpli-oe-core/build/tmp/work/osmio4k-oe-linux-gnueabi/enigma2/3.12+git/build/lib/python/Plugins/SystemPlugins/WirelessLan'

Making all in meta

make[8]: Entering directory '/home/pli/builds/openpli-scarthgap-build-1-30-2025/openpli-oe-core/build/tmp/work/osmio4k-oe-linux-gnueabi/enigma2/3.12+git/build/lib/python/Plugins/SystemPlugins/WirelessLan/meta'
make[8]: Nothing to be done for 'all'.
make[8]: Leaving directory '/home/pli/builds/openpli-scarthgap-build-1-30-2025/openpli-oe-core/build/tmp/work/osmio4k-oe-linux-gnueabi/enigma2/3.12+git/build/lib/python/Plugins/SystemPlugins/WirelessLan/meta'

make[8]: Entering directory '/home/pli/builds/openpli-scarthgap-build-1-30-2025/openpli-oe-core/build/tmp/work/osmio4k-oe-linux-gnueabi/enigma2/3.12+git/build/lib/python/Plugins/SystemPlugins/WirelessLan'
make[8]: Nothing to be done for 'all-am'.
make[8]: Leaving directory '/home/pli/builds/openpli-scarthgap-build-1-30-2025/openpli-oe-core/build/tmp/work/osmio4k-oe-linux-gnueabi/enigma2/3.12+git/build/lib/python/Plugins/SystemPlugins/WirelessLan'

make[7]: Leaving directory '/home/pli/builds/openpli-scarthgap-build-1-30-2025/openpli-oe-core/build/tmp/work/osmio4k-oe-linux-gnueabi/enigma2/3.12+git/build/lib/python/Plugins/SystemPlugins/WirelessLan'

Making all in NetworkWizard

make[7]: Entering directory '/home/pli/builds/openpli-scarthgap-build-1-30-2025/openpli-oe-core/build/tmp/work/osmio4k-oe-linux-gnueabi/enigma2/3.12+git/build/lib/python/Plugins/SystemPlugins/NetworkWizard'

Making all in meta

make[8]: Entering directory '/home/pli/builds/openpli-scarthgap-build-1-30-2025/openpli-oe-core/build/tmp/work/osmio4k-oe-linux-gnueabi/enigma2/3.12+git/build/lib/python/Plugins/SystemPlugins/NetworkWizard/meta'
make[8]: Nothing to be done for 'all'.
make[8]: Leaving directory '/home/pli/builds/openpli-scarthgap-build-1-30-2025/openpli-oe-core/build/tmp/work/osmio4k-oe-linux-gnueabi/enigma2/3.12+git/build/lib/python/Plugins/SystemPlugins/NetworkWizard/meta'

make[8]: Entering directory '/home/pli/builds/openpli-scarthgap-build-1-30-2025/openpli-oe-core/build/tmp/work/osmio4k-oe-linux-gnueabi/enigma2/3.12+git/build/lib/python/Plugins/SystemPlugins/NetworkWizard'
make[8]: Nothing to be done for 'all-am'.
make[8]: Leaving directory '/home/pli/builds/openpli-scarthgap-build-1-30-2025/openpli-oe-core/build/tmp/work/osmio4k-oe-linux-gnueabi/enigma2/3.12+git/build/lib/python/Plugins/SystemPlugins/NetworkWizard'

make[7]: Leaving directory '/home/pli/builds/openpli-scarthgap-build-1-30-2025/openpli-oe-core/build/tmp/work/osmio4k-oe-linux-gnueabi/enigma2/3.12+git/build/lib/python/Plugins/SystemPlugins/NetworkWizard'

Making all in FastChannelChange

make[7]: Entering directory '/home/pli/builds/openpli-scarthgap-build-1-30-2025/openpli-oe-core/build/tmp/work/osmio4k-oe-linux-gnueabi/enigma2/3.12+git/build/lib/python/Plugins/SystemPlugins/FastChannelChange'

Making all in meta

make[8]: Entering directory '/home/pli/builds/openpli-scarthgap-build-1-30-2025/openpli-oe-core/build/tmp/work/osmio4k-oe-linux-gnueabi/enigma2/3.12+git/build/lib/python/Plugins/SystemPlugins/FastChannelChange/meta'
make[8]: Nothing to be done for 'all'.
make[8]: Leaving directory '/home/pli/builds/openpli-scarthgap-build-1-30-2025/openpli-oe-core/build/tmp/work/osmio4k-oe-linux-gnueabi/enigma2/3.12+git/build/lib/python/Plugins/SystemPlugins/FastChannelChange/meta'

make[8]: Entering directory '/home/pli/builds/openpli-scarthgap-build-1-30-2025/openpli-oe-core/build/tmp/work/osmio4k-oe-linux-gnueabi/enigma2/3.12+git/build/lib/python/Plugins/SystemPlugins/FastChannelChange'
make[8]: Nothing to be done for 'all-am'.
make[8]: Leaving directory '/home/pli/builds/openpli-scarthgap-build-1-30-2025/openpli-oe-core/build/tmp/work/osmio4k-oe-linux-gnueabi/enigma2/3.12+git/build/lib/python/Plugins/SystemPlugins/FastChannelChange'

make[7]: Leaving directory '/home/pli/builds/openpli-scarthgap-build-1-30-2025/openpli-oe-core/build/tmp/work/osmio4k-oe-linux-gnueabi/enigma2/3.12+git/build/lib/python/Plugins/SystemPlugins/FastChannelChange'

make[7]: Entering directory '/home/pli/builds/openpli-scarthgap-build-1-30-2025/openpli-oe-core/build/tmp/work/osmio4k-oe-linux-gnueabi/enigma2/3.12+git/build/lib/python/Plugins/SystemPlugins'
make[7]: Nothing to be done for 'all-am'.
make[7]: Leaving directory '/home/pli/builds/openpli-scarthgap-build-1-30-2025/openpli-oe-core/build/tmp/work/osmio4k-oe-linux-gnueabi/enigma2/3.12+git/build/lib/python/Plugins/SystemPlugins'

make[6]: Leaving directory '/home/pli/builds/openpli-scarthgap-build-1-30-2025/openpli-oe-core/build/tmp/work/osmio4k-oe-linux-gnueabi/enigma2/3.12+git/build/lib/python/Plugins/SystemPlugins'

Making all in PLi

make[6]: Entering directory '/home/pli/builds/openpli-scarthgap-build-1-30-2025/openpli-oe-core/build/tmp/work/osmio4k-oe-linux-gnueabi/enigma2/3.12+git/build/lib/python/Plugins/PLi'
make[6]: Nothing to be done for 'all'.
make[6]: Leaving directory '/home/pli/builds/openpli-scarthgap-build-1-30-2025/openpli-oe-core/build/tmp/work/osmio4k-oe-linux-gnueabi/enigma2/3.12+git/build/lib/python/Plugins/PLi'

make[6]: Entering directory '/home/pli/builds/openpli-scarthgap-build-1-30-2025/openpli-oe-core/build/tmp/work/osmio4k-oe-linux-gnueabi/enigma2/3.12+git/build/lib/python/Plugins'
make[6]: Nothing to be done for 'all-am'.
make[6]: Leaving directory '/home/pli/builds/openpli-scarthgap-build-1-30-2025/openpli-oe-core/build/tmp/work/osmio4k-oe-linux-gnueabi/enigma2/3.12+git/build/lib/python/Plugins'

make[5]: Leaving directory '/home/pli/builds/openpli-scarthgap-build-1-30-2025/openpli-oe-core/build/tmp/work/osmio4k-oe-linux-gnueabi/enigma2/3.12+git/build/lib/python/Plugins'

make[5]: Entering directory '/home/pli/builds/openpli-scarthgap-build-1-30-2025/openpli-oe-core/build/tmp/work/osmio4k-oe-linux-gnueabi/enigma2/3.12+git/build/lib/python'
make[5]: Nothing to be done for 'all-am'.
make[5]: Leaving directory '/home/pli/builds/openpli-scarthgap-build-1-30-2025/openpli-oe-core/build/tmp/work/osmio4k-oe-linux-gnueabi/enigma2/3.12+git/build/lib/python'

make[4]: Leaving directory '/home/pli/builds/openpli-scarthgap-build-1-30-2025/openpli-oe-core/build/tmp/work/osmio4k-oe-linux-gnueabi/enigma2/3.12+git/build/lib/python'

NOTE: recipe enigma-info-6-r0: task do_package: Started
NOTE: enigma-info-6-r0 do_package: Direct dependencies are ['virtual:native:/home/pli/builds/openpli-scarthgap-build-1-30-2025/openpli-oe-core/openembedded-core/meta/recipes-devtools/dwarfsrcfiles/dwarfsrcfiles.bb:do_populate_sysroot', 'virtual:native:/home/pli/builds/openpli-scarthgap-build-1-30-2025/openpli-oe-core/openembedded-core/meta/recipes-devtools/pseudo/pseudo_git.bb:do_populate_sysroot', 'virtual:native:/home/pli/builds/openpli-scarthgap-build-1-30-2025/openpli-oe-core/openembedded-core/meta/recipes-devtools/rpm/rpm_4.19.1.1.bb:do_populate_sysroot']
make[4]: Entering directory '/home/pli/builds/openpli-scarthgap-build-1-30-2025/openpli-oe-core/build/tmp/work/osmio4k-oe-linux-gnueabi/enigma2/3.12+git/build/lib'
rm -f actions/libenigma_actions.a

arm-oe-linux-gnueabi-gcc-ar cr actions/libenigma_actions.a actions/action.o 

rm -f base/libenigma_base.a

arm-oe-linux-gnueabi-gcc-ar cr base/libenigma_base.a base/buffer.o base/cachedtssource.o base/cfile.o base/connection.o base/console.o base/e2avahi.o base/ebase.o base/eenv.o base/eerror.o base/elock.o base/encoding.o base/estring.o base/freesatv2.o base/huffman.o base/init.o base/ioprio.o base/message.o base/nconfig.o base/rawfile.o base/smartptr.o base/thread.o base/httpsstream.o base/httpstream.o base/wrappers.o 

rm -f components/libenigma_components.a

arm-oe-linux-gnueabi-gcc-ranlib actions/libenigma_actions.a

arm-oe-linux-gnueabi-gcc-ar cr components/libenigma_components.a components/file_eraser.o components/scan.o components/tuxtxtapp.o 

depbase=`echo dvb/scan.o | sed 's|[^/]*$|.deps/&|;s|\.o$||'`;\
arm-oe-linux-gnueabi-g++  -march=armv7ve -mfpu=neon-vfpv4 -mfloat-abi=hard -D_TIME_BITS=64 -D_FILE_OFFSET_BITS=64 --sysroot=/home/pli/builds/openpli-scarthgap-build-1-30-2025/openpli-oe-core/build/tmp/work/osmio4k-oe-linux-gnueabi/enigma2/3.12+git/recipe-sysroot -std=gnu++17 -DHAVE_CONFIG_H -I. -I../../git/lib -I..  -I.. -I../../git -I../../git/include -DPY_SSIZE_T_CLEAN -include Python.h -include ../enigma2_config.h -I/home/pli/builds/openpli-scarthgap-build-1-30-2025/openpli-oe-core/build/tmp/work/osmio4k-oe-linux-gnueabi/enigma2/3.12+git/recipe-sysroot/usr/include/python3.12  -Os -pipe -g -feliminate-unused-debug-types -fcanon-prefix-map  -fmacro-prefix-map=/home/pli/builds/openpli-scarthgap-build-1-30-2025/openpli-oe-core/build/tmp/work/osmio4k-oe-linux-gnueabi/enigma2/3.12+git/git=/usr/src/debug/enigma2/3.12+git  -fdebug-prefix-map=/home/pli/builds/openpli-scarthgap-build-1-30-2025/openpli-oe-core/build/tmp/work/osmio4k-oe-linux-gnueabi/enigma2/3.12+git/git=/usr/src/debug/enigma2/3.12+git  -fmacro-prefix-map=/home/pli/builds/openpli-scarthgap-build-1-30-2025/openpli-oe-core/build/tmp/work/osmio4k-oe-linux-gnueabi/enigma2/3.12+git/build=/usr/src/debug/enigma2/3.12+git  -fdebug-prefix-map=/home/pli/builds/openpli-scarthgap-build-1-30-2025/openpli-oe-core/build/tmp/work/osmio4k-oe-linux-gnueabi/enigma2/3.12+git/build=/usr/src/debug/enigma2/3.12+git  -fdebug-prefix-map=/home/pli/builds/openpli-scarthgap-build-1-30-2025/openpli-oe-core/build/tmp/work/osmio4k-oe-linux-gnueabi/enigma2/3.12+git/recipe-sysroot=  -fmacro-prefix-map=/home/pli/builds/openpli-scarthgap-build-1-30-2025/openpli-oe-core/build/tmp/work/osmio4k-oe-linux-gnueabi/enigma2/3.12+git/recipe-sysroot=  -fdebug-prefix-map=/home/pli/builds/openpli-scarthgap-build-1-30-2025/openpli-oe-core/build/tmp/work/osmio4k-oe-linux-gnueabi/enigma2/3.12+git/recipe-sysroot-native=  -fvisibility-inlines-hidden -Wattribute-alias -Wattribute-alias=1 -Wall -Wextra -Werror 	-Wformat=2 -Wformat-overflow=2 -Wformat-nonliteral -Wformat-security 	-Wimplicit-fallthrough=5 -Wduplicated-branches -Wtrampolines 	-Wdangling-else -Wshift-overflow=2 -Wswitch 	-Wunused-but-set-parameter -Wunused-const-variable=1 -Wuninitialized 	-Wstringop-overflow=3 -Woverlength-strings 	-Wunsafe-loop-optimizations -Wpointer-arith 	-Wfloat-equal -Wlogical-op 	-Wno-error=cast-align=strict -Wno-error=ignored-qualifiers 	-Wno-error=cast-function-type -Wno-error=deprecated-declarations 	-Wno-error=stringop-truncation -Wno-error=shadow -Wno-error=cast-qual 	-Wno-error=aggregate-return -Wno-error=missing-field-initializers 	-Wno-error=packed -Wno-error=vla -Wno-error=clobbered -Wno-error=unused-parameter 	-I/home/pli/builds/openpli-scarthgap-build-1-30-2025/openpli-oe-core/build/tmp/work/osmio4k-oe-linux-gnueabi/enigma2/3.12+git/recipe-sysroot/usr/include/freetype2 -I/home/pli/builds/openpli-scarthgap-build-1-30-2025/openpli-oe-core/build/tmp/work/osmio4k-oe-linux-gnueabi/enigma2/3.12+git/recipe-sysroot/usr/include/fribidi -I/home/pli/builds/openpli-scarthgap-build-1-30-2025/openpli-oe-core/build/tmp/work/osmio4k-oe-linux-gnueabi/enigma2/3.12+git/recipe-sysroot/usr/include/glib-2.0 -I/home/pli/builds/openpli-scarthgap-build-1-30-2025/openpli-oe-core/build/tmp/work/osmio4k-oe-linux-gnueabi/enigma2/3.12+git/recipe-sysroot/usr/lib/glib-2.0/include -I/home/pli/builds/openpli-scarthgap-build-1-30-2025/openpli-oe-core/build/tmp/work/osmio4k-oe-linux-gnueabi/enigma2/3.12+git/recipe-sysroot/usr/include/libpng16 -I/home/pli/builds/openpli-scarthgap-build-1-30-2025/openpli-oe-core/build/tmp/work/osmio4k-oe-linux-gnueabi/enigma2/3.12+git/recipe-sysroot/usr/include/libxml2 -I/home/pli/builds/openpli-scarthgap-build-1-30-2025/openpli-oe-core/build/tmp/work/osmio4k-oe-linux-gnueabi/enigma2/3.12+git/recipe-sysroot/usr/include/sigc++-3.0 -I/home/pli/builds/openpli-scarthgap-build-1-30-2025/openpli-oe-core/build/tmp/work/osmio4k-oe-linux-gnueabi/enigma2/3.12+git/recipe-sysroot/usr/lib/sigc++-3.0/include -fno-rtti -fno-exceptions -rdynamic -funwind-tables  -fopenmp  -MT dvb/scan.o -MD -MP -MF $depbase.Tpo -c -o dvb/scan.o ../../git/lib/dvb/scan.cpp &&\
mv -f $depbase.Tpo $depbase.Po

arm-oe-linux-gnueabi-gcc-ranlib base/libenigma_base.a

depbase=`echo dvb_ci/dvbci_app_mmi.o | sed 's|[^/]*$|.deps/&|;s|\.o$||'`;\
arm-oe-linux-gnueabi-g++  -march=armv7ve -mfpu=neon-vfpv4 -mfloat-abi=hard -D_TIME_BITS=64 -D_FILE_OFFSET_BITS=64 --sysroot=/home/pli/builds/openpli-scarthgap-build-1-30-2025/openpli-oe-core/build/tmp/work/osmio4k-oe-linux-gnueabi/enigma2/3.12+git/recipe-sysroot -std=gnu++17 -DHAVE_CONFIG_H -I. -I../../git/lib -I..  -I.. -I../../git -I../../git/include -DPY_SSIZE_T_CLEAN -include Python.h -include ../enigma2_config.h -I/home/pli/builds/openpli-scarthgap-build-1-30-2025/openpli-oe-core/build/tmp/work/osmio4k-oe-linux-gnueabi/enigma2/3.12+git/recipe-sysroot/usr/include/python3.12  -Os -pipe -g -feliminate-unused-debug-types -fcanon-prefix-map  -fmacro-prefix-map=/home/pli/builds/openpli-scarthgap-build-1-30-2025/openpli-oe-core/build/tmp/work/osmio4k-oe-linux-gnueabi/enigma2/3.12+git/git=/usr/src/debug/enigma2/3.12+git  -fdebug-prefix-map=/home/pli/builds/openpli-scarthgap-build-1-30-2025/openpli-oe-core/build/tmp/work/osmio4k-oe-linux-gnueabi/enigma2/3.12+git/git=/usr/src/debug/enigma2/3.12+git  -fmacro-prefix-map=/home/pli/builds/openpli-scarthgap-build-1-30-2025/openpli-oe-core/build/tmp/work/osmio4k-oe-linux-gnueabi/enigma2/3.12+git/build=/usr/src/debug/enigma2/3.12+git  -fdebug-prefix-map=/home/pli/builds/openpli-scarthgap-build-1-30-2025/openpli-oe-core/build/tmp/work/osmio4k-oe-linux-gnueabi/enigma2/3.12+git/build=/usr/src/debug/enigma2/3.12+git  -fdebug-prefix-map=/home/pli/builds/openpli-scarthgap-build-1-30-2025/openpli-oe-core/build/tmp/work/osmio4k-oe-linux-gnueabi/enigma2/3.12+git/recipe-sysroot=  -fmacro-prefix-map=/home/pli/builds/openpli-scarthgap-build-1-30-2025/openpli-oe-core/build/tmp/work/osmio4k-oe-linux-gnueabi/enigma2/3.12+git/recipe-sysroot=  -fdebug-prefix-map=/home/pli/builds/openpli-scarthgap-build-1-30-2025/openpli-oe-core/build/tmp/work/osmio4k-oe-linux-gnueabi/enigma2/3.12+git/recipe-sysroot-native=  -fvisibility-inlines-hidden -Wattribute-alias -Wattribute-alias=1 -Wall -Wextra -Werror 	-Wformat=2 -Wformat-overflow=2 -Wformat-nonliteral -Wformat-security 	-Wimplicit-fallthrough=5 -Wduplicated-branches -Wtrampolines 	-Wdangling-else -Wshift-overflow=2 -Wswitch 	-Wunused-but-set-parameter -Wunused-const-variable=1 -Wuninitialized 	-Wstringop-overflow=3 -Woverlength-strings 	-Wunsafe-loop-optimizations -Wpointer-arith 	-Wfloat-equal -Wlogical-op 	-Wno-error=cast-align=strict -Wno-error=ignored-qualifiers 	-Wno-error=cast-function-type -Wno-error=deprecated-declarations 	-Wno-error=stringop-truncation -Wno-error=shadow -Wno-error=cast-qual 	-Wno-error=aggregate-return -Wno-error=missing-field-initializers 	-Wno-error=packed -Wno-error=vla -Wno-error=clobbered -Wno-error=unused-parameter 	-I/home/pli/builds/openpli-scarthgap-build-1-30-2025/openpli-oe-core/build/tmp/work/osmio4k-oe-linux-gnueabi/enigma2/3.12+git/recipe-sysroot/usr/include/freetype2 -I/home/pli/builds/openpli-scarthgap-build-1-30-2025/openpli-oe-core/build/tmp/work/osmio4k-oe-linux-gnueabi/enigma2/3.12+git/recipe-sysroot/usr/include/fribidi -I/home/pli/builds/openpli-scarthgap-build-1-30-2025/openpli-oe-core/build/tmp/work/osmio4k-oe-linux-gnueabi/enigma2/3.12+git/recipe-sysroot/usr/include/glib-2.0 -I/home/pli/builds/openpli-scarthgap-build-1-30-2025/openpli-oe-core/build/tmp/work/osmio4k-oe-linux-gnueabi/enigma2/3.12+git/recipe-sysroot/usr/lib/glib-2.0/include -I/home/pli/builds/openpli-scarthgap-build-1-30-2025/openpli-oe-core/build/tmp/work/osmio4k-oe-linux-gnueabi/enigma2/3.12+git/recipe-sysroot/usr/include/libpng16 -I/home/pli/builds/openpli-scarthgap-build-1-30-2025/openpli-oe-core/build/tmp/work/osmio4k-oe-linux-gnueabi/enigma2/3.12+git/recipe-sysroot/usr/include/libxml2 -I/home/pli/builds/openpli-scarthgap-build-1-30-2025/openpli-oe-core/build/tmp/work/osmio4k-oe-linux-gnueabi/enigma2/3.12+git/recipe-sysroot/usr/include/sigc++-3.0 -I/home/pli/builds/openpli-scarthgap-build-1-30-2025/openpli-oe-core/build/tmp/work/osmio4k-oe-linux-gnueabi/enigma2/3.12+git/recipe-sysroot/usr/lib/sigc++-3.0/include -fno-rtti -fno-exceptions -rdynamic -funwind-tables  -fopenmp  -MT dvb_ci/dvbci_app_mmi.o -MD -MP -MF $depbase.Tpo -c -o dvb_ci/dvbci_app_mmi.o ../../git/lib/dvb_ci/dvbci_app_mmi.cpp &&\
mv -f $depbase.Tpo $depbase.Po

depbase=`echo dvb_ci/dvbci_operatorprofile.o | sed 's|[^/]*$|.deps/&|;s|\.o$||'`;\
arm-oe-linux-gnueabi-g++  -march=armv7ve -mfpu=neon-vfpv4 -mfloat-abi=hard -D_TIME_BITS=64 -D_FILE_OFFSET_BITS=64 --sysroot=/home/pli/builds/openpli-scarthgap-build-1-30-2025/openpli-oe-core/build/tmp/work/osmio4k-oe-linux-gnueabi/enigma2/3.12+git/recipe-sysroot -std=gnu++17 -DHAVE_CONFIG_H -I. -I../../git/lib -I..  -I.. -I../../git -I../../git/include -DPY_SSIZE_T_CLEAN -include Python.h -include ../enigma2_config.h -I/home/pli/builds/openpli-scarthgap-build-1-30-2025/openpli-oe-core/build/tmp/work/osmio4k-oe-linux-gnueabi/enigma2/3.12+git/recipe-sysroot/usr/include/python3.12  -Os -pipe -g -feliminate-unused-debug-types -fcanon-prefix-map  -fmacro-prefix-map=/home/pli/builds/openpli-scarthgap-build-1-30-2025/openpli-oe-core/build/tmp/work/osmio4k-oe-linux-gnueabi/enigma2/3.12+git/git=/usr/src/debug/enigma2/3.12+git  -fdebug-prefix-map=/home/pli/builds/openpli-scarthgap-build-1-30-2025/openpli-oe-core/build/tmp/work/osmio4k-oe-linux-gnueabi/enigma2/3.12+git/git=/usr/src/debug/enigma2/3.12+git  -fmacro-prefix-map=/home/pli/builds/openpli-scarthgap-build-1-30-2025/openpli-oe-core/build/tmp/work/osmio4k-oe-linux-gnueabi/enigma2/3.12+git/build=/usr/src/debug/enigma2/3.12+git  -fdebug-prefix-map=/home/pli/builds/openpli-scarthgap-build-1-30-2025/openpli-oe-core/build/tmp/work/osmio4k-oe-linux-gnueabi/enigma2/3.12+git/build=/usr/src/debug/enigma2/3.12+git  -fdebug-prefix-map=/home/pli/builds/openpli-scarthgap-build-1-30-2025/openpli-oe-core/build/tmp/work/osmio4k-oe-linux-gnueabi/enigma2/3.12+git/recipe-sysroot=  -fmacro-prefix-map=/home/pli/builds/openpli-scarthgap-build-1-30-2025/openpli-oe-core/build/tmp/work/osmio4k-oe-linux-gnueabi/enigma2/3.12+git/recipe-sysroot=  -fdebug-prefix-map=/home/pli/builds/openpli-scarthgap-build-1-30-2025/openpli-oe-core/build/tmp/work/osmio4k-oe-linux-gnueabi/enigma2/3.12+git/recipe-sysroot-native=  -fvisibility-inlines-hidden -Wattribute-alias -Wattribute-alias=1 -Wall -Wextra -Werror 	-Wformat=2 -Wformat-overflow=2 -Wformat-nonliteral -Wformat-security 	-Wimplicit-fallthrough=5 -Wduplicated-branches -Wtrampolines 	-Wdangling-else -Wshift-overflow=2 -Wswitch 	-Wunused-but-set-parameter -Wunused-const-variable=1 -Wuninitialized 	-Wstringop-overflow=3 -Woverlength-strings 	-Wunsafe-loop-optimizations -Wpointer-arith 	-Wfloat-equal -Wlogical-op 	-Wno-error=cast-align=strict -Wno-error=ignored-qualifiers 	-Wno-error=cast-function-type -Wno-error=deprecated-declarations 	-Wno-error=stringop-truncation -Wno-error=shadow -Wno-error=cast-qual 	-Wno-error=aggregate-return -Wno-error=missing-field-initializers 	-Wno-error=packed -Wno-error=vla -Wno-error=clobbered -Wno-error=unused-parameter 	-I/home/pli/builds/openpli-scarthgap-build-1-30-2025/openpli-oe-core/build/tmp/work/osmio4k-oe-linux-gnueabi/enigma2/3.12+git/recipe-sysroot/usr/include/freetype2 -I/home/pli/builds/openpli-scarthgap-build-1-30-2025/openpli-oe-core/build/tmp/work/osmio4k-oe-linux-gnueabi/enigma2/3.12+git/recipe-sysroot/usr/include/fribidi -I/home/pli/builds/openpli-scarthgap-build-1-30-2025/openpli-oe-core/build/tmp/work/osmio4k-oe-linux-gnueabi/enigma2/3.12+git/recipe-sysroot/usr/include/glib-2.0 -I/home/pli/builds/openpli-scarthgap-build-1-30-2025/openpli-oe-core/build/tmp/work/osmio4k-oe-linux-gnueabi/enigma2/3.12+git/recipe-sysroot/usr/lib/glib-2.0/include -I/home/pli/builds/openpli-scarthgap-build-1-30-2025/openpli-oe-core/build/tmp/work/osmio4k-oe-linux-gnueabi/enigma2/3.12+git/recipe-sysroot/usr/include/libpng16 -I/home/pli/builds/openpli-scarthgap-build-1-30-2025/openpli-oe-core/build/tmp/work/osmio4k-oe-linux-gnueabi/enigma2/3.12+git/recipe-sysroot/usr/include/libxml2 -I/home/pli/builds/openpli-scarthgap-build-1-30-2025/openpli-oe-core/build/tmp/work/osmio4k-oe-linux-gnueabi/enigma2/3.12+git/recipe-sysroot/usr/include/sigc++-3.0 -I/home/pli/builds/openpli-scarthgap-build-1-30-2025/openpli-oe-core/build/tmp/work/osmio4k-oe-linux-gnueabi/enigma2/3.12+git/recipe-sysroot/usr/lib/sigc++-3.0/include -fno-rtti -fno-exceptions -rdynamic -funwind-tables  -fopenmp  -MT dvb_ci/dvbci_operatorprofile.o -MD -MP -MF $depbase.Tpo -c -o dvb_ci/dvbci_operatorprofile.o ../../git/lib/dvb_ci/dvbci_operatorprofile.cpp &&\
mv -f $depbase.Tpo $depbase.Po

depbase=`echo dvb_ci/aes_xcbc_mac.o | sed 's|[^/]*$|.deps/&|;s|\.o$||'`;\
arm-oe-linux-gnueabi-g++  -march=armv7ve -mfpu=neon-vfpv4 -mfloat-abi=hard -D_TIME_BITS=64 -D_FILE_OFFSET_BITS=64 --sysroot=/home/pli/builds/openpli-scarthgap-build-1-30-2025/openpli-oe-core/build/tmp/work/osmio4k-oe-linux-gnueabi/enigma2/3.12+git/recipe-sysroot -std=gnu++17 -DHAVE_CONFIG_H -I. -I../../git/lib -I..  -I.. -I../../git -I../../git/include -DPY_SSIZE_T_CLEAN -include Python.h -include ../enigma2_config.h -I/home/pli/builds/openpli-scarthgap-build-1-30-2025/openpli-oe-core/build/tmp/work/osmio4k-oe-linux-gnueabi/enigma2/3.12+git/recipe-sysroot/usr/include/python3.12  -Os -pipe -g -feliminate-unused-debug-types -fcanon-prefix-map  -fmacro-prefix-map=/home/pli/builds/openpli-scarthgap-build-1-30-2025/openpli-oe-core/build/tmp/work/osmio4k-oe-linux-gnueabi/enigma2/3.12+git/git=/usr/src/debug/enigma2/3.12+git  -fdebug-prefix-map=/home/pli/builds/openpli-scarthgap-build-1-30-2025/openpli-oe-core/build/tmp/work/osmio4k-oe-linux-gnueabi/enigma2/3.12+git/git=/usr/src/debug/enigma2/3.12+git  -fmacro-prefix-map=/home/pli/builds/openpli-scarthgap-build-1-30-2025/openpli-oe-core/build/tmp/work/osmio4k-oe-linux-gnueabi/enigma2/3.12+git/build=/usr/src/debug/enigma2/3.12+git  -fdebug-prefix-map=/home/pli/builds/openpli-scarthgap-build-1-30-2025/openpli-oe-core/build/tmp/work/osmio4k-oe-linux-gnueabi/enigma2/3.12+git/build=/usr/src/debug/enigma2/3.12+git  -fdebug-prefix-map=/home/pli/builds/openpli-scarthgap-build-1-30-2025/openpli-oe-core/build/tmp/work/osmio4k-oe-linux-gnueabi/enigma2/3.12+git/recipe-sysroot=  -fmacro-prefix-map=/home/pli/builds/openpli-scarthgap-build-1-30-2025/openpli-oe-core/build/tmp/work/osmio4k-oe-linux-gnueabi/enigma2/3.12+git/recipe-sysroot=  -fdebug-prefix-map=/home/pli/builds/openpli-scarthgap-build-1-30-2025/openpli-oe-core/build/tmp/work/osmio4k-oe-linux-gnueabi/enigma2/3.12+git/recipe-sysroot-native=  -fvisibility-inlines-hidden -Wattribute-alias -Wattribute-alias=1 -Wall -Wextra -Werror 	-Wformat=2 -Wformat-overflow=2 -Wformat-nonliteral -Wformat-security 	-Wimplicit-fallthrough=5 -Wduplicated-branches -Wtrampolines 	-Wdangling-else -Wshift-overflow=2 -Wswitch 	-Wunused-but-set-parameter -Wunused-const-variable=1 -Wuninitialized 	-Wstringop-overflow=3 -Woverlength-strings 	-Wunsafe-loop-optimizations -Wpointer-arith 	-Wfloat-equal -Wlogical-op 	-Wno-error=cast-align=strict -Wno-error=ignored-qualifiers 	-Wno-error=cast-function-type -Wno-error=deprecated-declarations 	-Wno-error=stringop-truncation -Wno-error=shadow -Wno-error=cast-qual 	-Wno-error=aggregate-return -Wno-error=missing-field-initializers 	-Wno-error=packed -Wno-error=vla -Wno-error=clobbered -Wno-error=unused-parameter 	-I/home/pli/builds/openpli-scarthgap-build-1-30-2025/openpli-oe-core/build/tmp/work/osmio4k-oe-linux-gnueabi/enigma2/3.12+git/recipe-sysroot/usr/include/freetype2 -I/home/pli/builds/openpli-scarthgap-build-1-30-2025/openpli-oe-core/build/tmp/work/osmio4k-oe-linux-gnueabi/enigma2/3.12+git/recipe-sysroot/usr/include/fribidi -I/home/pli/builds/openpli-scarthgap-build-1-30-2025/openpli-oe-core/build/tmp/work/osmio4k-oe-linux-gnueabi/enigma2/3.12+git/recipe-sysroot/usr/include/glib-2.0 -I/home/pli/builds/openpli-scarthgap-build-1-30-2025/openpli-oe-core/build/tmp/work/osmio4k-oe-linux-gnueabi/enigma2/3.12+git/recipe-sysroot/usr/lib/glib-2.0/include -I/home/pli/builds/openpli-scarthgap-build-1-30-2025/openpli-oe-core/build/tmp/work/osmio4k-oe-linux-gnueabi/enigma2/3.12+git/recipe-sysroot/usr/include/libpng16 -I/home/pli/builds/openpli-scarthgap-build-1-30-2025/openpli-oe-core/build/tmp/work/osmio4k-oe-linux-gnueabi/enigma2/3.12+git/recipe-sysroot/usr/include/libxml2 -I/home/pli/builds/openpli-scarthgap-build-1-30-2025/openpli-oe-core/build/tmp/work/osmio4k-oe-linux-gnueabi/enigma2/3.12+git/recipe-sysroot/usr/include/sigc++-3.0 -I/home/pli/builds/openpli-scarthgap-build-1-30-2025/openpli-oe-core/build/tmp/work/osmio4k-oe-linux-gnueabi/enigma2/3.12+git/recipe-sysroot/usr/lib/sigc++-3.0/include -fno-rtti -fno-exceptions -rdynamic -funwind-tables  -fopenmp  -MT dvb_ci/aes_xcbc_mac.o -MD -MP -MF $depbase.Tpo -c -o dvb_ci/aes_xcbc_mac.o ../../git/lib/dvb_ci/aes_xcbc_mac.cpp &&\
mv -f $depbase.Tpo $depbase.Po

depbase=`echo dvb_ci/descrambler.o | sed 's|[^/]*$|.deps/&|;s|\.o$||'`;\
arm-oe-linux-gnueabi-g++  -march=armv7ve -mfpu=neon-vfpv4 -mfloat-abi=hard -D_TIME_BITS=64 -D_FILE_OFFSET_BITS=64 --sysroot=/home/pli/builds/openpli-scarthgap-build-1-30-2025/openpli-oe-core/build/tmp/work/osmio4k-oe-linux-gnueabi/enigma2/3.12+git/recipe-sysroot -std=gnu++17 -DHAVE_CONFIG_H -I. -I../../git/lib -I..  -I.. -I../../git -I../../git/include -DPY_SSIZE_T_CLEAN -include Python.h -include ../enigma2_config.h -I/home/pli/builds/openpli-scarthgap-build-1-30-2025/openpli-oe-core/build/tmp/work/osmio4k-oe-linux-gnueabi/enigma2/3.12+git/recipe-sysroot/usr/include/python3.12  -Os -pipe -g -feliminate-unused-debug-types -fcanon-prefix-map  -fmacro-prefix-map=/home/pli/builds/openpli-scarthgap-build-1-30-2025/openpli-oe-core/build/tmp/work/osmio4k-oe-linux-gnueabi/enigma2/3.12+git/git=/usr/src/debug/enigma2/3.12+git  -fdebug-prefix-map=/home/pli/builds/openpli-scarthgap-build-1-30-2025/openpli-oe-core/build/tmp/work/osmio4k-oe-linux-gnueabi/enigma2/3.12+git/git=/usr/src/debug/enigma2/3.12+git  -fmacro-prefix-map=/home/pli/builds/openpli-scarthgap-build-1-30-2025/openpli-oe-core/build/tmp/work/osmio4k-oe-linux-gnueabi/enigma2/3.12+git/build=/usr/src/debug/enigma2/3.12+git  -fdebug-prefix-map=/home/pli/builds/openpli-scarthgap-build-1-30-2025/openpli-oe-core/build/tmp/work/osmio4k-oe-linux-gnueabi/enigma2/3.12+git/build=/usr/src/debug/enigma2/3.12+git  -fdebug-prefix-map=/home/pli/builds/openpli-scarthgap-build-1-30-2025/openpli-oe-core/build/tmp/work/osmio4k-oe-linux-gnueabi/enigma2/3.12+git/recipe-sysroot=  -fmacro-prefix-map=/home/pli/builds/openpli-scarthgap-build-1-30-2025/openpli-oe-core/build/tmp/work/osmio4k-oe-linux-gnueabi/enigma2/3.12+git/recipe-sysroot=  -fdebug-prefix-map=/home/pli/builds/openpli-scarthgap-build-1-30-2025/openpli-oe-core/build/tmp/work/osmio4k-oe-linux-gnueabi/enigma2/3.12+git/recipe-sysroot-native=  -fvisibility-inlines-hidden -Wattribute-alias -Wattribute-alias=1 -Wall -Wextra -Werror 	-Wformat=2 -Wformat-overflow=2 -Wformat-nonliteral -Wformat-security 	-Wimplicit-fallthrough=5 -Wduplicated-branches -Wtrampolines 	-Wdangling-else -Wshift-overflow=2 -Wswitch 	-Wunused-but-set-parameter -Wunused-const-variable=1 -Wuninitialized 	-Wstringop-overflow=3 -Woverlength-strings 	-Wunsafe-loop-optimizations -Wpointer-arith 	-Wfloat-equal -Wlogical-op 	-Wno-error=cast-align=strict -Wno-error=ignored-qualifiers 	-Wno-error=cast-function-type -Wno-error=deprecated-declarations 	-Wno-error=stringop-truncation -Wno-error=shadow -Wno-error=cast-qual 	-Wno-error=aggregate-return -Wno-error=missing-field-initializers 	-Wno-error=packed -Wno-error=vla -Wno-error=clobbered -Wno-error=unused-parameter 	-I/home/pli/builds/openpli-scarthgap-build-1-30-2025/openpli-oe-core/build/tmp/work/osmio4k-oe-linux-gnueabi/enigma2/3.12+git/recipe-sysroot/usr/include/freetype2 -I/home/pli/builds/openpli-scarthgap-build-1-30-2025/openpli-oe-core/build/tmp/work/osmio4k-oe-linux-gnueabi/enigma2/3.12+git/recipe-sysroot/usr/include/fribidi -I/home/pli/builds/openpli-scarthgap-build-1-30-2025/openpli-oe-core/build/tmp/work/osmio4k-oe-linux-gnueabi/enigma2/3.12+git/recipe-sysroot/usr/include/glib-2.0 -I/home/pli/builds/openpli-scarthgap-build-1-30-2025/openpli-oe-core/build/tmp/work/osmio4k-oe-linux-gnueabi/enigma2/3.12+git/recipe-sysroot/usr/lib/glib-2.0/include -I/home/pli/builds/openpli-scarthgap-build-1-30-2025/openpli-oe-core/build/tmp/work/osmio4k-oe-linux-gnueabi/enigma2/3.12+git/recipe-sysroot/usr/include/libpng16 -I/home/pli/builds/openpli-scarthgap-build-1-30-2025/openpli-oe-core/build/tmp/work/osmio4k-oe-linux-gnueabi/enigma2/3.12+git/recipe-sysroot/usr/include/libxml2 -I/home/pli/builds/openpli-scarthgap-build-1-30-2025/openpli-oe-core/build/tmp/work/osmio4k-oe-linux-gnueabi/enigma2/3.12+git/recipe-sysroot/usr/include/sigc++-3.0 -I/home/pli/builds/openpli-scarthgap-build-1-30-2025/openpli-oe-core/build/tmp/work/osmio4k-oe-linux-gnueabi/enigma2/3.12+git/recipe-sysroot/usr/lib/sigc++-3.0/include -fno-rtti -fno-exceptions -rdynamic -funwind-tables  -fopenmp  -MT dvb_ci/descrambler.o -MD -MP -MF $depbase.Tpo -c -o dvb_ci/descrambler.o ../../git/lib/dvb_ci/descrambler.cpp &&\
mv -f $depbase.Tpo $depbase.Po

arm-oe-linux-gnueabi-g++  -march=armv7ve -mfpu=neon-vfpv4 -mfloat-abi=hard -D_TIME_BITS=64 -D_FILE_OFFSET_BITS=64 --sysroot=/home/pli/builds/openpli-scarthgap-build-1-30-2025/openpli-oe-core/build/tmp/work/osmio4k-oe-linux-gnueabi/enigma2/3.12+git/recipe-sysroot -std=gnu++17 -DHAVE_CONFIG_H -I. -I../../git/lib -I..  -I.. -I../../git -I../../git/include -DPY_SSIZE_T_CLEAN -include Python.h -include ../enigma2_config.h -I/home/pli/builds/openpli-scarthgap-build-1-30-2025/openpli-oe-core/build/tmp/work/osmio4k-oe-linux-gnueabi/enigma2/3.12+git/recipe-sysroot/usr/include/python3.12  -Os -pipe -g -feliminate-unused-debug-types -fcanon-prefix-map  -fmacro-prefix-map=/home/pli/builds/openpli-scarthgap-build-1-30-2025/openpli-oe-core/build/tmp/work/osmio4k-oe-linux-gnueabi/enigma2/3.12+git/git=/usr/src/debug/enigma2/3.12+git  -fdebug-prefix-map=/home/pli/builds/openpli-scarthgap-build-1-30-2025/openpli-oe-core/build/tmp/work/osmio4k-oe-linux-gnueabi/enigma2/3.12+git/git=/usr/src/debug/enigma2/3.12+git  -fmacro-prefix-map=/home/pli/builds/openpli-scarthgap-build-1-30-2025/openpli-oe-core/build/tmp/work/osmio4k-oe-linux-gnueabi/enigma2/3.12+git/build=/usr/src/debug/enigma2/3.12+git  -fdebug-prefix-map=/home/pli/builds/openpli-scarthgap-build-1-30-2025/openpli-oe-core/build/tmp/work/osmio4k-oe-linux-gnueabi/enigma2/3.12+git/build=/usr/src/debug/enigma2/3.12+git  -fdebug-prefix-map=/home/pli/builds/openpli-scarthgap-build-1-30-2025/openpli-oe-core/build/tmp/work/osmio4k-oe-linux-gnueabi/enigma2/3.12+git/recipe-sysroot=  -fmacro-prefix-map=/home/pli/builds/openpli-scarthgap-build-1-30-2025/openpli-oe-core/build/tmp/work/osmio4k-oe-linux-gnueabi/enigma2/3.12+git/recipe-sysroot=  -fdebug-prefix-map=/home/pli/builds/openpli-scarthgap-build-1-30-2025/openpli-oe-core/build/tmp/work/osmio4k-oe-linux-gnueabi/enigma2/3.12+git/recipe-sysroot-native=  -fvisibility-inlines-hidden -Wattribute-alias -Wattribute-alias=1 -Wall -Wextra -Werror 	-Wformat=2 -Wformat-overflow=2 -Wformat-nonliteral -Wformat-security 	-Wimplicit-fallthrough=5 -Wduplicated-branches -Wtrampolines 	-Wdangling-else -Wshift-overflow=2 -Wswitch 	-Wunused-but-set-parameter -Wunused-const-variable=1 -Wuninitialized 	-Wstringop-overflow=3 -Woverlength-strings 	-Wunsafe-loop-optimizations -Wpointer-arith 	-Wfloat-equal -Wlogical-op 	-Wno-error=cast-align=strict -Wno-error=ignored-qualifiers 	-Wno-error=cast-function-type -Wno-error=deprecated-declarations 	-Wno-error=stringop-truncation -Wno-error=shadow -Wno-error=cast-qual 	-Wno-error=aggregate-return -Wno-error=missing-field-initializers 	-Wno-error=packed -Wno-error=vla -Wno-error=clobbered -Wno-error=unused-parameter 	-I/home/pli/builds/openpli-scarthgap-build-1-30-2025/openpli-oe-core/build/tmp/work/osmio4k-oe-linux-gnueabi/enigma2/3.12+git/recipe-sysroot/usr/include/freetype2 -I/home/pli/builds/openpli-scarthgap-build-1-30-2025/openpli-oe-core/build/tmp/work/osmio4k-oe-linux-gnueabi/enigma2/3.12+git/recipe-sysroot/usr/include/fribidi -I/home/pli/builds/openpli-scarthgap-build-1-30-2025/openpli-oe-core/build/tmp/work/osmio4k-oe-linux-gnueabi/enigma2/3.12+git/recipe-sysroot/usr/include/glib-2.0 -I/home/pli/builds/openpli-scarthgap-build-1-30-2025/openpli-oe-core/build/tmp/work/osmio4k-oe-linux-gnueabi/enigma2/3.12+git/recipe-sysroot/usr/lib/glib-2.0/include -I/home/pli/builds/openpli-scarthgap-build-1-30-2025/openpli-oe-core/build/tmp/work/osmio4k-oe-linux-gnueabi/enigma2/3.12+git/recipe-sysroot/usr/include/libpng16 -I/home/pli/builds/openpli-scarthgap-build-1-30-2025/openpli-oe-core/build/tmp/work/osmio4k-oe-linux-gnueabi/enigma2/3.12+git/recipe-sysroot/usr/include/libxml2 -I/home/pli/builds/openpli-scarthgap-build-1-30-2025/openpli-oe-core/build/tmp/work/osmio4k-oe-linux-gnueabi/enigma2/3.12+git/recipe-sysroot/usr/include/sigc++-3.0 -I/home/pli/builds/openpli-scarthgap-build-1-30-2025/openpli-oe-core/build/tmp/work/osmio4k-oe-linux-gnueabi/enigma2/3.12+git/recipe-sysroot/usr/lib/sigc++-3.0/include -fno-rtti -fno-exceptions -rdynamic -funwind-tables  -fopenmp  -MT gdi/libenigma_gdi_a-accel.o -MD -MP -MF gdi/.deps/libenigma_gdi_a-accel.Tpo -c -o gdi/libenigma_gdi_a-accel.o `test -f 'gdi/accel.cpp' || echo '../../git/lib/'`gdi/accel.cpp

arm-oe-linux-gnueabi-g++  -march=armv7ve -mfpu=neon-vfpv4 -mfloat-abi=hard -D_TIME_BITS=64 -D_FILE_OFFSET_BITS=64 --sysroot=/home/pli/builds/openpli-scarthgap-build-1-30-2025/openpli-oe-core/build/tmp/work/osmio4k-oe-linux-gnueabi/enigma2/3.12+git/recipe-sysroot -std=gnu++17 -DHAVE_CONFIG_H -I. -I../../git/lib -I..  -I.. -I../../git -I../../git/include -DPY_SSIZE_T_CLEAN -include Python.h -include ../enigma2_config.h -I/home/pli/builds/openpli-scarthgap-build-1-30-2025/openpli-oe-core/build/tmp/work/osmio4k-oe-linux-gnueabi/enigma2/3.12+git/recipe-sysroot/usr/include/python3.12  -Os -pipe -g -feliminate-unused-debug-types -fcanon-prefix-map  -fmacro-prefix-map=/home/pli/builds/openpli-scarthgap-build-1-30-2025/openpli-oe-core/build/tmp/work/osmio4k-oe-linux-gnueabi/enigma2/3.12+git/git=/usr/src/debug/enigma2/3.12+git  -fdebug-prefix-map=/home/pli/builds/openpli-scarthgap-build-1-30-2025/openpli-oe-core/build/tmp/work/osmio4k-oe-linux-gnueabi/enigma2/3.12+git/git=/usr/src/debug/enigma2/3.12+git  -fmacro-prefix-map=/home/pli/builds/openpli-scarthgap-build-1-30-2025/openpli-oe-core/build/tmp/work/osmio4k-oe-linux-gnueabi/enigma2/3.12+git/build=/usr/src/debug/enigma2/3.12+git  -fdebug-prefix-map=/home/pli/builds/openpli-scarthgap-build-1-30-2025/openpli-oe-core/build/tmp/work/osmio4k-oe-linux-gnueabi/enigma2/3.12+git/build=/usr/src/debug/enigma2/3.12+git  -fdebug-prefix-map=/home/pli/builds/openpli-scarthgap-build-1-30-2025/openpli-oe-core/build/tmp/work/osmio4k-oe-linux-gnueabi/enigma2/3.12+git/recipe-sysroot=  -fmacro-prefix-map=/home/pli/builds/openpli-scarthgap-build-1-30-2025/openpli-oe-core/build/tmp/work/osmio4k-oe-linux-gnueabi/enigma2/3.12+git/recipe-sysroot=  -fdebug-prefix-map=/home/pli/builds/openpli-scarthgap-build-1-30-2025/openpli-oe-core/build/tmp/work/osmio4k-oe-linux-gnueabi/enigma2/3.12+git/recipe-sysroot-native=  -fvisibility-inlines-hidden -Wattribute-alias -Wattribute-alias=1 -Wall -Wextra -Werror 	-Wformat=2 -Wformat-overflow=2 -Wformat-nonliteral -Wformat-security 	-Wimplicit-fallthrough=5 -Wduplicated-branches -Wtrampolines 	-Wdangling-else -Wshift-overflow=2 -Wswitch 	-Wunused-but-set-parameter -Wunused-const-variable=1 -Wuninitialized 	-Wstringop-overflow=3 -Woverlength-strings 	-Wunsafe-loop-optimizations -Wpointer-arith 	-Wfloat-equal -Wlogical-op 	-Wno-error=cast-align=strict -Wno-error=ignored-qualifiers 	-Wno-error=cast-function-type -Wno-error=deprecated-declarations 	-Wno-error=stringop-truncation -Wno-error=shadow -Wno-error=cast-qual 	-Wno-error=aggregate-return -Wno-error=missing-field-initializers 	-Wno-error=packed -Wno-error=vla -Wno-error=clobbered -Wno-error=unused-parameter 	-I/home/pli/builds/openpli-scarthgap-build-1-30-2025/openpli-oe-core/build/tmp/work/osmio4k-oe-linux-gnueabi/enigma2/3.12+git/recipe-sysroot/usr/include/freetype2 -I/home/pli/builds/openpli-scarthgap-build-1-30-2025/openpli-oe-core/build/tmp/work/osmio4k-oe-linux-gnueabi/enigma2/3.12+git/recipe-sysroot/usr/include/fribidi -I/home/pli/builds/openpli-scarthgap-build-1-30-2025/openpli-oe-core/build/tmp/work/osmio4k-oe-linux-gnueabi/enigma2/3.12+git/recipe-sysroot/usr/include/glib-2.0 -I/home/pli/builds/openpli-scarthgap-build-1-30-2025/openpli-oe-core/build/tmp/work/osmio4k-oe-linux-gnueabi/enigma2/3.12+git/recipe-sysroot/usr/lib/glib-2.0/include -I/home/pli/builds/openpli-scarthgap-build-1-30-2025/openpli-oe-core/build/tmp/work/osmio4k-oe-linux-gnueabi/enigma2/3.12+git/recipe-sysroot/usr/include/libpng16 -I/home/pli/builds/openpli-scarthgap-build-1-30-2025/openpli-oe-core/build/tmp/work/osmio4k-oe-linux-gnueabi/enigma2/3.12+git/recipe-sysroot/usr/include/libxml2 -I/home/pli/builds/openpli-scarthgap-build-1-30-2025/openpli-oe-core/build/tmp/work/osmio4k-oe-linux-gnueabi/enigma2/3.12+git/recipe-sysroot/usr/include/sigc++-3.0 -I/home/pli/builds/openpli-scarthgap-build-1-30-2025/openpli-oe-core/build/tmp/work/osmio4k-oe-linux-gnueabi/enigma2/3.12+git/recipe-sysroot/usr/lib/sigc++-3.0/include -fno-rtti -fno-exceptions -rdynamic -funwind-tables  -fopenmp  -MT gdi/libenigma_gdi_a-bcm.o -MD -MP -MF gdi/.deps/libenigma_gdi_a-bcm.Tpo -c -o gdi/libenigma_gdi_a-bcm.o `test -f 'gdi/bcm.cpp' || echo '../../git/lib/'`gdi/bcm.cpp

arm-oe-linux-gnueabi-gcc-ranlib components/libenigma_components.a

arm-oe-linux-gnueabi-g++  -march=armv7ve -mfpu=neon-vfpv4 -mfloat-abi=hard -D_TIME_BITS=64 -D_FILE_OFFSET_BITS=64 --sysroot=/home/pli/builds/openpli-scarthgap-build-1-30-2025/openpli-oe-core/build/tmp/work/osmio4k-oe-linux-gnueabi/enigma2/3.12+git/recipe-sysroot -std=gnu++17 -DHAVE_CONFIG_H -I. -I../../git/lib -I..  -I.. -I../../git -I../../git/include -DPY_SSIZE_T_CLEAN -include Python.h -include ../enigma2_config.h -I/home/pli/builds/openpli-scarthgap-build-1-30-2025/openpli-oe-core/build/tmp/work/osmio4k-oe-linux-gnueabi/enigma2/3.12+git/recipe-sysroot/usr/include/python3.12  -Os -pipe -g -feliminate-unused-debug-types -fcanon-prefix-map  -fmacro-prefix-map=/home/pli/builds/openpli-scarthgap-build-1-30-2025/openpli-oe-core/build/tmp/work/osmio4k-oe-linux-gnueabi/enigma2/3.12+git/git=/usr/src/debug/enigma2/3.12+git  -fdebug-prefix-map=/home/pli/builds/openpli-scarthgap-build-1-30-2025/openpli-oe-core/build/tmp/work/osmio4k-oe-linux-gnueabi/enigma2/3.12+git/git=/usr/src/debug/enigma2/3.12+git  -fmacro-prefix-map=/home/pli/builds/openpli-scarthgap-build-1-30-2025/openpli-oe-core/build/tmp/work/osmio4k-oe-linux-gnueabi/enigma2/3.12+git/build=/usr/src/debug/enigma2/3.12+git  -fdebug-prefix-map=/home/pli/builds/openpli-scarthgap-build-1-30-2025/openpli-oe-core/build/tmp/work/osmio4k-oe-linux-gnueabi/enigma2/3.12+git/build=/usr/src/debug/enigma2/3.12+git  -fdebug-prefix-map=/home/pli/builds/openpli-scarthgap-build-1-30-2025/openpli-oe-core/build/tmp/work/osmio4k-oe-linux-gnueabi/enigma2/3.12+git/recipe-sysroot=  -fmacro-prefix-map=/home/pli/builds/openpli-scarthgap-build-1-30-2025/openpli-oe-core/build/tmp/work/osmio4k-oe-linux-gnueabi/enigma2/3.12+git/recipe-sysroot=  -fdebug-prefix-map=/home/pli/builds/openpli-scarthgap-build-1-30-2025/openpli-oe-core/build/tmp/work/osmio4k-oe-linux-gnueabi/enigma2/3.12+git/recipe-sysroot-native=  -fvisibility-inlines-hidden -Wattribute-alias -Wattribute-alias=1 -Wall -Wextra -Werror 	-Wformat=2 -Wformat-overflow=2 -Wformat-nonliteral -Wformat-security 	-Wimplicit-fallthrough=5 -Wduplicated-branches -Wtrampolines 	-Wdangling-else -Wshift-overflow=2 -Wswitch 	-Wunused-but-set-parameter -Wunused-const-variable=1 -Wuninitialized 	-Wstringop-overflow=3 -Woverlength-strings 	-Wunsafe-loop-optimizations -Wpointer-arith 	-Wfloat-equal -Wlogical-op 	-Wno-error=cast-align=strict -Wno-error=ignored-qualifiers 	-Wno-error=cast-function-type -Wno-error=deprecated-declarations 	-Wno-error=stringop-truncation -Wno-error=shadow -Wno-error=cast-qual 	-Wno-error=aggregate-return -Wno-error=missing-field-initializers 	-Wno-error=packed -Wno-error=vla -Wno-error=clobbered -Wno-error=unused-parameter 	-I/home/pli/builds/openpli-scarthgap-build-1-30-2025/openpli-oe-core/build/tmp/work/osmio4k-oe-linux-gnueabi/enigma2/3.12+git/recipe-sysroot/usr/include/freetype2 -I/home/pli/builds/openpli-scarthgap-build-1-30-2025/openpli-oe-core/build/tmp/work/osmio4k-oe-linux-gnueabi/enigma2/3.12+git/recipe-sysroot/usr/include/fribidi -I/home/pli/builds/openpli-scarthgap-build-1-30-2025/openpli-oe-core/build/tmp/work/osmio4k-oe-linux-gnueabi/enigma2/3.12+git/recipe-sysroot/usr/include/glib-2.0 -I/home/pli/builds/openpli-scarthgap-build-1-30-2025/openpli-oe-core/build/tmp/work/osmio4k-oe-linux-gnueabi/enigma2/3.12+git/recipe-sysroot/usr/lib/glib-2.0/include -I/home/pli/builds/openpli-scarthgap-build-1-30-2025/openpli-oe-core/build/tmp/work/osmio4k-oe-linux-gnueabi/enigma2/3.12+git/recipe-sysroot/usr/include/libpng16 -I/home/pli/builds/openpli-scarthgap-build-1-30-2025/openpli-oe-core/build/tmp/work/osmio4k-oe-linux-gnueabi/enigma2/3.12+git/recipe-sysroot/usr/include/libxml2 -I/home/pli/builds/openpli-scarthgap-build-1-30-2025/openpli-oe-core/build/tmp/work/osmio4k-oe-linux-gnueabi/enigma2/3.12+git/recipe-sysroot/usr/include/sigc++-3.0 -I/home/pli/builds/openpli-scarthgap-build-1-30-2025/openpli-oe-core/build/tmp/work/osmio4k-oe-linux-gnueabi/enigma2/3.12+git/recipe-sysroot/usr/lib/sigc++-3.0/include -fno-rtti -fno-exceptions -rdynamic -funwind-tables  -fopenmp  -MT gdi/libenigma_gdi_a-compositing.o -MD -MP -MF gdi/.deps/libenigma_gdi_a-compositing.Tpo -c -o gdi/libenigma_gdi_a-compositing.o `test -f 'gdi/compositing.cpp' || echo '../../git/lib/'`gdi/compositing.cpp

arm-oe-linux-gnueabi-g++  -march=armv7ve -mfpu=neon-vfpv4 -mfloat-abi=hard -D_TIME_BITS=64 -D_FILE_OFFSET_BITS=64 --sysroot=/home/pli/builds/openpli-scarthgap-build-1-30-2025/openpli-oe-core/build/tmp/work/osmio4k-oe-linux-gnueabi/enigma2/3.12+git/recipe-sysroot -std=gnu++17 -DHAVE_CONFIG_H -I. -I../../git/lib -I..  -I.. -I../../git -I../../git/include -DPY_SSIZE_T_CLEAN -include Python.h -include ../enigma2_config.h -I/home/pli/builds/openpli-scarthgap-build-1-30-2025/openpli-oe-core/build/tmp/work/osmio4k-oe-linux-gnueabi/enigma2/3.12+git/recipe-sysroot/usr/include/python3.12  -Os -pipe -g -feliminate-unused-debug-types -fcanon-prefix-map  -fmacro-prefix-map=/home/pli/builds/openpli-scarthgap-build-1-30-2025/openpli-oe-core/build/tmp/work/osmio4k-oe-linux-gnueabi/enigma2/3.12+git/git=/usr/src/debug/enigma2/3.12+git  -fdebug-prefix-map=/home/pli/builds/openpli-scarthgap-build-1-30-2025/openpli-oe-core/build/tmp/work/osmio4k-oe-linux-gnueabi/enigma2/3.12+git/git=/usr/src/debug/enigma2/3.12+git  -fmacro-prefix-map=/home/pli/builds/openpli-scarthgap-build-1-30-2025/openpli-oe-core/build/tmp/work/osmio4k-oe-linux-gnueabi/enigma2/3.12+git/build=/usr/src/debug/enigma2/3.12+git  -fdebug-prefix-map=/home/pli/builds/openpli-scarthgap-build-1-30-2025/openpli-oe-core/build/tmp/work/osmio4k-oe-linux-gnueabi/enigma2/3.12+git/build=/usr/src/debug/enigma2/3.12+git  -fdebug-prefix-map=/home/pli/builds/openpli-scarthgap-build-1-30-2025/openpli-oe-core/build/tmp/work/osmio4k-oe-linux-gnueabi/enigma2/3.12+git/recipe-sysroot=  -fmacro-prefix-map=/home/pli/builds/openpli-scarthgap-build-1-30-2025/openpli-oe-core/build/tmp/work/osmio4k-oe-linux-gnueabi/enigma2/3.12+git/recipe-sysroot=  -fdebug-prefix-map=/home/pli/builds/openpli-scarthgap-build-1-30-2025/openpli-oe-core/build/tmp/work/osmio4k-oe-linux-gnueabi/enigma2/3.12+git/recipe-sysroot-native=  -fvisibility-inlines-hidden -Wattribute-alias -Wattribute-alias=1 -Wall -Wextra -Werror 	-Wformat=2 -Wformat-overflow=2 -Wformat-nonliteral -Wformat-security 	-Wimplicit-fallthrough=5 -Wduplicated-branches -Wtrampolines 	-Wdangling-else -Wshift-overflow=2 -Wswitch 	-Wunused-but-set-parameter -Wunused-const-variable=1 -Wuninitialized 	-Wstringop-overflow=3 -Woverlength-strings 	-Wunsafe-loop-optimizations -Wpointer-arith 	-Wfloat-equal -Wlogical-op 	-Wno-error=cast-align=strict -Wno-error=ignored-qualifiers 	-Wno-error=cast-function-type -Wno-error=deprecated-declarations 	-Wno-error=stringop-truncation -Wno-error=shadow -Wno-error=cast-qual 	-Wno-error=aggregate-return -Wno-error=missing-field-initializers 	-Wno-error=packed -Wno-error=vla -Wno-error=clobbered -Wno-error=unused-parameter 	-I/home/pli/builds/openpli-scarthgap-build-1-30-2025/openpli-oe-core/build/tmp/work/osmio4k-oe-linux-gnueabi/enigma2/3.12+git/recipe-sysroot/usr/include/freetype2 -I/home/pli/builds/openpli-scarthgap-build-1-30-2025/openpli-oe-core/build/tmp/work/osmio4k-oe-linux-gnueabi/enigma2/3.12+git/recipe-sysroot/usr/include/fribidi -I/home/pli/builds/openpli-scarthgap-build-1-30-2025/openpli-oe-core/build/tmp/work/osmio4k-oe-linux-gnueabi/enigma2/3.12+git/recipe-sysroot/usr/include/glib-2.0 -I/home/pli/builds/openpli-scarthgap-build-1-30-2025/openpli-oe-core/build/tmp/work/osmio4k-oe-linux-gnueabi/enigma2/3.12+git/recipe-sysroot/usr/lib/glib-2.0/include -I/home/pli/builds/openpli-scarthgap-build-1-30-2025/openpli-oe-core/build/tmp/work/osmio4k-oe-linux-gnueabi/enigma2/3.12+git/recipe-sysroot/usr/include/libpng16 -I/home/pli/builds/openpli-scarthgap-build-1-30-2025/openpli-oe-core/build/tmp/work/osmio4k-oe-linux-gnueabi/enigma2/3.12+git/recipe-sysroot/usr/include/libxml2 -I/home/pli/builds/openpli-scarthgap-build-1-30-2025/openpli-oe-core/build/tmp/work/osmio4k-oe-linux-gnueabi/enigma2/3.12+git/recipe-sysroot/usr/include/sigc++-3.0 -I/home/pli/builds/openpli-scarthgap-build-1-30-2025/openpli-oe-core/build/tmp/work/osmio4k-oe-linux-gnueabi/enigma2/3.12+git/recipe-sysroot/usr/lib/sigc++-3.0/include -fno-rtti -fno-exceptions -rdynamic -funwind-tables  -fopenmp  -MT gdi/libenigma_gdi_a-drawing.o -MD -MP -MF gdi/.deps/libenigma_gdi_a-drawing.Tpo -c -o gdi/libenigma_gdi_a-drawing.o `test -f 'gdi/drawing.cpp' || echo '../../git/lib/'`gdi/drawing.cpp

arm-oe-linux-gnueabi-g++  -march=armv7ve -mfpu=neon-vfpv4 -mfloat-abi=hard -D_TIME_BITS=64 -D_FILE_OFFSET_BITS=64 --sysroot=/home/pli/builds/openpli-scarthgap-build-1-30-2025/openpli-oe-core/build/tmp/work/osmio4k-oe-linux-gnueabi/enigma2/3.12+git/recipe-sysroot -std=gnu++17 -DHAVE_CONFIG_H -I. -I../../git/lib -I..  -I.. -I../../git -I../../git/include -DPY_SSIZE_T_CLEAN -include Python.h -include ../enigma2_config.h -I/home/pli/builds/openpli-scarthgap-build-1-30-2025/openpli-oe-core/build/tmp/work/osmio4k-oe-linux-gnueabi/enigma2/3.12+git/recipe-sysroot/usr/include/python3.12  -Os -pipe -g -feliminate-unused-debug-types -fcanon-prefix-map  -fmacro-prefix-map=/home/pli/builds/openpli-scarthgap-build-1-30-2025/openpli-oe-core/build/tmp/work/osmio4k-oe-linux-gnueabi/enigma2/3.12+git/git=/usr/src/debug/enigma2/3.12+git  -fdebug-prefix-map=/home/pli/builds/openpli-scarthgap-build-1-30-2025/openpli-oe-core/build/tmp/work/osmio4k-oe-linux-gnueabi/enigma2/3.12+git/git=/usr/src/debug/enigma2/3.12+git  -fmacro-prefix-map=/home/pli/builds/openpli-scarthgap-build-1-30-2025/openpli-oe-core/build/tmp/work/osmio4k-oe-linux-gnueabi/enigma2/3.12+git/build=/usr/src/debug/enigma2/3.12+git  -fdebug-prefix-map=/home/pli/builds/openpli-scarthgap-build-1-30-2025/openpli-oe-core/build/tmp/work/osmio4k-oe-linux-gnueabi/enigma2/3.12+git/build=/usr/src/debug/enigma2/3.12+git  -fdebug-prefix-map=/home/pli/builds/openpli-scarthgap-build-1-30-2025/openpli-oe-core/build/tmp/work/osmio4k-oe-linux-gnueabi/enigma2/3.12+git/recipe-sysroot=  -fmacro-prefix-map=/home/pli/builds/openpli-scarthgap-build-1-30-2025/openpli-oe-core/build/tmp/work/osmio4k-oe-linux-gnueabi/enigma2/3.12+git/recipe-sysroot=  -fdebug-prefix-map=/home/pli/builds/openpli-scarthgap-build-1-30-2025/openpli-oe-core/build/tmp/work/osmio4k-oe-linux-gnueabi/enigma2/3.12+git/recipe-sysroot-native=  -fvisibility-inlines-hidden -Wattribute-alias -Wattribute-alias=1 -Wall -Wextra -Werror 	-Wformat=2 -Wformat-overflow=2 -Wformat-nonliteral -Wformat-security 	-Wimplicit-fallthrough=5 -Wduplicated-branches -Wtrampolines 	-Wdangling-else -Wshift-overflow=2 -Wswitch 	-Wunused-but-set-parameter -Wunused-const-variable=1 -Wuninitialized 	-Wstringop-overflow=3 -Woverlength-strings 	-Wunsafe-loop-optimizations -Wpointer-arith 	-Wfloat-equal -Wlogical-op 	-Wno-error=cast-align=strict -Wno-error=ignored-qualifiers 	-Wno-error=cast-function-type -Wno-error=deprecated-declarations 	-Wno-error=stringop-truncation -Wno-error=shadow -Wno-error=cast-qual 	-Wno-error=aggregate-return -Wno-error=missing-field-initializers 	-Wno-error=packed -Wno-error=vla -Wno-error=clobbered -Wno-error=unused-parameter 	-I/home/pli/builds/openpli-scarthgap-build-1-30-2025/openpli-oe-core/build/tmp/work/osmio4k-oe-linux-gnueabi/enigma2/3.12+git/recipe-sysroot/usr/include/freetype2 -I/home/pli/builds/openpli-scarthgap-build-1-30-2025/openpli-oe-core/build/tmp/work/osmio4k-oe-linux-gnueabi/enigma2/3.12+git/recipe-sysroot/usr/include/fribidi -I/home/pli/builds/openpli-scarthgap-build-1-30-2025/openpli-oe-core/build/tmp/work/osmio4k-oe-linux-gnueabi/enigma2/3.12+git/recipe-sysroot/usr/include/glib-2.0 -I/home/pli/builds/openpli-scarthgap-build-1-30-2025/openpli-oe-core/build/tmp/work/osmio4k-oe-linux-gnueabi/enigma2/3.12+git/recipe-sysroot/usr/lib/glib-2.0/include -I/home/pli/builds/openpli-scarthgap-build-1-30-2025/openpli-oe-core/build/tmp/work/osmio4k-oe-linux-gnueabi/enigma2/3.12+git/recipe-sysroot/usr/include/libpng16 -I/home/pli/builds/openpli-scarthgap-build-1-30-2025/openpli-oe-core/build/tmp/work/osmio4k-oe-linux-gnueabi/enigma2/3.12+git/recipe-sysroot/usr/include/libxml2 -I/home/pli/builds/openpli-scarthgap-build-1-30-2025/openpli-oe-core/build/tmp/work/osmio4k-oe-linux-gnueabi/enigma2/3.12+git/recipe-sysroot/usr/include/sigc++-3.0 -I/home/pli/builds/openpli-scarthgap-build-1-30-2025/openpli-oe-core/build/tmp/work/osmio4k-oe-linux-gnueabi/enigma2/3.12+git/recipe-sysroot/usr/lib/sigc++-3.0/include -fno-rtti -fno-exceptions -rdynamic -funwind-tables  -fopenmp  -MT gdi/libenigma_gdi_a-epng.o -MD -MP -MF gdi/.deps/libenigma_gdi_a-epng.Tpo -c -o gdi/libenigma_gdi_a-epng.o `test -f 'gdi/epng.cpp' || echo '../../git/lib/'`gdi/epng.cpp

arm-oe-linux-gnueabi-g++  -march=armv7ve -mfpu=neon-vfpv4 -mfloat-abi=hard -D_TIME_BITS=64 -D_FILE_OFFSET_BITS=64 --sysroot=/home/pli/builds/openpli-scarthgap-build-1-30-2025/openpli-oe-core/build/tmp/work/osmio4k-oe-linux-gnueabi/enigma2/3.12+git/recipe-sysroot -std=gnu++17 -DHAVE_CONFIG_H -I. -I../../git/lib -I..  -I.. -I../../git -I../../git/include -DPY_SSIZE_T_CLEAN -include Python.h -include ../enigma2_config.h -I/home/pli/builds/openpli-scarthgap-build-1-30-2025/openpli-oe-core/build/tmp/work/osmio4k-oe-linux-gnueabi/enigma2/3.12+git/recipe-sysroot/usr/include/python3.12  -Os -pipe -g -feliminate-unused-debug-types -fcanon-prefix-map  -fmacro-prefix-map=/home/pli/builds/openpli-scarthgap-build-1-30-2025/openpli-oe-core/build/tmp/work/osmio4k-oe-linux-gnueabi/enigma2/3.12+git/git=/usr/src/debug/enigma2/3.12+git  -fdebug-prefix-map=/home/pli/builds/openpli-scarthgap-build-1-30-2025/openpli-oe-core/build/tmp/work/osmio4k-oe-linux-gnueabi/enigma2/3.12+git/git=/usr/src/debug/enigma2/3.12+git  -fmacro-prefix-map=/home/pli/builds/openpli-scarthgap-build-1-30-2025/openpli-oe-core/build/tmp/work/osmio4k-oe-linux-gnueabi/enigma2/3.12+git/build=/usr/src/debug/enigma2/3.12+git  -fdebug-prefix-map=/home/pli/builds/openpli-scarthgap-build-1-30-2025/openpli-oe-core/build/tmp/work/osmio4k-oe-linux-gnueabi/enigma2/3.12+git/build=/usr/src/debug/enigma2/3.12+git  -fdebug-prefix-map=/home/pli/builds/openpli-scarthgap-build-1-30-2025/openpli-oe-core/build/tmp/work/osmio4k-oe-linux-gnueabi/enigma2/3.12+git/recipe-sysroot=  -fmacro-prefix-map=/home/pli/builds/openpli-scarthgap-build-1-30-2025/openpli-oe-core/build/tmp/work/osmio4k-oe-linux-gnueabi/enigma2/3.12+git/recipe-sysroot=  -fdebug-prefix-map=/home/pli/builds/openpli-scarthgap-build-1-30-2025/openpli-oe-core/build/tmp/work/osmio4k-oe-linux-gnueabi/enigma2/3.12+git/recipe-sysroot-native=  -fvisibility-inlines-hidden -Wattribute-alias -Wattribute-alias=1 -Wall -Wextra -Werror 	-Wformat=2 -Wformat-overflow=2 -Wformat-nonliteral -Wformat-security 	-Wimplicit-fallthrough=5 -Wduplicated-branches -Wtrampolines 	-Wdangling-else -Wshift-overflow=2 -Wswitch 	-Wunused-but-set-parameter -Wunused-const-variable=1 -Wuninitialized 	-Wstringop-overflow=3 -Woverlength-strings 	-Wunsafe-loop-optimizations -Wpointer-arith 	-Wfloat-equal -Wlogical-op 	-Wno-error=cast-align=strict -Wno-error=ignored-qualifiers 	-Wno-error=cast-function-type -Wno-error=deprecated-declarations 	-Wno-error=stringop-truncation -Wno-error=shadow -Wno-error=cast-qual 	-Wno-error=aggregate-return -Wno-error=missing-field-initializers 	-Wno-error=packed -Wno-error=vla -Wno-error=clobbered -Wno-error=unused-parameter 	-I/home/pli/builds/openpli-scarthgap-build-1-30-2025/openpli-oe-core/build/tmp/work/osmio4k-oe-linux-gnueabi/enigma2/3.12+git/recipe-sysroot/usr/include/freetype2 -I/home/pli/builds/openpli-scarthgap-build-1-30-2025/openpli-oe-core/build/tmp/work/osmio4k-oe-linux-gnueabi/enigma2/3.12+git/recipe-sysroot/usr/include/fribidi -I/home/pli/builds/openpli-scarthgap-build-1-30-2025/openpli-oe-core/build/tmp/work/osmio4k-oe-linux-gnueabi/enigma2/3.12+git/recipe-sysroot/usr/include/glib-2.0 -I/home/pli/builds/openpli-scarthgap-build-1-30-2025/openpli-oe-core/build/tmp/work/osmio4k-oe-linux-gnueabi/enigma2/3.12+git/recipe-sysroot/usr/lib/glib-2.0/include -I/home/pli/builds/openpli-scarthgap-build-1-30-2025/openpli-oe-core/build/tmp/work/osmio4k-oe-linux-gnueabi/enigma2/3.12+git/recipe-sysroot/usr/include/libpng16 -I/home/pli/builds/openpli-scarthgap-build-1-30-2025/openpli-oe-core/build/tmp/work/osmio4k-oe-linux-gnueabi/enigma2/3.12+git/recipe-sysroot/usr/include/libxml2 -I/home/pli/builds/openpli-scarthgap-build-1-30-2025/openpli-oe-core/build/tmp/work/osmio4k-oe-linux-gnueabi/enigma2/3.12+git/recipe-sysroot/usr/include/sigc++-3.0 -I/home/pli/builds/openpli-scarthgap-build-1-30-2025/openpli-oe-core/build/tmp/work/osmio4k-oe-linux-gnueabi/enigma2/3.12+git/recipe-sysroot/usr/lib/sigc++-3.0/include -fno-rtti -fno-exceptions -rdynamic -funwind-tables  -fopenmp  -MT gdi/libenigma_gdi_a-erect.o -MD -MP -MF gdi/.deps/libenigma_gdi_a-erect.Tpo -c -o gdi/libenigma_gdi_a-erect.o `test -f 'gdi/erect.cpp' || echo '../../git/lib/'`gdi/erect.cpp

arm-oe-linux-gnueabi-g++  -march=armv7ve -mfpu=neon-vfpv4 -mfloat-abi=hard -D_TIME_BITS=64 -D_FILE_OFFSET_BITS=64 --sysroot=/home/pli/builds/openpli-scarthgap-build-1-30-2025/openpli-oe-core/build/tmp/work/osmio4k-oe-linux-gnueabi/enigma2/3.12+git/recipe-sysroot -std=gnu++17 -DHAVE_CONFIG_H -I. -I../../git/lib -I..  -I.. -I../../git -I../../git/include -DPY_SSIZE_T_CLEAN -include Python.h -include ../enigma2_config.h -I/home/pli/builds/openpli-scarthgap-build-1-30-2025/openpli-oe-core/build/tmp/work/osmio4k-oe-linux-gnueabi/enigma2/3.12+git/recipe-sysroot/usr/include/python3.12  -Os -pipe -g -feliminate-unused-debug-types -fcanon-prefix-map  -fmacro-prefix-map=/home/pli/builds/openpli-scarthgap-build-1-30-2025/openpli-oe-core/build/tmp/work/osmio4k-oe-linux-gnueabi/enigma2/3.12+git/git=/usr/src/debug/enigma2/3.12+git  -fdebug-prefix-map=/home/pli/builds/openpli-scarthgap-build-1-30-2025/openpli-oe-core/build/tmp/work/osmio4k-oe-linux-gnueabi/enigma2/3.12+git/git=/usr/src/debug/enigma2/3.12+git  -fmacro-prefix-map=/home/pli/builds/openpli-scarthgap-build-1-30-2025/openpli-oe-core/build/tmp/work/osmio4k-oe-linux-gnueabi/enigma2/3.12+git/build=/usr/src/debug/enigma2/3.12+git  -fdebug-prefix-map=/home/pli/builds/openpli-scarthgap-build-1-30-2025/openpli-oe-core/build/tmp/work/osmio4k-oe-linux-gnueabi/enigma2/3.12+git/build=/usr/src/debug/enigma2/3.12+git  -fdebug-prefix-map=/home/pli/builds/openpli-scarthgap-build-1-30-2025/openpli-oe-core/build/tmp/work/osmio4k-oe-linux-gnueabi/enigma2/3.12+git/recipe-sysroot=  -fmacro-prefix-map=/home/pli/builds/openpli-scarthgap-build-1-30-2025/openpli-oe-core/build/tmp/work/osmio4k-oe-linux-gnueabi/enigma2/3.12+git/recipe-sysroot=  -fdebug-prefix-map=/home/pli/builds/openpli-scarthgap-build-1-30-2025/openpli-oe-core/build/tmp/work/osmio4k-oe-linux-gnueabi/enigma2/3.12+git/recipe-sysroot-native=  -fvisibility-inlines-hidden -Wattribute-alias -Wattribute-alias=1 -Wall -Wextra -Werror 	-Wformat=2 -Wformat-overflow=2 -Wformat-nonliteral -Wformat-security 	-Wimplicit-fallthrough=5 -Wduplicated-branches -Wtrampolines 	-Wdangling-else -Wshift-overflow=2 -Wswitch 	-Wunused-but-set-parameter -Wunused-const-variable=1 -Wuninitialized 	-Wstringop-overflow=3 -Woverlength-strings 	-Wunsafe-loop-optimizations -Wpointer-arith 	-Wfloat-equal -Wlogical-op 	-Wno-error=cast-align=strict -Wno-error=ignored-qualifiers 	-Wno-error=cast-function-type -Wno-error=deprecated-declarations 	-Wno-error=stringop-truncation -Wno-error=shadow -Wno-error=cast-qual 	-Wno-error=aggregate-return -Wno-error=missing-field-initializers 	-Wno-error=packed -Wno-error=vla -Wno-error=clobbered -Wno-error=unused-parameter 	-I/home/pli/builds/openpli-scarthgap-build-1-30-2025/openpli-oe-core/build/tmp/work/osmio4k-oe-linux-gnueabi/enigma2/3.12+git/recipe-sysroot/usr/include/freetype2 -I/home/pli/builds/openpli-scarthgap-build-1-30-2025/openpli-oe-core/build/tmp/work/osmio4k-oe-linux-gnueabi/enigma2/3.12+git/recipe-sysroot/usr/include/fribidi -I/home/pli/builds/openpli-scarthgap-build-1-30-2025/openpli-oe-core/build/tmp/work/osmio4k-oe-linux-gnueabi/enigma2/3.12+git/recipe-sysroot/usr/include/glib-2.0 -I/home/pli/builds/openpli-scarthgap-build-1-30-2025/openpli-oe-core/build/tmp/work/osmio4k-oe-linux-gnueabi/enigma2/3.12+git/recipe-sysroot/usr/lib/glib-2.0/include -I/home/pli/builds/openpli-scarthgap-build-1-30-2025/openpli-oe-core/build/tmp/work/osmio4k-oe-linux-gnueabi/enigma2/3.12+git/recipe-sysroot/usr/include/libpng16 -I/home/pli/builds/openpli-scarthgap-build-1-30-2025/openpli-oe-core/build/tmp/work/osmio4k-oe-linux-gnueabi/enigma2/3.12+git/recipe-sysroot/usr/include/libxml2 -I/home/pli/builds/openpli-scarthgap-build-1-30-2025/openpli-oe-core/build/tmp/work/osmio4k-oe-linux-gnueabi/enigma2/3.12+git/recipe-sysroot/usr/include/sigc++-3.0 -I/home/pli/builds/openpli-scarthgap-build-1-30-2025/openpli-oe-core/build/tmp/work/osmio4k-oe-linux-gnueabi/enigma2/3.12+git/recipe-sysroot/usr/lib/sigc++-3.0/include -fno-rtti -fno-exceptions -rdynamic -funwind-tables  -fopenmp  -MT gdi/libenigma_gdi_a-fb.o -MD -MP -MF gdi/.deps/libenigma_gdi_a-fb.Tpo -c -o gdi/libenigma_gdi_a-fb.o `test -f 'gdi/fb.cpp' || echo '../../git/lib/'`gdi/fb.cpp

arm-oe-linux-gnueabi-g++  -march=armv7ve -mfpu=neon-vfpv4 -mfloat-abi=hard -D_TIME_BITS=64 -D_FILE_OFFSET_BITS=64 --sysroot=/home/pli/builds/openpli-scarthgap-build-1-30-2025/openpli-oe-core/build/tmp/work/osmio4k-oe-linux-gnueabi/enigma2/3.12+git/recipe-sysroot -std=gnu++17 -DHAVE_CONFIG_H -I. -I../../git/lib -I..  -I.. -I../../git -I../../git/include -DPY_SSIZE_T_CLEAN -include Python.h -include ../enigma2_config.h -I/home/pli/builds/openpli-scarthgap-build-1-30-2025/openpli-oe-core/build/tmp/work/osmio4k-oe-linux-gnueabi/enigma2/3.12+git/recipe-sysroot/usr/include/python3.12  -Os -pipe -g -feliminate-unused-debug-types -fcanon-prefix-map  -fmacro-prefix-map=/home/pli/builds/openpli-scarthgap-build-1-30-2025/openpli-oe-core/build/tmp/work/osmio4k-oe-linux-gnueabi/enigma2/3.12+git/git=/usr/src/debug/enigma2/3.12+git  -fdebug-prefix-map=/home/pli/builds/openpli-scarthgap-build-1-30-2025/openpli-oe-core/build/tmp/work/osmio4k-oe-linux-gnueabi/enigma2/3.12+git/git=/usr/src/debug/enigma2/3.12+git  -fmacro-prefix-map=/home/pli/builds/openpli-scarthgap-build-1-30-2025/openpli-oe-core/build/tmp/work/osmio4k-oe-linux-gnueabi/enigma2/3.12+git/build=/usr/src/debug/enigma2/3.12+git  -fdebug-prefix-map=/home/pli/builds/openpli-scarthgap-build-1-30-2025/openpli-oe-core/build/tmp/work/osmio4k-oe-linux-gnueabi/enigma2/3.12+git/build=/usr/src/debug/enigma2/3.12+git  -fdebug-prefix-map=/home/pli/builds/openpli-scarthgap-build-1-30-2025/openpli-oe-core/build/tmp/work/osmio4k-oe-linux-gnueabi/enigma2/3.12+git/recipe-sysroot=  -fmacro-prefix-map=/home/pli/builds/openpli-scarthgap-build-1-30-2025/openpli-oe-core/build/tmp/work/osmio4k-oe-linux-gnueabi/enigma2/3.12+git/recipe-sysroot=  -fdebug-prefix-map=/home/pli/builds/openpli-scarthgap-build-1-30-2025/openpli-oe-core/build/tmp/work/osmio4k-oe-linux-gnueabi/enigma2/3.12+git/recipe-sysroot-native=  -fvisibility-inlines-hidden -Wattribute-alias -Wattribute-alias=1 -Wall -Wextra -Werror 	-Wformat=2 -Wformat-overflow=2 -Wformat-nonliteral -Wformat-security 	-Wimplicit-fallthrough=5 -Wduplicated-branches -Wtrampolines 	-Wdangling-else -Wshift-overflow=2 -Wswitch 	-Wunused-but-set-parameter -Wunused-const-variable=1 -Wuninitialized 	-Wstringop-overflow=3 -Woverlength-strings 	-Wunsafe-loop-optimizations -Wpointer-arith 	-Wfloat-equal -Wlogical-op 	-Wno-error=cast-align=strict -Wno-error=ignored-qualifiers 	-Wno-error=cast-function-type -Wno-error=deprecated-declarations 	-Wno-error=stringop-truncation -Wno-error=shadow -Wno-error=cast-qual 	-Wno-error=aggregate-return -Wno-error=missing-field-initializers 	-Wno-error=packed -Wno-error=vla -Wno-error=clobbered -Wno-error=unused-parameter 	-I/home/pli/builds/openpli-scarthgap-build-1-30-2025/openpli-oe-core/build/tmp/work/osmio4k-oe-linux-gnueabi/enigma2/3.12+git/recipe-sysroot/usr/include/freetype2 -I/home/pli/builds/openpli-scarthgap-build-1-30-2025/openpli-oe-core/build/tmp/work/osmio4k-oe-linux-gnueabi/enigma2/3.12+git/recipe-sysroot/usr/include/fribidi -I/home/pli/builds/openpli-scarthgap-build-1-30-2025/openpli-oe-core/build/tmp/work/osmio4k-oe-linux-gnueabi/enigma2/3.12+git/recipe-sysroot/usr/include/glib-2.0 -I/home/pli/builds/openpli-scarthgap-build-1-30-2025/openpli-oe-core/build/tmp/work/osmio4k-oe-linux-gnueabi/enigma2/3.12+git/recipe-sysroot/usr/lib/glib-2.0/include -I/home/pli/builds/openpli-scarthgap-build-1-30-2025/openpli-oe-core/build/tmp/work/osmio4k-oe-linux-gnueabi/enigma2/3.12+git/recipe-sysroot/usr/include/libpng16 -I/home/pli/builds/openpli-scarthgap-build-1-30-2025/openpli-oe-core/build/tmp/work/osmio4k-oe-linux-gnueabi/enigma2/3.12+git/recipe-sysroot/usr/include/libxml2 -I/home/pli/builds/openpli-scarthgap-build-1-30-2025/openpli-oe-core/build/tmp/work/osmio4k-oe-linux-gnueabi/enigma2/3.12+git/recipe-sysroot/usr/include/sigc++-3.0 -I/home/pli/builds/openpli-scarthgap-build-1-30-2025/openpli-oe-core/build/tmp/work/osmio4k-oe-linux-gnueabi/enigma2/3.12+git/recipe-sysroot/usr/lib/sigc++-3.0/include -fno-rtti -fno-exceptions -rdynamic -funwind-tables  -fopenmp  -MT gdi/libenigma_gdi_a-fblcd.o -MD -MP -MF gdi/.deps/libenigma_gdi_a-fblcd.Tpo -c -o gdi/libenigma_gdi_a-fblcd.o `test -f 'gdi/fblcd.cpp' || echo '../../git/lib/'`gdi/fblcd.cpp

arm-oe-linux-gnueabi-g++  -march=armv7ve -mfpu=neon-vfpv4 -mfloat-abi=hard -D_TIME_BITS=64 -D_FILE_OFFSET_BITS=64 --sysroot=/home/pli/builds/openpli-scarthgap-build-1-30-2025/openpli-oe-core/build/tmp/work/osmio4k-oe-linux-gnueabi/enigma2/3.12+git/recipe-sysroot -std=gnu++17 -DHAVE_CONFIG_H -I. -I../../git/lib -I..  -I.. -I../../git -I../../git/include -DPY_SSIZE_T_CLEAN -include Python.h -include ../enigma2_config.h -I/home/pli/builds/openpli-scarthgap-build-1-30-2025/openpli-oe-core/build/tmp/work/osmio4k-oe-linux-gnueabi/enigma2/3.12+git/recipe-sysroot/usr/include/python3.12  -Os -pipe -g -feliminate-unused-debug-types -fcanon-prefix-map  -fmacro-prefix-map=/home/pli/builds/openpli-scarthgap-build-1-30-2025/openpli-oe-core/build/tmp/work/osmio4k-oe-linux-gnueabi/enigma2/3.12+git/git=/usr/src/debug/enigma2/3.12+git  -fdebug-prefix-map=/home/pli/builds/openpli-scarthgap-build-1-30-2025/openpli-oe-core/build/tmp/work/osmio4k-oe-linux-gnueabi/enigma2/3.12+git/git=/usr/src/debug/enigma2/3.12+git  -fmacro-prefix-map=/home/pli/builds/openpli-scarthgap-build-1-30-2025/openpli-oe-core/build/tmp/work/osmio4k-oe-linux-gnueabi/enigma2/3.12+git/build=/usr/src/debug/enigma2/3.12+git  -fdebug-prefix-map=/home/pli/builds/openpli-scarthgap-build-1-30-2025/openpli-oe-core/build/tmp/work/osmio4k-oe-linux-gnueabi/enigma2/3.12+git/build=/usr/src/debug/enigma2/3.12+git  -fdebug-prefix-map=/home/pli/builds/openpli-scarthgap-build-1-30-2025/openpli-oe-core/build/tmp/work/osmio4k-oe-linux-gnueabi/enigma2/3.12+git/recipe-sysroot=  -fmacro-prefix-map=/home/pli/builds/openpli-scarthgap-build-1-30-2025/openpli-oe-core/build/tmp/work/osmio4k-oe-linux-gnueabi/enigma2/3.12+git/recipe-sysroot=  -fdebug-prefix-map=/home/pli/builds/openpli-scarthgap-build-1-30-2025/openpli-oe-core/build/tmp/work/osmio4k-oe-linux-gnueabi/enigma2/3.12+git/recipe-sysroot-native=  -fvisibility-inlines-hidden -Wattribute-alias -Wattribute-alias=1 -Wall -Wextra -Werror 	-Wformat=2 -Wformat-overflow=2 -Wformat-nonliteral -Wformat-security 	-Wimplicit-fallthrough=5 -Wduplicated-branches -Wtrampolines 	-Wdangling-else -Wshift-overflow=2 -Wswitch 	-Wunused-but-set-parameter -Wunused-const-variable=1 -Wuninitialized 	-Wstringop-overflow=3 -Woverlength-strings 	-Wunsafe-loop-optimizations -Wpointer-arith 	-Wfloat-equal -Wlogical-op 	-Wno-error=cast-align=strict -Wno-error=ignored-qualifiers 	-Wno-error=cast-function-type -Wno-error=deprecated-declarations 	-Wno-error=stringop-truncation -Wno-error=shadow -Wno-error=cast-qual 	-Wno-error=aggregate-return -Wno-error=missing-field-initializers 	-Wno-error=packed -Wno-error=vla -Wno-error=clobbered -Wno-error=unused-parameter 	-I/home/pli/builds/openpli-scarthgap-build-1-30-2025/openpli-oe-core/build/tmp/work/osmio4k-oe-linux-gnueabi/enigma2/3.12+git/recipe-sysroot/usr/include/freetype2 -I/home/pli/builds/openpli-scarthgap-build-1-30-2025/openpli-oe-core/build/tmp/work/osmio4k-oe-linux-gnueabi/enigma2/3.12+git/recipe-sysroot/usr/include/fribidi -I/home/pli/builds/openpli-scarthgap-build-1-30-2025/openpli-oe-core/build/tmp/work/osmio4k-oe-linux-gnueabi/enigma2/3.12+git/recipe-sysroot/usr/include/glib-2.0 -I/home/pli/builds/openpli-scarthgap-build-1-30-2025/openpli-oe-core/build/tmp/work/osmio4k-oe-linux-gnueabi/enigma2/3.12+git/recipe-sysroot/usr/lib/glib-2.0/include -I/home/pli/builds/openpli-scarthgap-build-1-30-2025/openpli-oe-core/build/tmp/work/osmio4k-oe-linux-gnueabi/enigma2/3.12+git/recipe-sysroot/usr/include/libpng16 -I/home/pli/builds/openpli-scarthgap-build-1-30-2025/openpli-oe-core/build/tmp/work/osmio4k-oe-linux-gnueabi/enigma2/3.12+git/recipe-sysroot/usr/include/libxml2 -I/home/pli/builds/openpli-scarthgap-build-1-30-2025/openpli-oe-core/build/tmp/work/osmio4k-oe-linux-gnueabi/enigma2/3.12+git/recipe-sysroot/usr/include/sigc++-3.0 -I/home/pli/builds/openpli-scarthgap-build-1-30-2025/openpli-oe-core/build/tmp/work/osmio4k-oe-linux-gnueabi/enigma2/3.12+git/recipe-sysroot/usr/lib/sigc++-3.0/include -fno-rtti -fno-exceptions -rdynamic -funwind-tables  -fopenmp  -MT gdi/libenigma_gdi_a-font.o -MD -MP -MF gdi/.deps/libenigma_gdi_a-font.Tpo -c -o gdi/libenigma_gdi_a-font.o `test -f 'gdi/font.cpp' || echo '../../git/lib/'`gdi/font.cpp

arm-oe-linux-gnueabi-g++  -march=armv7ve -mfpu=neon-vfpv4 -mfloat-abi=hard -D_TIME_BITS=64 -D_FILE_OFFSET_BITS=64 --sysroot=/home/pli/builds/openpli-scarthgap-build-1-30-2025/openpli-oe-core/build/tmp/work/osmio4k-oe-linux-gnueabi/enigma2/3.12+git/recipe-sysroot -std=gnu++17 -DHAVE_CONFIG_H -I. -I../../git/lib -I..  -I.. -I../../git -I../../git/include -DPY_SSIZE_T_CLEAN -include Python.h -include ../enigma2_config.h -I/home/pli/builds/openpli-scarthgap-build-1-30-2025/openpli-oe-core/build/tmp/work/osmio4k-oe-linux-gnueabi/enigma2/3.12+git/recipe-sysroot/usr/include/python3.12  -Os -pipe -g -feliminate-unused-debug-types -fcanon-prefix-map  -fmacro-prefix-map=/home/pli/builds/openpli-scarthgap-build-1-30-2025/openpli-oe-core/build/tmp/work/osmio4k-oe-linux-gnueabi/enigma2/3.12+git/git=/usr/src/debug/enigma2/3.12+git  -fdebug-prefix-map=/home/pli/builds/openpli-scarthgap-build-1-30-2025/openpli-oe-core/build/tmp/work/osmio4k-oe-linux-gnueabi/enigma2/3.12+git/git=/usr/src/debug/enigma2/3.12+git  -fmacro-prefix-map=/home/pli/builds/openpli-scarthgap-build-1-30-2025/openpli-oe-core/build/tmp/work/osmio4k-oe-linux-gnueabi/enigma2/3.12+git/build=/usr/src/debug/enigma2/3.12+git  -fdebug-prefix-map=/home/pli/builds/openpli-scarthgap-build-1-30-2025/openpli-oe-core/build/tmp/work/osmio4k-oe-linux-gnueabi/enigma2/3.12+git/build=/usr/src/debug/enigma2/3.12+git  -fdebug-prefix-map=/home/pli/builds/openpli-scarthgap-build-1-30-2025/openpli-oe-core/build/tmp/work/osmio4k-oe-linux-gnueabi/enigma2/3.12+git/recipe-sysroot=  -fmacro-prefix-map=/home/pli/builds/openpli-scarthgap-build-1-30-2025/openpli-oe-core/build/tmp/work/osmio4k-oe-linux-gnueabi/enigma2/3.12+git/recipe-sysroot=  -fdebug-prefix-map=/home/pli/builds/openpli-scarthgap-build-1-30-2025/openpli-oe-core/build/tmp/work/osmio4k-oe-linux-gnueabi/enigma2/3.12+git/recipe-sysroot-native=  -fvisibility-inlines-hidden -Wattribute-alias -Wattribute-alias=1 -Wall -Wextra -Werror 	-Wformat=2 -Wformat-overflow=2 -Wformat-nonliteral -Wformat-security 	-Wimplicit-fallthrough=5 -Wduplicated-branches -Wtrampolines 	-Wdangling-else -Wshift-overflow=2 -Wswitch 	-Wunused-but-set-parameter -Wunused-const-variable=1 -Wuninitialized 	-Wstringop-overflow=3 -Woverlength-strings 	-Wunsafe-loop-optimizations -Wpointer-arith 	-Wfloat-equal -Wlogical-op 	-Wno-error=cast-align=strict -Wno-error=ignored-qualifiers 	-Wno-error=cast-function-type -Wno-error=deprecated-declarations 	-Wno-error=stringop-truncation -Wno-error=shadow -Wno-error=cast-qual 	-Wno-error=aggregate-return -Wno-error=missing-field-initializers 	-Wno-error=packed -Wno-error=vla -Wno-error=clobbered -Wno-error=unused-parameter 	-I/home/pli/builds/openpli-scarthgap-build-1-30-2025/openpli-oe-core/build/tmp/work/osmio4k-oe-linux-gnueabi/enigma2/3.12+git/recipe-sysroot/usr/include/freetype2 -I/home/pli/builds/openpli-scarthgap-build-1-30-2025/openpli-oe-core/build/tmp/work/osmio4k-oe-linux-gnueabi/enigma2/3.12+git/recipe-sysroot/usr/include/fribidi -I/home/pli/builds/openpli-scarthgap-build-1-30-2025/openpli-oe-core/build/tmp/work/osmio4k-oe-linux-gnueabi/enigma2/3.12+git/recipe-sysroot/usr/include/glib-2.0 -I/home/pli/builds/openpli-scarthgap-build-1-30-2025/openpli-oe-core/build/tmp/work/osmio4k-oe-linux-gnueabi/enigma2/3.12+git/recipe-sysroot/usr/lib/glib-2.0/include -I/home/pli/builds/openpli-scarthgap-build-1-30-2025/openpli-oe-core/build/tmp/work/osmio4k-oe-linux-gnueabi/enigma2/3.12+git/recipe-sysroot/usr/include/libpng16 -I/home/pli/builds/openpli-scarthgap-build-1-30-2025/openpli-oe-core/build/tmp/work/osmio4k-oe-linux-gnueabi/enigma2/3.12+git/recipe-sysroot/usr/include/libxml2 -I/home/pli/builds/openpli-scarthgap-build-1-30-2025/openpli-oe-core/build/tmp/work/osmio4k-oe-linux-gnueabi/enigma2/3.12+git/recipe-sysroot/usr/include/sigc++-3.0 -I/home/pli/builds/openpli-scarthgap-build-1-30-2025/openpli-oe-core/build/tmp/work/osmio4k-oe-linux-gnueabi/enigma2/3.12+git/recipe-sysroot/usr/lib/sigc++-3.0/include -fno-rtti -fno-exceptions -rdynamic -funwind-tables  -fopenmp  -MT gdi/libenigma_gdi_a-font_arabic.o -MD -MP -MF gdi/.deps/libenigma_gdi_a-font_arabic.Tpo -c -o gdi/libenigma_gdi_a-font_arabic.o `test -f 'gdi/font_arabic.cpp' || echo '../../git/lib/'`gdi/font_arabic.cpp

arm-oe-linux-gnueabi-g++  -march=armv7ve -mfpu=neon-vfpv4 -mfloat-abi=hard -D_TIME_BITS=64 -D_FILE_OFFSET_BITS=64 --sysroot=/home/pli/builds/openpli-scarthgap-build-1-30-2025/openpli-oe-core/build/tmp/work/osmio4k-oe-linux-gnueabi/enigma2/3.12+git/recipe-sysroot -std=gnu++17 -DHAVE_CONFIG_H -I. -I../../git/lib -I..  -I.. -I../../git -I../../git/include -DPY_SSIZE_T_CLEAN -include Python.h -include ../enigma2_config.h -I/home/pli/builds/openpli-scarthgap-build-1-30-2025/openpli-oe-core/build/tmp/work/osmio4k-oe-linux-gnueabi/enigma2/3.12+git/recipe-sysroot/usr/include/python3.12  -Os -pipe -g -feliminate-unused-debug-types -fcanon-prefix-map  -fmacro-prefix-map=/home/pli/builds/openpli-scarthgap-build-1-30-2025/openpli-oe-core/build/tmp/work/osmio4k-oe-linux-gnueabi/enigma2/3.12+git/git=/usr/src/debug/enigma2/3.12+git  -fdebug-prefix-map=/home/pli/builds/openpli-scarthgap-build-1-30-2025/openpli-oe-core/build/tmp/work/osmio4k-oe-linux-gnueabi/enigma2/3.12+git/git=/usr/src/debug/enigma2/3.12+git  -fmacro-prefix-map=/home/pli/builds/openpli-scarthgap-build-1-30-2025/openpli-oe-core/build/tmp/work/osmio4k-oe-linux-gnueabi/enigma2/3.12+git/build=/usr/src/debug/enigma2/3.12+git  -fdebug-prefix-map=/home/pli/builds/openpli-scarthgap-build-1-30-2025/openpli-oe-core/build/tmp/work/osmio4k-oe-linux-gnueabi/enigma2/3.12+git/build=/usr/src/debug/enigma2/3.12+git  -fdebug-prefix-map=/home/pli/builds/openpli-scarthgap-build-1-30-2025/openpli-oe-core/build/tmp/work/osmio4k-oe-linux-gnueabi/enigma2/3.12+git/recipe-sysroot=  -fmacro-prefix-map=/home/pli/builds/openpli-scarthgap-build-1-30-2025/openpli-oe-core/build/tmp/work/osmio4k-oe-linux-gnueabi/enigma2/3.12+git/recipe-sysroot=  -fdebug-prefix-map=/home/pli/builds/openpli-scarthgap-build-1-30-2025/openpli-oe-core/build/tmp/work/osmio4k-oe-linux-gnueabi/enigma2/3.12+git/recipe-sysroot-native=  -fvisibility-inlines-hidden -Wattribute-alias -Wattribute-alias=1 -Wall -Wextra -Werror 	-Wformat=2 -Wformat-overflow=2 -Wformat-nonliteral -Wformat-security 	-Wimplicit-fallthrough=5 -Wduplicated-branches -Wtrampolines 	-Wdangling-else -Wshift-overflow=2 -Wswitch 	-Wunused-but-set-parameter -Wunused-const-variable=1 -Wuninitialized 	-Wstringop-overflow=3 -Woverlength-strings 	-Wunsafe-loop-optimizations -Wpointer-arith 	-Wfloat-equal -Wlogical-op 	-Wno-error=cast-align=strict -Wno-error=ignored-qualifiers 	-Wno-error=cast-function-type -Wno-error=deprecated-declarations 	-Wno-error=stringop-truncation -Wno-error=shadow -Wno-error=cast-qual 	-Wno-error=aggregate-return -Wno-error=missing-field-initializers 	-Wno-error=packed -Wno-error=vla -Wno-error=clobbered -Wno-error=unused-parameter 	-I/home/pli/builds/openpli-scarthgap-build-1-30-2025/openpli-oe-core/build/tmp/work/osmio4k-oe-linux-gnueabi/enigma2/3.12+git/recipe-sysroot/usr/include/freetype2 -I/home/pli/builds/openpli-scarthgap-build-1-30-2025/openpli-oe-core/build/tmp/work/osmio4k-oe-linux-gnueabi/enigma2/3.12+git/recipe-sysroot/usr/include/fribidi -I/home/pli/builds/openpli-scarthgap-build-1-30-2025/openpli-oe-core/build/tmp/work/osmio4k-oe-linux-gnueabi/enigma2/3.12+git/recipe-sysroot/usr/include/glib-2.0 -I/home/pli/builds/openpli-scarthgap-build-1-30-2025/openpli-oe-core/build/tmp/work/osmio4k-oe-linux-gnueabi/enigma2/3.12+git/recipe-sysroot/usr/lib/glib-2.0/include -I/home/pli/builds/openpli-scarthgap-build-1-30-2025/openpli-oe-core/build/tmp/work/osmio4k-oe-linux-gnueabi/enigma2/3.12+git/recipe-sysroot/usr/include/libpng16 -I/home/pli/builds/openpli-scarthgap-build-1-30-2025/openpli-oe-core/build/tmp/work/osmio4k-oe-linux-gnueabi/enigma2/3.12+git/recipe-sysroot/usr/include/libxml2 -I/home/pli/builds/openpli-scarthgap-build-1-30-2025/openpli-oe-core/build/tmp/work/osmio4k-oe-linux-gnueabi/enigma2/3.12+git/recipe-sysroot/usr/include/sigc++-3.0 -I/home/pli/builds/openpli-scarthgap-build-1-30-2025/openpli-oe-core/build/tmp/work/osmio4k-oe-linux-gnueabi/enigma2/3.12+git/recipe-sysroot/usr/lib/sigc++-3.0/include -fno-rtti -fno-exceptions -rdynamic -funwind-tables  -fopenmp  -MT gdi/libenigma_gdi_a-gfont.o -MD -MP -MF gdi/.deps/libenigma_gdi_a-gfont.Tpo -c -o gdi/libenigma_gdi_a-gfont.o `test -f 'gdi/gfont.cpp' || echo '../../git/lib/'`gdi/gfont.cpp

arm-oe-linux-gnueabi-g++  -march=armv7ve -mfpu=neon-vfpv4 -mfloat-abi=hard -D_TIME_BITS=64 -D_FILE_OFFSET_BITS=64 --sysroot=/home/pli/builds/openpli-scarthgap-build-1-30-2025/openpli-oe-core/build/tmp/work/osmio4k-oe-linux-gnueabi/enigma2/3.12+git/recipe-sysroot -std=gnu++17 -DHAVE_CONFIG_H -I. -I../../git/lib -I..  -I.. -I../../git -I../../git/include -DPY_SSIZE_T_CLEAN -include Python.h -include ../enigma2_config.h -I/home/pli/builds/openpli-scarthgap-build-1-30-2025/openpli-oe-core/build/tmp/work/osmio4k-oe-linux-gnueabi/enigma2/3.12+git/recipe-sysroot/usr/include/python3.12  -Os -pipe -g -feliminate-unused-debug-types -fcanon-prefix-map  -fmacro-prefix-map=/home/pli/builds/openpli-scarthgap-build-1-30-2025/openpli-oe-core/build/tmp/work/osmio4k-oe-linux-gnueabi/enigma2/3.12+git/git=/usr/src/debug/enigma2/3.12+git  -fdebug-prefix-map=/home/pli/builds/openpli-scarthgap-build-1-30-2025/openpli-oe-core/build/tmp/work/osmio4k-oe-linux-gnueabi/enigma2/3.12+git/git=/usr/src/debug/enigma2/3.12+git  -fmacro-prefix-map=/home/pli/builds/openpli-scarthgap-build-1-30-2025/openpli-oe-core/build/tmp/work/osmio4k-oe-linux-gnueabi/enigma2/3.12+git/build=/usr/src/debug/enigma2/3.12+git  -fdebug-prefix-map=/home/pli/builds/openpli-scarthgap-build-1-30-2025/openpli-oe-core/build/tmp/work/osmio4k-oe-linux-gnueabi/enigma2/3.12+git/build=/usr/src/debug/enigma2/3.12+git  -fdebug-prefix-map=/home/pli/builds/openpli-scarthgap-build-1-30-2025/openpli-oe-core/build/tmp/work/osmio4k-oe-linux-gnueabi/enigma2/3.12+git/recipe-sysroot=  -fmacro-prefix-map=/home/pli/builds/openpli-scarthgap-build-1-30-2025/openpli-oe-core/build/tmp/work/osmio4k-oe-linux-gnueabi/enigma2/3.12+git/recipe-sysroot=  -fdebug-prefix-map=/home/pli/builds/openpli-scarthgap-build-1-30-2025/openpli-oe-core/build/tmp/work/osmio4k-oe-linux-gnueabi/enigma2/3.12+git/recipe-sysroot-native=  -fvisibility-inlines-hidden -Wattribute-alias -Wattribute-alias=1 -Wall -Wextra -Werror 	-Wformat=2 -Wformat-overflow=2 -Wformat-nonliteral -Wformat-security 	-Wimplicit-fallthrough=5 -Wduplicated-branches -Wtrampolines 	-Wdangling-else -Wshift-overflow=2 -Wswitch 	-Wunused-but-set-parameter -Wunused-const-variable=1 -Wuninitialized 	-Wstringop-overflow=3 -Woverlength-strings 	-Wunsafe-loop-optimizations -Wpointer-arith 	-Wfloat-equal -Wlogical-op 	-Wno-error=cast-align=strict -Wno-error=ignored-qualifiers 	-Wno-error=cast-function-type -Wno-error=deprecated-declarations 	-Wno-error=stringop-truncation -Wno-error=shadow -Wno-error=cast-qual 	-Wno-error=aggregate-return -Wno-error=missing-field-initializers 	-Wno-error=packed -Wno-error=vla -Wno-error=clobbered -Wno-error=unused-parameter 	-I/home/pli/builds/openpli-scarthgap-build-1-30-2025/openpli-oe-core/build/tmp/work/osmio4k-oe-linux-gnueabi/enigma2/3.12+git/recipe-sysroot/usr/include/freetype2 -I/home/pli/builds/openpli-scarthgap-build-1-30-2025/openpli-oe-core/build/tmp/work/osmio4k-oe-linux-gnueabi/enigma2/3.12+git/recipe-sysroot/usr/include/fribidi -I/home/pli/builds/openpli-scarthgap-build-1-30-2025/openpli-oe-core/build/tmp/work/osmio4k-oe-linux-gnueabi/enigma2/3.12+git/recipe-sysroot/usr/include/glib-2.0 -I/home/pli/builds/openpli-scarthgap-build-1-30-2025/openpli-oe-core/build/tmp/work/osmio4k-oe-linux-gnueabi/enigma2/3.12+git/recipe-sysroot/usr/lib/glib-2.0/include -I/home/pli/builds/openpli-scarthgap-build-1-30-2025/openpli-oe-core/build/tmp/work/osmio4k-oe-linux-gnueabi/enigma2/3.12+git/recipe-sysroot/usr/include/libpng16 -I/home/pli/builds/openpli-scarthgap-build-1-30-2025/openpli-oe-core/build/tmp/work/osmio4k-oe-linux-gnueabi/enigma2/3.12+git/recipe-sysroot/usr/include/libxml2 -I/home/pli/builds/openpli-scarthgap-build-1-30-2025/openpli-oe-core/build/tmp/work/osmio4k-oe-linux-gnueabi/enigma2/3.12+git/recipe-sysroot/usr/include/sigc++-3.0 -I/home/pli/builds/openpli-scarthgap-build-1-30-2025/openpli-oe-core/build/tmp/work/osmio4k-oe-linux-gnueabi/enigma2/3.12+git/recipe-sysroot/usr/lib/sigc++-3.0/include -fno-rtti -fno-exceptions -rdynamic -funwind-tables  -fopenmp  -MT gdi/libenigma_gdi_a-glcddc.o -MD -MP -MF gdi/.deps/libenigma_gdi_a-glcddc.Tpo -c -o gdi/libenigma_gdi_a-glcddc.o `test -f 'gdi/glcddc.cpp' || echo '../../git/lib/'`gdi/glcddc.cpp

arm-oe-linux-gnueabi-g++  -march=armv7ve -mfpu=neon-vfpv4 -mfloat-abi=hard -D_TIME_BITS=64 -D_FILE_OFFSET_BITS=64 --sysroot=/home/pli/builds/openpli-scarthgap-build-1-30-2025/openpli-oe-core/build/tmp/work/osmio4k-oe-linux-gnueabi/enigma2/3.12+git/recipe-sysroot -std=gnu++17 -DHAVE_CONFIG_H -I. -I../../git/lib -I..  -I.. -I../../git -I../../git/include -DPY_SSIZE_T_CLEAN -include Python.h -include ../enigma2_config.h -I/home/pli/builds/openpli-scarthgap-build-1-30-2025/openpli-oe-core/build/tmp/work/osmio4k-oe-linux-gnueabi/enigma2/3.12+git/recipe-sysroot/usr/include/python3.12  -Os -pipe -g -feliminate-unused-debug-types -fcanon-prefix-map  -fmacro-prefix-map=/home/pli/builds/openpli-scarthgap-build-1-30-2025/openpli-oe-core/build/tmp/work/osmio4k-oe-linux-gnueabi/enigma2/3.12+git/git=/usr/src/debug/enigma2/3.12+git  -fdebug-prefix-map=/home/pli/builds/openpli-scarthgap-build-1-30-2025/openpli-oe-core/build/tmp/work/osmio4k-oe-linux-gnueabi/enigma2/3.12+git/git=/usr/src/debug/enigma2/3.12+git  -fmacro-prefix-map=/home/pli/builds/openpli-scarthgap-build-1-30-2025/openpli-oe-core/build/tmp/work/osmio4k-oe-linux-gnueabi/enigma2/3.12+git/build=/usr/src/debug/enigma2/3.12+git  -fdebug-prefix-map=/home/pli/builds/openpli-scarthgap-build-1-30-2025/openpli-oe-core/build/tmp/work/osmio4k-oe-linux-gnueabi/enigma2/3.12+git/build=/usr/src/debug/enigma2/3.12+git  -fdebug-prefix-map=/home/pli/builds/openpli-scarthgap-build-1-30-2025/openpli-oe-core/build/tmp/work/osmio4k-oe-linux-gnueabi/enigma2/3.12+git/recipe-sysroot=  -fmacro-prefix-map=/home/pli/builds/openpli-scarthgap-build-1-30-2025/openpli-oe-core/build/tmp/work/osmio4k-oe-linux-gnueabi/enigma2/3.12+git/recipe-sysroot=  -fdebug-prefix-map=/home/pli/builds/openpli-scarthgap-build-1-30-2025/openpli-oe-core/build/tmp/work/osmio4k-oe-linux-gnueabi/enigma2/3.12+git/recipe-sysroot-native=  -fvisibility-inlines-hidden -Wattribute-alias -Wattribute-alias=1 -Wall -Wextra -Werror 	-Wformat=2 -Wformat-overflow=2 -Wformat-nonliteral -Wformat-security 	-Wimplicit-fallthrough=5 -Wduplicated-branches -Wtrampolines 	-Wdangling-else -Wshift-overflow=2 -Wswitch 	-Wunused-but-set-parameter -Wunused-const-variable=1 -Wuninitialized 	-Wstringop-overflow=3 -Woverlength-strings 	-Wunsafe-loop-optimizations -Wpointer-arith 	-Wfloat-equal -Wlogical-op 	-Wno-error=cast-align=strict -Wno-error=ignored-qualifiers 	-Wno-error=cast-function-type -Wno-error=deprecated-declarations 	-Wno-error=stringop-truncation -Wno-error=shadow -Wno-error=cast-qual 	-Wno-error=aggregate-return -Wno-error=missing-field-initializers 	-Wno-error=packed -Wno-error=vla -Wno-error=clobbered -Wno-error=unused-parameter 	-I/home/pli/builds/openpli-scarthgap-build-1-30-2025/openpli-oe-core/build/tmp/work/osmio4k-oe-linux-gnueabi/enigma2/3.12+git/recipe-sysroot/usr/include/freetype2 -I/home/pli/builds/openpli-scarthgap-build-1-30-2025/openpli-oe-core/build/tmp/work/osmio4k-oe-linux-gnueabi/enigma2/3.12+git/recipe-sysroot/usr/include/fribidi -I/home/pli/builds/openpli-scarthgap-build-1-30-2025/openpli-oe-core/build/tmp/work/osmio4k-oe-linux-gnueabi/enigma2/3.12+git/recipe-sysroot/usr/include/glib-2.0 -I/home/pli/builds/openpli-scarthgap-build-1-30-2025/openpli-oe-core/build/tmp/work/osmio4k-oe-linux-gnueabi/enigma2/3.12+git/recipe-sysroot/usr/lib/glib-2.0/include -I/home/pli/builds/openpli-scarthgap-build-1-30-2025/openpli-oe-core/build/tmp/work/osmio4k-oe-linux-gnueabi/enigma2/3.12+git/recipe-sysroot/usr/include/libpng16 -I/home/pli/builds/openpli-scarthgap-build-1-30-2025/openpli-oe-core/build/tmp/work/osmio4k-oe-linux-gnueabi/enigma2/3.12+git/recipe-sysroot/usr/include/libxml2 -I/home/pli/builds/openpli-scarthgap-build-1-30-2025/openpli-oe-core/build/tmp/work/osmio4k-oe-linux-gnueabi/enigma2/3.12+git/recipe-sysroot/usr/include/sigc++-3.0 -I/home/pli/builds/openpli-scarthgap-build-1-30-2025/openpli-oe-core/build/tmp/work/osmio4k-oe-linux-gnueabi/enigma2/3.12+git/recipe-sysroot/usr/lib/sigc++-3.0/include -fno-rtti -fno-exceptions -rdynamic -funwind-tables  -fopenmp  -MT gdi/libenigma_gdi_a-gmaindc.o -MD -MP -MF gdi/.deps/libenigma_gdi_a-gmaindc.Tpo -c -o gdi/libenigma_gdi_a-gmaindc.o `test -f 'gdi/gmaindc.cpp' || echo '../../git/lib/'`gdi/gmaindc.cpp

arm-oe-linux-gnueabi-g++  -march=armv7ve -mfpu=neon-vfpv4 -mfloat-abi=hard -D_TIME_BITS=64 -D_FILE_OFFSET_BITS=64 --sysroot=/home/pli/builds/openpli-scarthgap-build-1-30-2025/openpli-oe-core/build/tmp/work/osmio4k-oe-linux-gnueabi/enigma2/3.12+git/recipe-sysroot -std=gnu++17 -DHAVE_CONFIG_H -I. -I../../git/lib -I..  -I.. -I../../git -I../../git/include -DPY_SSIZE_T_CLEAN -include Python.h -include ../enigma2_config.h -I/home/pli/builds/openpli-scarthgap-build-1-30-2025/openpli-oe-core/build/tmp/work/osmio4k-oe-linux-gnueabi/enigma2/3.12+git/recipe-sysroot/usr/include/python3.12  -Os -pipe -g -feliminate-unused-debug-types -fcanon-prefix-map  -fmacro-prefix-map=/home/pli/builds/openpli-scarthgap-build-1-30-2025/openpli-oe-core/build/tmp/work/osmio4k-oe-linux-gnueabi/enigma2/3.12+git/git=/usr/src/debug/enigma2/3.12+git  -fdebug-prefix-map=/home/pli/builds/openpli-scarthgap-build-1-30-2025/openpli-oe-core/build/tmp/work/osmio4k-oe-linux-gnueabi/enigma2/3.12+git/git=/usr/src/debug/enigma2/3.12+git  -fmacro-prefix-map=/home/pli/builds/openpli-scarthgap-build-1-30-2025/openpli-oe-core/build/tmp/work/osmio4k-oe-linux-gnueabi/enigma2/3.12+git/build=/usr/src/debug/enigma2/3.12+git  -fdebug-prefix-map=/home/pli/builds/openpli-scarthgap-build-1-30-2025/openpli-oe-core/build/tmp/work/osmio4k-oe-linux-gnueabi/enigma2/3.12+git/build=/usr/src/debug/enigma2/3.12+git  -fdebug-prefix-map=/home/pli/builds/openpli-scarthgap-build-1-30-2025/openpli-oe-core/build/tmp/work/osmio4k-oe-linux-gnueabi/enigma2/3.12+git/recipe-sysroot=  -fmacro-prefix-map=/home/pli/builds/openpli-scarthgap-build-1-30-2025/openpli-oe-core/build/tmp/work/osmio4k-oe-linux-gnueabi/enigma2/3.12+git/recipe-sysroot=  -fdebug-prefix-map=/home/pli/builds/openpli-scarthgap-build-1-30-2025/openpli-oe-core/build/tmp/work/osmio4k-oe-linux-gnueabi/enigma2/3.12+git/recipe-sysroot-native=  -fvisibility-inlines-hidden -Wattribute-alias -Wattribute-alias=1 -Wall -Wextra -Werror 	-Wformat=2 -Wformat-overflow=2 -Wformat-nonliteral -Wformat-security 	-Wimplicit-fallthrough=5 -Wduplicated-branches -Wtrampolines 	-Wdangling-else -Wshift-overflow=2 -Wswitch 	-Wunused-but-set-parameter -Wunused-const-variable=1 -Wuninitialized 	-Wstringop-overflow=3 -Woverlength-strings 	-Wunsafe-loop-optimizations -Wpointer-arith 	-Wfloat-equal -Wlogical-op 	-Wno-error=cast-align=strict -Wno-error=ignored-qualifiers 	-Wno-error=cast-function-type -Wno-error=deprecated-declarations 	-Wno-error=stringop-truncation -Wno-error=shadow -Wno-error=cast-qual 	-Wno-error=aggregate-return -Wno-error=missing-field-initializers 	-Wno-error=packed -Wno-error=vla -Wno-error=clobbered -Wno-error=unused-parameter 	-I/home/pli/builds/openpli-scarthgap-build-1-30-2025/openpli-oe-core/build/tmp/work/osmio4k-oe-linux-gnueabi/enigma2/3.12+git/recipe-sysroot/usr/include/freetype2 -I/home/pli/builds/openpli-scarthgap-build-1-30-2025/openpli-oe-core/build/tmp/work/osmio4k-oe-linux-gnueabi/enigma2/3.12+git/recipe-sysroot/usr/include/fribidi -I/home/pli/builds/openpli-scarthgap-build-1-30-2025/openpli-oe-core/build/tmp/work/osmio4k-oe-linux-gnueabi/enigma2/3.12+git/recipe-sysroot/usr/include/glib-2.0 -I/home/pli/builds/openpli-scarthgap-build-1-30-2025/openpli-oe-core/build/tmp/work/osmio4k-oe-linux-gnueabi/enigma2/3.12+git/recipe-sysroot/usr/lib/glib-2.0/include -I/home/pli/builds/openpli-scarthgap-build-1-30-2025/openpli-oe-core/build/tmp/work/osmio4k-oe-linux-gnueabi/enigma2/3.12+git/recipe-sysroot/usr/include/libpng16 -I/home/pli/builds/openpli-scarthgap-build-1-30-2025/openpli-oe-core/build/tmp/work/osmio4k-oe-linux-gnueabi/enigma2/3.12+git/recipe-sysroot/usr/include/libxml2 -I/home/pli/builds/openpli-scarthgap-build-1-30-2025/openpli-oe-core/build/tmp/work/osmio4k-oe-linux-gnueabi/enigma2/3.12+git/recipe-sysroot/usr/include/sigc++-3.0 -I/home/pli/builds/openpli-scarthgap-build-1-30-2025/openpli-oe-core/build/tmp/work/osmio4k-oe-linux-gnueabi/enigma2/3.12+git/recipe-sysroot/usr/lib/sigc++-3.0/include -fno-rtti -fno-exceptions -rdynamic -funwind-tables  -fopenmp  -MT gdi/libenigma_gdi_a-gpixmap.o -MD -MP -MF gdi/.deps/libenigma
_gdi_a-gpixmap.Tpo -c -o gdi/libenigma_gdi_a-gpixmap.o `test -f 'gdi/gpixmap.cpp' || echo '../../git/lib/'`gdi/gpixmap.cpp

arm-oe-linux-gnueabi-g++  -march=armv7ve -mfpu=neon-vfpv4 -mfloat-abi=hard -D_TIME_BITS=64 -D_FILE_OFFSET_BITS=64 --sysroot=/home/pli/builds/openpli-scarthgap-build-1-30-2025/openpli-oe-core/build/tmp/work/osmio4k-oe-linux-gnueabi/enigma2/3.12+git/recipe-sysroot -std=gnu++17 -DHAVE_CONFIG_H -I. -I../../git/lib -I..  -I.. -I../../git -I../../git/include -DPY_SSIZE_T_CLEAN -include Python.h -include ../enigma2_config.h -I/home/pli/builds/openpli-scarthgap-build-1-30-2025/openpli-oe-core/build/tmp/work/osmio4k-oe-linux-gnueabi/enigma2/3.12+git/recipe-sysroot/usr/include/python3.12  -Os -pipe -g -feliminate-unused-debug-types -fcanon-prefix-map  -fmacro-prefix-map=/home/pli/builds/openpli-scarthgap-build-1-30-2025/openpli-oe-core/build/tmp/work/osmio4k-oe-linux-gnueabi/enigma2/3.12+git/git=/usr/src/debug/enigma2/3.12+git  -fdebug-prefix-map=/home/pli/builds/openpli-scarthgap-build-1-30-2025/openpli-oe-core/build/tmp/work/osmio4k-oe-linux-gnueabi/enigma2/3.12+git/git=/usr/src/debug/enigma2/3.12+git  -fmacro-prefix-map=/home/pli/builds/openpli-scarthgap-build-1-30-2025/openpli-oe-core/build/tmp/work/osmio4k-oe-linux-gnueabi/enigma2/3.12+git/build=/usr/src/debug/enigma2/3.12+git  -fdebug-prefix-map=/home/pli/builds/openpli-scarthgap-build-1-30-2025/openpli-oe-core/build/tmp/work/osmio4k-oe-linux-gnueabi/enigma2/3.12+git/build=/usr/src/debug/enigma2/3.12+git  -fdebug-prefix-map=/home/pli/builds/openpli-scarthgap-build-1-30-2025/openpli-oe-core/build/tmp/work/osmio4k-oe-linux-gnueabi/enigma2/3.12+git/recipe-sysroot=  -fmacro-prefix-map=/home/pli/builds/openpli-scarthgap-build-1-30-2025/openpli-oe-core/build/tmp/work/osmio4k-oe-linux-gnueabi/enigma2/3.12+git/recipe-sysroot=  -fdebug-prefix-map=/home/pli/builds/openpli-scarthgap-build-1-30-2025/openpli-oe-core/build/tmp/work/osmio4k-oe-linux-gnueabi/enigma2/3.12+git/recipe-sysroot-native=  -fvisibility-inlines-hidden -Wattribute-alias -Wattribute-alias=1 -Wall -Wextra -Werror 	-Wformat=2 -Wformat-overflow=2 -Wformat-nonliteral -Wformat-security 	-Wimplicit-fallthrough=5 -Wduplicated-branches -Wtrampolines 	-Wdangling-else -Wshift-overflow=2 -Wswitch 	-Wunused-but-set-parameter -Wunused-const-variable=1 -Wuninitialized 	-Wstringop-overflow=3 -Woverlength-strings 	-Wunsafe-loop-optimizations -Wpointer-arith 	-Wfloat-equal -Wlogical-op 	-Wno-error=cast-align=strict -Wno-error=ignored-qualifiers 	-Wno-error=cast-function-type -Wno-error=deprecated-declarations 	-Wno-error=stringop-truncation -Wno-error=shadow -Wno-error=cast-qual 	-Wno-error=aggregate-return -Wno-error=missing-field-initializers 	-Wno-error=packed -Wno-error=vla -Wno-error=clobbered -Wno-error=unused-parameter 	-I/home/pli/builds/openpli-scarthgap-build-1-30-2025/openpli-oe-core/build/tmp/work/osmio4k-oe-linux-gnueabi/enigma2/3.12+git/recipe-sysroot/usr/include/freetype2 -I/home/pli/builds/openpli-scarthgap-build-1-30-2025/openpli-oe-core/build/tmp/work/osmio4k-oe-linux-gnueabi/enigma2/3.12+git/recipe-sysroot/usr/include/fribidi -I/home/pli/builds/openpli-scarthgap-build-1-30-2025/openpli-oe-core/build/tmp/work/osmio4k-oe-linux-gnueabi/enigma2/3.12+git/recipe-sysroot/usr/include/glib-2.0 -I/home/pli/builds/openpli-scarthgap-build-1-30-2025/openpli-oe-core/build/tmp/work/osmio4k-oe-linux-gnueabi/enigma2/3.12+git/recipe-sysroot/usr/lib/glib-2.0/include -I/home/pli/builds/openpli-scarthgap-build-1-30-2025/openpli-oe-core/build/tmp/work/osmio4k-oe-linux-gnueabi/enigma2/3.12+git/recipe-sysroot/usr/include/libpng16 -I/home/pli/builds/openpli-scarthgap-build-1-30-2025/openpli-oe-core/build/tmp/work/osmio4k-oe-linux-gnueabi/enigma2/3.12+git/recipe-sysroot/usr/include/libxml2 -I/home/pli/builds/openpli-scarthgap-build-1-30-2025/openpli-oe-core/build/tmp/work/osmio4k-oe-linux-gnueabi/enigma2/3.12+git/recipe-sysroot/usr/include/sigc++-3.0 -I/home/pli/builds/openpli-scarthgap-build-1-30-2025/openpli-oe-core/build/tmp/work/osmio4k-oe-linux-gnueabi/enigma2/3.12+git/recipe-sysroot/usr/lib/sigc++-3.0/include -fno-rtti -fno-exceptions -rdynamic -funwind-tables  -fopenmp  -MT gdi/libenigma_gdi_a-grc.o -MD -MP -MF gdi/.deps/libenigma_gdi_a-grc.Tpo -c -o gdi/libenigma_gdi_a-grc.o `test -f 'gdi/grc.cpp' || echo '../../git/lib/'`gdi/grc.cpp

arm-oe-linux-gnueabi-g++  -march=armv7ve -mfpu=neon-vfpv4 -mfloat-abi=hard -D_TIME_BITS=64 -D_FILE_OFFSET_BITS=64 --sysroot=/home/pli/builds/openpli-scarthgap-build-1-30-2025/openpli-oe-core/build/tmp/work/osmio4k-oe-linux-gnueabi/enigma2/3.12+git/recipe-sysroot -std=gnu++17 -DHAVE_CONFIG_H -I. -I../../git/lib -I..  -I.. -I../../git -I../../git/include -DPY_SSIZE_T_CLEAN -include Python.h -include ../enigma2_config.h -I/home/pli/builds/openpli-scarthgap-build-1-30-2025/openpli-oe-core/build/tmp/work/osmio4k-oe-linux-gnueabi/enigma2/3.12+git/recipe-sysroot/usr/include/python3.12  -Os -pipe -g -feliminate-unused-debug-types -fcanon-prefix-map  -fmacro-prefix-map=/home/pli/builds/openpli-scarthgap-build-1-30-2025/openpli-oe-core/build/tmp/work/osmio4k-oe-linux-gnueabi/enigma2/3.12+git/git=/usr/src/debug/enigma2/3.12+git  -fdebug-prefix-map=/home/pli/builds/openpli-scarthgap-build-1-30-2025/openpli-oe-core/build/tmp/work/osmio4k-oe-linux-gnueabi/enigma2/3.12+git/git=/usr/src/debug/enigma2/3.12+git  -fmacro-prefix-map=/home/pli/builds/openpli-scarthgap-build-1-30-2025/openpli-oe-core/build/tmp/work/osmio4k-oe-linux-gnueabi/enigma2/3.12+git/build=/usr/src/debug/enigma2/3.12+git  -fdebug-prefix-map=/home/pli/builds/openpli-scarthgap-build-1-30-2025/openpli-oe-core/build/tmp/work/osmio4k-oe-linux-gnueabi/enigma2/3.12+git/build=/usr/src/debug/enigma2/3.12+git  -fdebug-prefix-map=/home/pli/builds/openpli-scarthgap-build-1-30-2025/openpli-oe-core/build/tmp/work/osmio4k-oe-linux-gnueabi/enigma2/3.12+git/recipe-sysroot=  -fmacro-prefix-map=/home/pli/builds/openpli-scarthgap-build-1-30-2025/openpli-oe-core/build/tmp/work/osmio4k-oe-linux-gnueabi/enigma2/3.12+git/recipe-sysroot=  -fdebug-prefix-map=/home/pli/builds/openpli-scarthgap-build-1-30-2025/openpli-oe-core/build/tmp/work/osmio4k-oe-linux-gnueabi/enigma2/3.12+git/recipe-sysroot-native=  -fvisibility-inlines-hidden -Wattribute-alias -Wattribute-alias=1 -Wall -Wextra -Werror 	-Wformat=2 -Wformat-overflow=2 -Wformat-nonliteral -Wformat-security 	-Wimplicit-fallthrough=5 -Wduplicated-branches -Wtrampolines 	-Wdangling-else -Wshift-overflow=2 -Wswitch 	-Wunused-but-set-parameter -Wunused-const-variable=1 -Wuninitialized 	-Wstringop-overflow=3 -Woverlength-strings 	-Wunsafe-loop-optimizations -Wpointer-arith 	-Wfloat-equal -Wlogical-op 	-Wno-error=cast-align=strict -Wno-error=ignored-qualifiers 	-Wno-error=cast-function-type -Wno-error=deprecated-declarations 	-Wno-error=stringop-truncation -Wno-error=shadow -Wno-error=cast-qual 	-Wno-error=aggregate-return -Wno-error=missing-field-initializers 	-Wno-error=packed -Wno-error=vla -Wno-error=clobbered -Wno-error=unused-parameter 	-I/home/pli/builds/openpli-scarthgap-build-1-30-2025/openpli-oe-core/build/tmp/work/osmio4k-oe-linux-gnueabi/enigma2/3.12+git/recipe-sysroot/usr/include/freetype2 -I/home/pli/builds/openpli-scarthgap-build-1-30-2025/openpli-oe-core/build/tmp/work/osmio4k-oe-linux-gnueabi/enigma2/3.12+git/recipe-sysroot/usr/include/fribidi -I/home/pli/builds/openpli-scarthgap-build-1-30-2025/openpli-oe-core/build/tmp/work/osmio4k-oe-linux-gnueabi/enigma2/3.12+git/recipe-sysroot/usr/include/glib-2.0 -I/home/pli/builds/openpli-scarthgap-build-1-30-2025/openpli-oe-core/build/tmp/work/osmio4k-oe-linux-gnueabi/enigma2/3.12+git/recipe-sysroot/usr/lib/glib-2.0/include -I/home/pli/builds/openpli-scarthgap-build-1-30-2025/openpli-oe-core/build/tmp/work/osmio4k-oe-linux-gnueabi/enigma2/3.12+git/recipe-sysroot/usr/include/libpng16 -I/home/pli/builds/openpli-scarthgap-build-1-30-2025/openpli-oe-core/build/tmp/work/osmio4k-oe-linux-gnueabi/enigma2/3.12+git/recipe-sysroot/usr/include/libxml2 -I/home/pli/builds/openpli-scarthgap-build-1-30-2025/openpli-oe-core/build/tmp/work/osmio4k-oe-linux-gnueabi/enigma2/3.12+git/recipe-sysroot/usr/include/sigc++-3.0 -I/home/pli/builds/openpli-scarthgap-build-1-30-2025/openpli-oe-core/build/tmp/work/osmio4k-oe-linux-gnueabi/enigma2/3.12+git/recipe-sysroot/usr/lib/sigc++-3.0/include -fno-rtti -fno-exceptions -rdynamic -funwind-tables  -fopenmp  -MT gdi/libenigma_gdi_a-lcd.o -MD -MP -MF gdi/.deps/libenigma_gdi_a-lcd.Tpo -c -o gdi/libenigma_gdi_a-lcd.o `test -f 'gdi/lcd.cpp' || echo '../../git/lib/'`gdi/lcd.cpp

arm-oe-linux-gnueabi-g++  -march=armv7ve -mfpu=neon-vfpv4 -mfloat-abi=hard -D_TIME_BITS=64 -D_FILE_OFFSET_BITS=64 --sysroot=/home/pli/builds/openpli-scarthgap-build-1-30-2025/openpli-oe-core/build/tmp/work/osmio4k-oe-linux-gnueabi/enigma2/3.12+git/recipe-sysroot -std=gnu++17 -DHAVE_CONFIG_H -I. -I../../git/lib -I..  -I.. -I../../git -I../../git/include -DPY_SSIZE_T_CLEAN -include Python.h -include ../enigma2_config.h -I/home/pli/builds/openpli-scarthgap-build-1-30-2025/openpli-oe-core/build/tmp/work/osmio4k-oe-linux-gnueabi/enigma2/3.12+git/recipe-sysroot/usr/include/python3.12  -Os -pipe -g -feliminate-unused-debug-types -fcanon-prefix-map  -fmacro-prefix-map=/home/pli/builds/openpli-scarthgap-build-1-30-2025/openpli-oe-core/build/tmp/work/osmio4k-oe-linux-gnueabi/enigma2/3.12+git/git=/usr/src/debug/enigma2/3.12+git  -fdebug-prefix-map=/home/pli/builds/openpli-scarthgap-build-1-30-2025/openpli-oe-core/build/tmp/work/osmio4k-oe-linux-gnueabi/enigma2/3.12+git/git=/usr/src/debug/enigma2/3.12+git  -fmacro-prefix-map=/home/pli/builds/openpli-scarthgap-build-1-30-2025/openpli-oe-core/build/tmp/work/osmio4k-oe-linux-gnueabi/enigma2/3.12+git/build=/usr/src/debug/enigma2/3.12+git  -fdebug-prefix-map=/home/pli/builds/openpli-scarthgap-build-1-30-2025/openpli-oe-core/build/tmp/work/osmio4k-oe-linux-gnueabi/enigma2/3.12+git/build=/usr/src/debug/enigma2/3.12+git  -fdebug-prefix-map=/home/pli/builds/openpli-scarthgap-build-1-30-2025/openpli-oe-core/build/tmp/work/osmio4k-oe-linux-gnueabi/enigma2/3.12+git/recipe-sysroot=  -fmacro-prefix-map=/home/pli/builds/openpli-scarthgap-build-1-30-2025/openpli-oe-core/build/tmp/work/osmio4k-oe-linux-gnueabi/enigma2/3.12+git/recipe-sysroot=  -fdebug-prefix-map=/home/pli/builds/openpli-scarthgap-build-1-30-2025/openpli-oe-core/build/tmp/work/osmio4k-oe-linux-gnueabi/enigma2/3.12+git/recipe-sysroot-native=  -fvisibility-inlines-hidden -Wattribute-alias -Wattribute-alias=1 -Wall -Wextra -Werror 	-Wformat=2 -Wformat-overflow=2 -Wformat-nonliteral -Wformat-security 	-Wimplicit-fallthrough=5 -Wduplicated-branches -Wtrampolines 	-Wdangling-else -Wshift-overflow=2 -Wswitch 	-Wunused-but-set-parameter -Wunused-const-variable=1 -Wuninitialized 	-Wstringop-overflow=3 -Woverlength-strings 	-Wunsafe-loop-optimizations -Wpointer-arith 	-Wfloat-equal -Wlogical-op 	-Wno-error=cast-align=strict -Wno-error=ignored-qualifiers 	-Wno-error=cast-function-type -Wno-error=deprecated-declarations 	-Wno-error=stringop-truncation -Wno-error=shadow -Wno-error=cast-qual 	-Wno-error=aggregate-return -Wno-error=missing-field-initializers 	-Wno-error=packed -Wno-error=vla -Wno-error=clobbered -Wno-error=unused-parameter 	-I/home/pli/builds/openpli-scarthgap-build-1-30-2025/openpli-oe-core/build/tmp/work/osmio4k-oe-linux-gnueabi/enigma2/3.12+git/recipe-sysroot/usr/include/freetype2 -I/home/pli/builds/openpli-scarthgap-build-1-30-2025/openpli-oe-core/build/tmp/work/osmio4k-oe-linux-gnueabi/enigma2/3.12+git/recipe-sysroot/usr/include/fribidi -I/home/pli/builds/openpli-scarthgap-build-1-30-2025/openpli-oe-core/build/tmp/work/osmio4k-oe-linux-gnueabi/enigma2/3.12+git/recipe-sysroot/usr/include/glib-2.0 -I/home/pli/builds/openpli-scarthgap-build-1-30-2025/openpli-oe-core/build/tmp/work/osmio4k-oe-linux-gnueabi/enigma2/3.12+git/recipe-sysroot/usr/lib/glib-2.0/include -I/home/pli/builds/openpli-scarthgap-build-1-30-2025/openpli-oe-core/build/tmp/work/osmio4k-oe-linux-gnueabi/enigma2/3.12+git/recipe-sysroot/usr/include/libpng16 -I/home/pli/builds/openpli-scarthgap-build-1-30-2025/openpli-oe-core/build/tmp/work/osmio4k-oe-linux-gnueabi/enigma2/3.12+git/recipe-sysroot/usr/include/libxml2 -I/home/pli/builds/openpli-scarthgap-build-1-30-2025/openpli-oe-core/build/tmp/work/osmio4k-oe-linux-gnueabi/enigma2/3.12+git/recipe-sysroot/usr/include/sigc++-3.0 -I/home/pli/builds/openpli-scarthgap-build-1-30-2025/openpli-oe-core/build/tmp/work/osmio4k-oe-linux-gnueabi/enigma2/3.12+git/recipe-sysroot/usr/lib/sigc++-3.0/include -fno-rtti -fno-exceptions -rdynamic -funwind-tables  -fopenmp  -MT gdi/libenigma_gdi_a-picexif.o -MD -MP -MF gdi/.deps/libenigma_gdi_a-picexif.Tpo -c -o gdi/libenigma_gdi_a-picexif.o `test -f 'gdi/picexif.cpp' || echo '../../git/lib/'`gdi/picexif.cpp

arm-oe-linux-gnueabi-g++  -march=armv7ve -mfpu=neon-vfpv4 -mfloat-abi=hard -D_TIME_BITS=64 -D_FILE_OFFSET_BITS=64 --sysroot=/home/pli/builds/openpli-scarthgap-build-1-30-2025/openpli-oe-core/build/tmp/work/osmio4k-oe-linux-gnueabi/enigma2/3.12+git/recipe-sysroot -std=gnu++17 -DHAVE_CONFIG_H -I. -I../../git/lib -I..  -I.. -I../../git -I../../git/include -DPY_SSIZE_T_CLEAN -include Python.h -include ../enigma2_config.h -I/home/pli/builds/openpli-scarthgap-build-1-30-2025/openpli-oe-core/build/tmp/work/osmio4k-oe-linux-gnueabi/enigma2/3.12+git/recipe-sysroot/usr/include/python3.12  -Os -pipe -g -feliminate-unused-debug-types -fcanon-prefix-map  -fmacro-prefix-map=/home/pli/builds/openpli-scarthgap-build-1-30-2025/openpli-oe-core/build/tmp/work/osmio4k-oe-linux-gnueabi/enigma2/3.12+git/git=/usr/src/debug/enigma2/3.12+git  -fdebug-prefix-map=/home/pli/builds/openpli-scarthgap-build-1-30-2025/openpli-oe-core/build/tmp/work/osmio4k-oe-linux-gnueabi/enigma2/3.12+git/git=/usr/src/debug/enigma2/3.12+git  -fmacro-prefix-map=/home/pli/builds/openpli-scarthgap-build-1-30-2025/openpli-oe-core/build/tmp/work/osmio4k-oe-linux-gnueabi/enigma2/3.12+git/build=/usr/src/debug/enigma2/3.12+git  -fdebug-prefix-map=/home/pli/builds/openpli-scarthgap-build-1-30-2025/openpli-oe-core/build/tmp/work/osmio4k-oe-linux-gnueabi/enigma2/3.12+git/build=/usr/src/debug/enigma2/3.12+git  -fdebug-prefix-map=/home/pli/builds/openpli-scarthgap-build-1-30-2025/openpli-oe-core/build/tmp/work/osmio4k-oe-linux-gnueabi/enigma2/3.12+git/recipe-sysroot=  -fmacro-prefix-map=/home/pli/builds/openpli-scarthgap-build-1-30-2025/openpli-oe-core/build/tmp/work/osmio4k-oe-linux-gnueabi/enigma2/3.12+git/recipe-sysroot=  -fdebug-prefix-map=/home/pli/builds/openpli-scarthgap-build-1-30-2025/openpli-oe-core/build/tmp/work/osmio4k-oe-linux-gnueabi/enigma2/3.12+git/recipe-sysroot-native=  -fvisibility-inlines-hidden -Wattribute-alias -Wattribute-alias=1 -Wall -Wextra -Werror 	-Wformat=2 -Wformat-overflow=2 -Wformat-nonliteral -Wformat-security 	-Wimplicit-fallthrough=5 -Wduplicated-branches -Wtrampolines 	-Wdangling-else -Wshift-overflow=2 -Wswitch 	-Wunused-but-set-parameter -Wunused-const-variable=1 -Wuninitialized 	-Wstringop-overflow=3 -Woverlength-strings 	-Wunsafe-loop-optimizations -Wpointer-arith 	-Wfloat-equal -Wlogical-op 	-Wno-error=cast-align=strict -Wno-error=ignored-qualifiers 	-Wno-error=cast-function-type -Wno-error=deprecated-declarations 	-Wno-error=stringop-truncation -Wno-error=shadow -Wno-error=cast-qual 	-Wno-error=aggregate-return -Wno-error=missing-field-initializers 	-Wno-error=packed -Wno-error=vla -Wno-error=clobbered -Wno-error=unused-parameter 	-I/home/pli/builds/openpli-scarthgap-build-1-30-2025/openpli-oe-core/build/tmp/work/osmio4k-oe-linux-gnueabi/enigma2/3.12+git/recipe-sysroot/usr/include/freetype2 -I/home/pli/builds/openpli-scarthgap-build-1-30-2025/openpli-oe-core/build/tmp/work/osmio4k-oe-linux-gnueabi/enigma2/3.12+git/recipe-sysroot/usr/include/fribidi -I/home/pli/builds/openpli-scarthgap-build-1-30-2025/openpli-oe-core/build/tmp/work/osmio4k-oe-linux-gnueabi/enigma2/3.12+git/recipe-sysroot/usr/include/glib-2.0 -I/home/pli/builds/openpli-scarthgap-build-1-30-2025/openpli-oe-core/build/tmp/work/osmio4k-oe-linux-gnueabi/enigma2/3.12+git/recipe-sysroot/usr/lib/glib-2.0/include -I/home/pli/builds/openpli-scarthgap-build-1-30-2025/openpli-oe-core/build/tmp/work/osmio4k-oe-linux-gnueabi/enigma2/3.12+git/recipe-sysroot/usr/include/libpng16 -I/home/pli/builds/openpli-scarthgap-build-1-30-2025/openpli-oe-core/build/tmp/work/osmio4k-oe-linux-gnueabi/enigma2/3.12+git/recipe-sysroot/usr/include/libxml2 -I/home/pli/builds/openpli-scarthgap-build-1-30-2025/openpli-oe-core/build/tmp/work/osmio4k-oe-linux-gnueabi/enigma2/3.12+git/recipe-sysroot/usr/include/sigc++-3.0 -I/home/pli/builds/openpli-scarthgap-build-1-30-2025/openpli-oe-core/build/tmp/work/osmio4k-oe-linux-gnueabi/enigma2/3.12+git/recipe-sysroot/usr/lib/sigc++-3.0/include -fno-rtti -fno-exceptions -rdynamic -funwind-tables  -fopenmp  -MT gdi/libenigma_gdi_a-picload.o -MD -MP -MF gdi/.deps/libenigma_gdi_a-picload.Tpo -c -o gdi/libenigma_gdi_a-picload.o `test -f 'gdi/picload.cpp' || echo '../../git/lib/'`gdi/picload.cpp

arm-oe-linux-gnueabi-g++  -march=armv7ve -mfpu=neon-vfpv4 -mfloat-abi=hard -D_TIME_BITS=64 -D_FILE_OFFSET_BITS=64 --sysroot=/home/pli/builds/openpli-scarthgap-build-1-30-2025/openpli-oe-core/build/tmp/work/osmio4k-oe-linux-gnueabi/enigma2/3.12+git/recipe-sysroot -std=gnu++17 -DHAVE_CONFIG_H -I. -I../../git/lib -I..  -I.. -I../../git -I../../git/include -DPY_SSIZE_T_CLEAN -include Python.h -include ../enigma2_config.h -I/home/pli/builds/openpli-scarthgap-build-1-30-2025/openpli-oe-core/build/tmp/work/osmio4k-oe-linux-gnueabi/enigma2/3.12+git/recipe-sysroot/usr/include/python3.12  -Os -pipe -g -feliminate-unused-debug-types -fcanon-prefix-map  -fmacro-prefix-map=/home/pli/builds/openpli-scarthgap-build-1-30-2025/openpli-oe-core/build/tmp/work/osmio4k-oe-linux-gnueabi/enigma2/3.12+git/git=/usr/src/debug/enigma2/3.12+git  -fdebug-prefix-map=/home/pli/builds/openpli-scarthgap-build-1-30-2025/openpli-oe-core/build/tmp/work/osmio4k-oe-linux-gnueabi/enigma2/3.12+git/git=/usr/src/debug/enigma2/3.12+git  -fmacro-prefix-map=/home/pli/builds/openpli-scarthgap-build-1-30-2025/openpli-oe-core/build/tmp/work/osmio4k-oe-linux-gnueabi/enigma2/3.12+git/build=/usr/src/debug/enigma2/3.12+git  -fdebug-prefix-map=/home/pli/builds/openpli-scarthgap-build-1-30-2025/openpli-oe-core/build/tmp/work/osmio4k-oe-linux-gnueabi/enigma2/3.12+git/build=/usr/src/debug/enigma2/3.12+git  -fdebug-prefix-map=/home/pli/builds/openpli-scarthgap-build-1-30-2025/openpli-oe-core/build/tmp/work/osmio4k-oe-linux-gnueabi/enigma2/3.12+git/recipe-sysroot=  -fmacro-prefix-map=/home/pli/builds/openpli-scarthgap-build-1-30-2025/openpli-oe-core/build/tmp/work/osmio4k-oe-linux-gnueabi/enigma2/3.12+git/recipe-sysroot=  -fdebug-prefix-map=/home/pli/builds/openpli-scarthgap-build-1-30-2025/openpli-oe-core/build/tmp/work/osmio4k-oe-linux-gnueabi/enigma2/3.12+git/recipe-sysroot-native=  -fvisibility-inlines-hidden -Wattribute-alias -Wattribute-alias=1 -Wall -Wextra -Werror 	-Wformat=2 -Wformat-overflow=2 -Wformat-nonliteral -Wformat-security 	-Wimplicit-fallthrough=5 -Wduplicated-branches -Wtrampolines 	-Wdangling-else -Wshift-overflow=2 -Wswitch 	-Wunused-but-set-parameter -Wunused-const-variable=1 -Wuninitialized 	-Wstringop-overflow=3 -Woverlength-strings 	-Wunsafe-loop-optimizations -Wpointer-arith 	-Wfloat-equal -Wlogical-op 	-Wno-error=cast-align=strict -Wno-error=ignored-qualifiers 	-Wno-error=cast-function-type -Wno-error=deprecated-declarations 	-Wno-error=stringop-truncation -Wno-error=shadow -Wno-error=cast-qual 	-Wno-error=aggregate-return -Wno-error=missing-field-initializers 	-Wno-error=packed -Wno-error=vla -Wno-error=clobbered -Wno-error=unused-parameter 	-I/home/pli/builds/openpli-scarthgap-build-1-30-2025/openpli-oe-core/build/tmp/work/osmio4k-oe-linux-gnueabi/enigma2/3.12+git/recipe-sysroot/usr/include/freetype2 -I/home/pli/builds/openpli-scarthgap-build-1-30-2025/openpli-oe-core/build/tmp/work/osmio4k-oe-linux-gnueabi/enigma2/3.12+git/recipe-sysroot/usr/include/fribidi -I/home/pli/builds/openpli-scarthgap-build-1-30-2025/openpli-oe-core/build/tmp/work/osmio4k-oe-linux-gnueabi/enigma2/3.12+git/recipe-sysroot/usr/include/glib-2.0 -I/home/pli/builds/openpli-scarthgap-build-1-30-2025/openpli-oe-core/build/tmp/work/osmio4k-oe-linux-gnueabi/enigma2/3.12+git/recipe-sysroot/usr/lib/glib-2.0/include -I/home/pli/builds/openpli-scarthgap-build-1-30-2025/openpli-oe-core/build/tmp/work/osmio4k-oe-linux-gnueabi/enigma2/3.12+git/recipe-sysroot/usr/include/libpng16 -I/home/pli/builds/openpli-scarthgap-build-1-30-2025/openpli-oe-core/build/tmp/work/osmio4k-oe-linux-gnueabi/enigma2/3.12+git/recipe-sysroot/usr/include/libxml2 -I/home/pli/builds/openpli-scarthgap-build-1-30-2025/openpli-oe-core/build/tmp/work/osmio4k-oe-linux-gnueabi/enigma2/3.12+git/recipe-sysroot/usr/include/sigc++-3.0 -I/home/pli/builds/openpli-scarthgap-build-1-30-2025/openpli-oe-core/build/tmp/work/osmio4k-oe-linux-gnueabi/enigma2/3.12+git/recipe-sysroot/usr/lib/sigc++-3.0/include -fno-rtti -fno-exceptions -rdynamic -funwind-tables  -fopenmp  -MT gdi/libenigma_gdi_a-pixmapcache.o -MD -MP -MF gdi/.deps/libenigma_gdi_a-pixmapcache.Tpo -c -o gdi/libenigma_gdi_a-pixmapcache.o `test -f 'gdi/pixmapcache.cpp' || echo '../../git/lib/'`gdi/pixmapcache.cpp

arm-oe-linux-gnueabi-g++  -march=armv7ve -mfpu=neon-vfpv4 -mfloat-abi=hard -D_TIME_BITS=64 -D_FILE_OFFSET_BITS=64 --sysroot=/home/pli/builds/openpli-scarthgap-build-1-30-2025/openpli-oe-core/build/tmp/work/osmio4k-oe-linux-gnueabi/enigma2/3.12+git/recipe-sysroot -std=gnu++17 -DHAVE_CONFIG_H -I. -I../../git/lib -I..  -I.. -I../../git -I../../git/include -DPY_SSIZE_T_CLEAN -include Python.h -include ../enigma2_config.h -I/home/pli/builds/openpli-scarthgap-build-1-30-2025/openpli-oe-core/build/tmp/work/osmio4k-oe-linux-gnueabi/enigma2/3.12+git/recipe-sysroot/usr/include/python3.12  -Os -pipe -g -feliminate-unused-debug-types -fcanon-prefix-map  -fmacro-prefix-map=/home/pli/builds/openpli-scarthgap-build-1-30-2025/openpli-oe-core/build/tmp/work/osmio4k-oe-linux-gnueabi/enigma2/3.12+git/git=/usr/src/debug/enigma2/3.12+git  -fdebug-prefix-map=/home/pli/builds/openpli-scarthgap-build-1-30-2025/openpli-oe-core/build/tmp/work/osmio4k-oe-linux-gnueabi/enigma2/3.12+git/git=/usr/src/debug/enigma2/3.12+git  -fmacro-prefix-map=/home/pli/builds/openpli-scarthgap-build-1-30-2025/openpli-oe-core/build/tmp/work/osmio4k-oe-linux-gnueabi/enigma2/3.12+git/build=/usr/src/debug/enigma2/3.12+git  -fdebug-prefix-map=/home/pli/builds/openpli-scarthgap-build-1-30-2025/openpli-oe-core/build/tmp/work/osmio4k-oe-linux-gnueabi/enigma2/3.12+git/build=/usr/src/debug/enigma2/3.12+git  -fdebug-prefix-map=/home/pli/builds/openpli-scarthgap-build-1-30-2025/openpli-oe-core/build/tmp/work/osmio4k-oe-linux-gnueabi/enigma2/3.12+git/recipe-sysroot=  -fmacro-prefix-map=/home/pli/builds/openpli-scarthgap-build-1-30-2025/openpli-oe-core/build/tmp/work/osmio4k-oe-linux-gnueabi/enigma2/3.12+git/recipe-sysroot=  -fdebug-prefix-map=/home/pli/builds/openpli-scarthgap-build-1-30-2025/openpli-oe-core/build/tmp/work/osmio4k-oe-linux-gnueabi/enigma2/3.12+git/recipe-sysroot-native=  -fvisibility-inlines-hidden -Wattribute-alias -Wattribute-alias=1 -Wall -Wextra -Werror 	-Wformat=2 -Wformat-overflow=2 -Wformat-nonliteral -Wformat-security 	-Wimplicit-fallthrough=5 -Wduplicated-branches -Wtrampolines 	-Wdangling-else -Wshift-overflow=2 -Wswitch 	-Wunused-but-set-parameter -Wunused-const-variable=1 -Wuninitialized 	-Wstringop-overflow=3 -Woverlength-strings 	-Wunsafe-loop-optimizations -Wpointer-arith 	-Wfloat-equal -Wlogical-op 	-Wno-error=cast-align=strict -Wno-error=ignored-qualifiers 	-Wno-error=cast-function-type -Wno-error=deprecated-declarations 	-Wno-error=stringop-truncation -Wno-error=shadow -Wno-error=cast-qual 	-Wno-error=aggregate-return -Wno-error=missing-field-initializers 	-Wno-error=packed -Wno-error=vla -Wno-error=clobbered -Wno-error=unused-parameter 	-I/home/pli/builds/openpli-scarthgap-build-1-30-2025/openpli-oe-core/build/tmp/work/osmio4k-oe-linux-gnueabi/enigma2/3.12+git/recipe-sysroot/usr/include/freetype2 -I/home/pli/builds/openpli-scarthgap-build-1-30-2025/openpli-oe-core/build/tmp/work/osmio4k-oe-linux-gnueabi/enigma2/3.12+git/recipe-sysroot/usr/include/fribidi -I/home/pli/builds/openpli-scarthgap-build-1-30-2025/openpli-oe-core/build/tmp/work/osmio4k-oe-linux-gnueabi/enigma2/3.12+git/recipe-sysroot/usr/include/glib-2.0 -I/home/pli/builds/openpli-scarthgap-build-1-30-2025/openpli-oe-core/build/tmp/work/osmio4k-oe-linux-gnueabi/enigma2/3.12+git/recipe-sysroot/usr/lib/glib-2.0/include -I/home/pli/builds/openpli-scarthgap-build-1-30-2025/openpli-oe-core/build/tmp/work/osmio4k-oe-linux-gnueabi/enigma2/3.12+git/recipe-sysroot/usr/include/libpng16 -I/home/pli/builds/openpli-scarthgap-build-1-30-2025/openpli-oe-core/build/tmp/work/osmio4k-oe-linux-gnueabi/enigma2/3.12+git/recipe-sysroot/usr/include/libxml2 -I/home/pli/builds/openpli-scarthgap-build-1-30-2025/openpli-oe-core/build/tmp/work/osmio4k-oe-linux-gnueabi/enigma2/3.12+git/recipe-sysroot/usr/include/sigc++-3.0 -I/home/pli/builds/openpli-scarthgap-build-1-30-2025/openpli-oe-core/build/tmp/work/osmio4k-oe-linux-gnueabi/enigma2/3.12+git/recipe-sysroot/usr/lib/sigc++-3.0/include -fno-rtti -fno-exceptions -rdynamic -funwind-tables  -fopenmp  -MT gdi/libenigma_gdi_a-region.o -MD -MP -MF gdi/.deps/libenigma_gdi_a-region.Tpo -c -o gdi/libenigma_gdi_a-region.o `test -f 'gdi/region.cpp' || echo '../../git/lib/'`gdi/region.cpp

arm-oe-linux-gnueabi-g++  -march=armv7ve -mfpu=neon-vfpv4 -mfloat-abi=hard -D_TIME_BITS=64 -D_FILE_OFFSET_BITS=64 --sysroot=/home/pli/builds/openpli-scarthgap-build-1-30-2025/openpli-oe-core/build/tmp/work/osmio4k-oe-linux-gnueabi/enigma2/3.12+git/recipe-sysroot -std=gnu++17 -DHAVE_CONFIG_H -I. -I../../git/lib -I..  -I.. -I../../git -I../../git/include -DPY_SSIZE_T_CLEAN -include Python.h -include ../enigma2_config.h -I/home/pli/builds/openpli-scarthgap-build-1-30-2025/openpli-oe-core/build/tmp/work/osmio4k-oe-linux-gnueabi/enigma2/3.12+git/recipe-sysroot/usr/include/python3.12  -Os -pipe -g -feliminate-unused-debug-types -fcanon-prefix-map  -fmacro-prefix-map=/home/pli/builds/openpli-scarthgap-build-1-30-2025/openpli-oe-core/build/tmp/work/osmio4k-oe-linux-gnueabi/enigma2/3.12+git/git=/usr/src/debug/enigma2/3.12+git  -fdebug-prefix-map=/home/pli/builds/openpli-scarthgap-build-1-30-2025/openpli-oe-core/build/tmp/work/osmio4k-oe-linux-gnueabi/enigma2/3.12+git/git=/usr/src/debug/enigma2/3.12+git  -fmacro-prefix-map=/home/pli/builds/openpli-scarthgap-build-1-30-2025/openpli-oe-core/build/tmp/work/osmio4k-oe-linux-gnueabi/enigma2/3.12+git/build=/usr/src/debug/enigma2/3.12+git  -fdebug-prefix-map=/home/pli/builds/openpli-scarthgap-build-1-30-2025/openpli-oe-core/build/tmp/work/osmio4k-oe-linux-gnueabi/enigma2/3.12+git/build=/usr/src/debug/enigma2/3.12+git  -fdebug-prefix-map=/home/pli/builds/openpli-scarthgap-build-1-30-2025/openpli-oe-core/build/tmp/work/osmio4k-oe-linux-gnueabi/enigma2/3.12+git/recipe-sysroot=  -fmacro-prefix-map=/home/pli/builds/openpli-scarthgap-build-1-30-2025/openpli-oe-core/build/tmp/work/osmio4k-oe-linux-gnueabi/enigma2/3.12+git/recipe-sysroot=  -fdebug-prefix-map=/home/pli/builds/openpli-scarthgap-build-1-30-2025/openpli-oe-core/build/tmp/work/osmio4k-oe-linux-gnueabi/enigma2/3.12+git/recipe-sysroot-native=  -fvisibility-inlines-hidden -Wattribute-alias -Wattribute-alias=1 -Wall -Wextra -Werror 	-Wformat=2 -Wformat-overflow=2 -Wformat-nonliteral -Wformat-security 	-Wimplicit-fallthrough=5 -Wduplicated-branches -Wtrampolines 	-Wdangling-else -Wshift-overflow=2 -Wswitch 	-Wunused-but-set-parameter -Wunused-const-variable=1 -Wuninitialized 	-Wstringop-overflow=3 -Woverlength-strings 	-Wunsafe-loop-optimizations -Wpointer-arith 	-Wfloat-equal -Wlogical-op 	-Wno-error=cast-align=strict -Wno-error=ignored-qualifiers 	-Wno-error=cast-function-type -Wno-error=deprecated-declarations 	-Wno-error=stringop-truncation -Wno-error=shadow -Wno-error=cast-qual 	-Wno-error=aggregate-return -Wno-error=missing-field-initializers 	-Wno-error=packed -Wno-error=vla -Wno-error=clobbered -Wno-error=unused-parameter 	-I/home/pli/builds/openpli-scarthgap-build-1-30-2025/openpli-oe-core/build/tmp/work/osmio4k-oe-linux-gnueabi/enigma2/3.12+git/recipe-sysroot/usr/include/freetype2 -I/home/pli/builds/openpli-scarthgap-build-1-30-2025/openpli-oe-core/build/tmp/work/osmio4k-oe-linux-gnueabi/enigma2/3.12+git/recipe-sysroot/usr/include/fribidi -I/home/pli/builds/openpli-scarthgap-build-1-30-2025/openpli-oe-core/build/tmp/work/osmio4k-oe-linux-gnueabi/enigma2/3.12+git/recipe-sysroot/usr/include/glib-2.0 -I/home/pli/builds/openpli-scarthgap-build-1-30-2025/openpli-oe-core/build/tmp/work/osmio4k-oe-linux-gnueabi/enigma2/3.12+git/recipe-sysroot/usr/lib/glib-2.0/include -I/home/pli/builds/openpli-scarthgap-build-1-30-2025/openpli-oe-core/build/tmp/work/osmio4k-oe-linux-gnueabi/enigma2/3.12+git/recipe-sysroot/usr/include/libpng16 -I/home/pli/builds/openpli-scarthgap-build-1-30-2025/openpli-oe-core/build/tmp/work/osmio4k-oe-linux-gnueabi/enigma2/3.12+git/recipe-sysroot/usr/include/libxml2 -I/home/pli/builds/openpli-scarthgap-build-1-30-2025/openpli-oe-core/build/tmp/work/osmio4k-oe-linux-gnueabi/enigma2/3.12+git/recipe-sysroot/usr/include/sigc++-3.0 -I/home/pli/builds/openpli-scarthgap-build-1-30-2025/openpli-oe-core/build/tmp/work/osmio4k-oe-linux-gnueabi/enigma2/3.12+git/recipe-sysroot/usr/lib/sigc++-3.0/include -fno-rtti -fno-exceptions -rdynamic -funwind-tables  -fopenmp  -MT gdi/libenigma_gdi_a-gfbdc.o -MD -MP -MF gdi/.deps/libenigma_gdi_a-gfbdc.Tpo -c -o gdi/libenigma_gdi_a-gfbdc.o `test -f 'gdi/gfbdc.cpp' || echo '../../git/lib/'`gdi/gfbdc.cpp

arm-oe-linux-gnueabi-g++  -march=armv7ve -mfpu=neon-vfpv4 -mfloat-abi=hard -D_TIME_BITS=64 -D_FILE_OFFSET_BITS=64 --sysroot=/home/pli/builds/openpli-scarthgap-build-1-30-2025/openpli-oe-core/build/tmp/work/osmio4k-oe-linux-gnueabi/enigma2/3.12+git/recipe-sysroot -std=gnu++17 -DHAVE_CONFIG_H -I. -I../../git/lib -I..  -I.. -I../../git -I../../git/include -DPY_SSIZE_T_CLEAN -include Python.h -include ../enigma2_config.h -I/home/pli/builds/openpli-scarthgap-build-1-30-2025/openpli-oe-core/build/tmp/work/osmio4k-oe-linux-gnueabi/enigma2/3.12+git/recipe-sysroot/usr/include/python3.12  -Os -pipe -g -feliminate-unused-debug-types -fcanon-prefix-map  -fmacro-prefix-map=/home/pli/builds/openpli-scarthgap-build-1-30-2025/openpli-oe-core/build/tmp/work/osmio4k-oe-linux-gnueabi/enigma2/3.12+git/git=/usr/src/debug/enigma2/3.12+git  -fdebug-prefix-map=/home/pli/builds/openpli-scarthgap-build-1-30-2025/openpli-oe-core/build/tmp/work/osmio4k-oe-linux-gnueabi/enigma2/3.12+git/git=/usr/src/debug/enigma2/3.12+git  -fmacro-prefix-map=/home/pli/builds/openpli-scarthgap-build-1-30-2025/openpli-oe-core/build/tmp/work/osmio4k-oe-linux-gnueabi/enigma2/3.12+git/build=/usr/src/debug/enigma2/3.12+git  -fdebug-prefix-map=/home/pli/builds/openpli-scarthgap-build-1-30-2025/openpli-oe-core/build/tmp/work/osmio4k-oe-linux-gnueabi/enigma2/3.12+git/build=/usr/src/debug/enigma2/3.12+git  -fdebug-prefix-map=/home/pli/builds/openpli-scarthgap-build-1-30-2025/openpli-oe-core/build/tmp/work/osmio4k-oe-linux-gnueabi/enigma2/3.12+git/recipe-sysroot=  -fmacro-prefix-map=/home/pli/builds/openpli-scarthgap-build-1-30-2025/openpli-oe-core/build/tmp/work/osmio4k-oe-linux-gnueabi/enigma2/3.12+git/recipe-sysroot=  -fdebug-prefix-map=/home/pli/builds/openpli-scarthgap-build-1-30-2025/openpli-oe-core/build/tmp/work/osmio4k-oe-linux-gnueabi/enigma2/3.12+git/recipe-sysroot-native=  -fvisibility-inlines-hidden -Wattribute-alias -Wattribute-alias=1 -Wall -Wextra -Werror 	-Wformat=2 -Wformat-overflow=2 -Wformat-nonliteral -Wformat-security 	-Wimplicit-fallthrough=5 -Wduplicated-branches -Wtrampolines 	-Wdangling-else -Wshift-overflow=2 -Wswitch 	-Wunused-but-set-parameter -Wunused-const-variable=1 -Wuninitialized 	-Wstringop-overflow=3 -Woverlength-strings 	-Wunsafe-loop-optimizations -Wpointer-arith 	-Wfloat-equal -Wlogical-op 	-Wno-error=cast-align=strict -Wno-error=ignored-qualifiers 	-Wno-error=cast-function-type -Wno-error=deprecated-declarations 	-Wno-error=stringop-truncation -Wno-error=shadow -Wno-error=cast-qual 	-Wno-error=aggregate-return -Wno-error=missing-field-initializers 	-Wno-error=packed -Wno-error=vla -Wno-error=clobbered -Wno-error=unused-parameter 	-I/home/pli/builds/openpli-scarthgap-build-1-30-2025/openpli-oe-core/build/tmp/work/osmio4k-oe-linux-gnueabi/enigma2/3.12+git/recipe-sysroot/usr/include/freetype2 -I/home/pli/builds/openpli-scarthgap-build-1-30-2025/openpli-oe-core/build/tmp/work/osmio4k-oe-linux-gnueabi/enigma2/3.12+git/recipe-sysroot/usr/include/fribidi -I/home/pli/builds/openpli-scarthgap-build-1-30-2025/openpli-oe-core/build/tmp/work/osmio4k-oe-linux-gnueabi/enigma2/3.12+git/recipe-sysroot/usr/include/glib-2.0 -I/home/pli/builds/openpli-scarthgap-build-1-30-2025/openpli-oe-core/build/tmp/work/osmio4k-oe-linux-gnueabi/enigma2/3.12+git/recipe-sysroot/usr/lib/glib-2.0/include -I/home/pli/builds/openpli-scarthgap-build-1-30-2025/openpli-oe-core/build/tmp/work/osmio4k-oe-linux-gnueabi/enigma2/3.12+git/recipe-sysroot/usr/include/libpng16 -I/home/pli/builds/openpli-scarthgap-build-1-30-2025/openpli-oe-core/build/tmp/work/osmio4k-oe-linux-gnueabi/enigma2/3.12+git/recipe-sysroot/usr/include/libxml2 -I/home/pli/builds/openpli-scarthgap-build-1-30-2025/openpli-oe-core/build/tmp/work/osmio4k-oe-linux-gnueabi/enigma2/3.12+git/recipe-sysroot/usr/include/sigc++-3.0 -I/home/pli/builds/openpli-scarthgap-build-1-30-2025/openpli-oe-core/build/tmp/work/osmio4k-oe-linux-gnueabi/enigma2/3.12+git/recipe-sysroot/usr/lib/sigc++-3.0/include -fno-rtti -fno-exceptions -rdynamic -funwind-tables  -fopenmp  -MT service/libenigma_service_a-event.o -MD -MP -MF service/.deps/libenigma_service_a-event.Tpo -c -o service/libenigma_service_a-event.o `test -f 'service/event.cpp' || echo '../../git/lib/'`service/event.cpp

arm-oe-linux-gnueabi-g++  -march=armv7ve -mfpu=neon-vfpv4 -mfloat-abi=hard -D_TIME_BITS=64 -D_FILE_OFFSET_BITS=64 --sysroot=/home/pli/builds/openpli-scarthgap-build-1-30-2025/openpli-oe-core/build/tmp/work/osmio4k-oe-linux-gnueabi/enigma2/3.12+git/recipe-sysroot -std=gnu++17 -DHAVE_CONFIG_H -I. -I../../git/lib -I..  -I.. -I../../git -I../../git/include -DPY_SSIZE_T_CLEAN -include Python.h -include ../enigma2_config.h -I/home/pli/builds/openpli-scarthgap-build-1-30-2025/openpli-oe-core/build/tmp/work/osmio4k-oe-linux-gnueabi/enigma2/3.12+git/recipe-sysroot/usr/include/python3.12  -Os -pipe -g -feliminate-unused-debug-types -fcanon-prefix-map  -fmacro-prefix-map=/home/pli/builds/openpli-scarthgap-build-1-30-2025/openpli-oe-core/build/tmp/work/osmio4k-oe-linux-gnueabi/enigma2/3.12+git/git=/usr/src/debug/enigma2/3.12+git  -fdebug-prefix-map=/home/pli/builds/openpli-scarthgap-build-1-30-2025/openpli-oe-core/build/tmp/work/osmio4k-oe-linux-gnueabi/enigma2/3.12+git/git=/usr/src/debug/enigma2/3.12+git  -fmacro-prefix-map=/home/pli/builds/openpli-scarthgap-build-1-30-2025/openpli-oe-core/build/tmp/work/osmio4k-oe-linux-gnueabi/enigma2/3.12+git/build=/usr/src/debug/enigma2/3.12+git  -fdebug-prefix-map=/home/pli/builds/openpli-scarthgap-build-1-30-2025/openpli-oe-core/build/tmp/work/osmio4k-oe-linux-gnueabi/enigma2/3.12+git/build=/usr/src/debug/enigma2/3.12+git  -fdebug-prefix-map=/home/pli/builds/openpli-scarthgap-build-1-30-2025/openpli-oe-core/build/tmp/work/osmio4k-oe-linux-gnueabi/enigma2/3.12+git/recipe-sysroot=  -fmacro-prefix-map=/home/pli/builds/openpli-scarthgap-build-1-30-2025/openpli-oe-core/build/tmp/work/osmio4k-oe-linux-gnueabi/enigma2/3.12+git/recipe-sysroot=  -fdebug-prefix-map=/home/pli/builds/openpli-scarthgap-build-1-30-2025/openpli-oe-core/build/tmp/work/osmio4k-oe-linux-gnueabi/enigma2/3.12+git/recipe-sysroot-native=  -fvisibility-inlines-hidden -Wattribute-alias -Wattribute-alias=1 -Wall -Wextra -Werror 	-Wformat=2 -Wformat-overflow=2 -Wformat-nonliteral -Wformat-security 	-Wimplicit-fallthrough=5 -Wduplicated-branches -Wtrampolines 	-Wdangling-else -Wshift-overflow=2 -Wswitch 	-Wunused-but-set-parameter -Wunused-const-variable=1 -Wuninitialized 	-Wstringop-overflow=3 -Woverlength-strings 	-Wunsafe-loop-optimizations -Wpointer-arith 	-Wfloat-equal -Wlogical-op 	-Wno-error=cast-align=strict -Wno-error=ignored-qualifiers 	-Wno-error=cast-function-type -Wno-error=deprecated-declarations 	-Wno-error=stringop-truncation -Wno-error=shadow -Wno-error=cast-qual 	-Wno-error=aggregate-return -Wno-error=missing-field-initializers 	-Wno-error=packed -Wno-error=vla -Wno-error=clobbered -Wno-error=unused-parameter 	-I/home/pli/builds/openpli-scarthgap-build-1-30-2025/openpli-oe-core/build/tmp/work/osmio4k-oe-linux-gnueabi/enigma2/3.12+git/recipe-sysroot/usr/include/freetype2 -I/home/pli/builds/openpli-scarthgap-build-1-30-2025/openpli-oe-core/build/tmp/work/osmio4k-oe-linux-gnueabi/enigma2/3.12+git/recipe-sysroot/usr/include/fribidi -I/home/pli/builds/openpli-scarthgap-build-1-30-2025/openpli-oe-core/build/tmp/work/osmio4k-oe-linux-gnueabi/enigma2/3.12+git/recipe-sysroot/usr/include/glib-2.0 -I/home/pli/builds/openpli-scarthgap-build-1-30-2025/openpli-oe-core/build/tmp/work/osmio4k-oe-linux-gnueabi/enigma2/3.12+git/recipe-sysroot/usr/lib/glib-2.0/include -I/home/pli/builds/openpli-scarthgap-build-1-30-2025/openpli-oe-core/build/tmp/work/osmio4k-oe-linux-gnueabi/enigma2/3.12+git/recipe-sysroot/usr/include/libpng16 -I/home/pli/builds/openpli-scarthgap-build-1-30-2025/openpli-oe-core/build/tmp/work/osmio4k-oe-linux-gnueabi/enigma2/3.12+git/recipe-sysroot/usr/include/libxml2 -I/home/pli/builds/openpli-scarthgap-build-1-30-2025/openpli-oe-core/build/tmp/work/osmio4k-oe-linux-gnueabi/enigma2/3.12+git/recipe-sysroot/usr/include/sigc++-3.0 -I/home/pli/builds/openpli-scarthgap-build-1-30-2025/openpli-oe-core/build/tmp/work/osmio4k-oe-linux-gnueabi/enigma2/3.12+git/recipe-sysroot/usr/lib/sigc++-3.0/include -fno-rtti -fno-exceptions -rdynamic -funwind-tables  -fopenmp  -MT service/libenigma_service_a-listboxservice.o -MD -MP -MF service/.deps/libenigma_service_a-listboxservice.Tpo -c -o service/libenigma_service_a-listboxservice.o `test -f 'service/listboxservice.cpp' || echo '../../git/lib/'`service/listboxservice.cpp

arm-oe-linux-gnueabi-g++  -march=armv7ve -mfpu=neon-vfpv4 -mfloat-abi=hard -D_TIME_BITS=64 -D_FILE_OFFSET_BITS=64 --sysroot=/home/pli/builds/openpli-scarthgap-build-1-30-2025/openpli-oe-core/build/tmp/work/osmio4k-oe-linux-gnueabi/enigma2/3.12+git/recipe-sysroot -std=gnu++17 -DHAVE_CONFIG_H -I. -I../../git/lib -I..  -I.. -I../../git -I../../git/include -DPY_SSIZE_T_CLEAN -include Python.h -include ../enigma2_config.h -I/home/pli/builds/openpli-scarthgap-build-1-30-2025/openpli-oe-core/build/tmp/work/osmio4k-oe-linux-gnueabi/enigma2/3.12+git/recipe-sysroot/usr/include/python3.12  -Os -pipe -g -feliminate-unused-debug-types -fcanon-prefix-map  -fmacro-prefix-map=/home/pli/builds/openpli-scarthgap-build-1-30-2025/openpli-oe-core/build/tmp/work/osmio4k-oe-linux-gnueabi/enigma2/3.12+git/git=/usr/src/debug/enigma2/3.12+git  -fdebug-prefix-map=/home/pli/builds/openpli-scarthgap-build-1-30-2025/openpli-oe-core/build/tmp/work/osmio4k-oe-linux-gnueabi/enigma2/3.12+git/git=/usr/src/debug/enigma2/3.12+git  -fmacro-prefix-map=/home/pli/builds/openpli-scarthgap-build-1-30-2025/openpli-oe-core/build/tmp/work/osmio4k-oe-linux-gnueabi/enigma2/3.12+git/build=/usr/src/debug/enigma2/3.12+git  -fdebug-prefix-map=/home/pli/builds/openpli-scarthgap-build-1-30-2025/openpli-oe-core/build/tmp/work/osmio4k-oe-linux-gnueabi/enigma2/3.12+git/build=/usr/src/debug/enigma2/3.12+git  -fdebug-prefix-map=/home/pli/builds/openpli-scarthgap-build-1-30-2025/openpli-oe-core/build/tmp/work/osmio4k-oe-linux-gnueabi/enigma2/3.12+git/recipe-sysroot=  -fmacro-prefix-map=/home/pli/builds/openpli-scarthgap-build-1-30-2025/openpli-oe-core/build/tmp/work/osmio4k-oe-linux-gnueabi/enigma2/3.12+git/recipe-sysroot=  -fdebug-prefix-map=/home/pli/builds/openpli-scarthgap-build-1-30-2025/openpli-oe-core/build/tmp/work/osmio4k-oe-linux-gnueabi/enigma2/3.12+git/recipe-sysroot-native=  -fvisibility-inlines-hidden -Wattribute-alias -Wattribute-alias=1 -Wall -Wextra -Werror 	-Wformat=2 -Wformat-overflow=2 -Wformat-nonliteral -Wformat-security 	-Wimplicit-fallthrough=5 -Wduplicated-branches -Wtrampolines 	-Wdangling-else -Wshift-overflow=2 -Wswitch 	-Wunused-but-set-parameter -Wunused-const-variable=1 -Wuninitialized 	-Wstringop-overflow=3 -Woverlength-strings 	-Wunsafe-loop-optimizations -Wpointer-arith 	-Wfloat-equal -Wlogical-op 	-Wno-error=cast-align=strict -Wno-error=ignored-qualifiers 	-Wno-error=cast-function-type -Wno-error=deprecated-declarations 	-Wno-error=stringop-truncation -Wno-error=shadow -Wno-error=cast-qual 	-Wno-error=aggregate-return -Wno-error=missing-field-initializers 	-Wno-error=packed -Wno-error=vla -Wno-error=clobbered -Wno-error=unused-parameter 	-I/home/pli/builds/openpli-scarthgap-build-1-30-2025/openpli-oe-core/build/tmp/work/osmio4k-oe-linux-gnueabi/enigma2/3.12+git/recipe-sysroot/usr/include/freetype2 -I/home/pli/builds/openpli-scarthgap-build-1-30-2025/openpli-oe-core/build/tmp/work/osmio4k-oe-linux-gnueabi/enigma2/3.12+git/recipe-sysroot/usr/include/fribidi -I/home/pli/builds/openpli-scarthgap-build-1-30-2025/openpli-oe-core/build/tmp/work/osmio4k-oe-linux-gnueabi/enigma2/3.12+git/recipe-sysroot/usr/include/glib-2.0 -I/home/pli/builds/openpli-scarthgap-build-1-30-2025/openpli-oe-core/build/tmp/work/osmio4k-oe-linux-gnueabi/enigma2/3.12+git/recipe-sysroot/usr/lib/glib-2.0/include -I/home/pli/builds/openpli-scarthgap-build-1-30-2025/openpli-oe-core/build/tmp/work/osmio4k-oe-linux-gnueabi/enigma2/3.12+git/recipe-sysroot/usr/include/libpng16 -I/home/pli/builds/openpli-scarthgap-build-1-30-2025/openpli-oe-core/build/tmp/work/osmio4k-oe-linux-gnueabi/enigma2/3.12+git/recipe-sysroot/usr/include/libxml2 -I/home/pli/builds/openpli-scarthgap-build-1-30-2025/openpli-oe-core/build/tmp/work/osmio4k-oe-linux-gnueabi/enigma2/3.12+git/recipe-sysroot/usr/include/sigc++-3.0 -I/home/pli/builds/openpli-scarthgap-build-1-30-2025/openpli-oe-core/build/tmp/work/osmio4k-oe-linux-gnueabi/enigma2/3.12+git/recipe-sysroot/usr/lib/sigc++-3.0/include -fno-rtti -fno-exceptions -rdynamic -funwind-tables  -fopenmp  -MT service/libenigma_service_a-service.o -MD -MP -MF service/.deps/libenigma_service_a-service.Tpo -c -o service/libenigma_service_a-service.o `test -f 'service/service.cpp' || echo '../../git/lib/'`service/service.cpp

arm-oe-linux-gnueabi-g++  -march=armv7ve -mfpu=neon-vfpv4 -mfloat-abi=hard -D_TIME_BITS=64 -D_FILE_OFFSET_BITS=64 --sysroot=/home/pli/builds/openpli-scarthgap-build-1-30-2025/openpli-oe-core/build/tmp/work/osmio4k-oe-linux-gnueabi/enigma2/3.12+git/recipe-sysroot -std=gnu++17 -DHAVE_CONFIG_H -I. -I../../git/lib -I..  -I.. -I../../git -I../../git/include -DPY_SSIZE_T_CLEAN -include Python.h -include ../enigma2_config.h -I/home/pli/builds/openpli-scarthgap-build-1-30-2025/openpli-oe-core/build/tmp/work/osmio4k-oe-linux-gnueabi/enigma2/3.12+git/recipe-sysroot/usr/include/python3.12  -Os -pipe -g -feliminate-unused-debug-types -fcanon-prefix-map  -fmacro-prefix-map=/home/pli/builds/openpli-scarthgap-build-1-30-2025/openpli-oe-core/build/tmp/work/osmio4k-oe-linux-gnueabi/enigma2/3.12+git/git=/usr/src/debug/enigma2/3.12+git  -fdebug-prefix-map=/home/pli/builds/openpli-scarthgap-build-1-30-2025/openpli-oe-core/build/tmp/work/osmio4k-oe-linux-gnueabi/enigma2/3.12+git/git=/usr/src/debug/enigma2/3.12+git  -fmacro-prefix-map=/home/pli/builds/openpli-scarthgap-build-1-30-2025/openpli-oe-core/build/tmp/work/osmio4k-oe-linux-gnueabi/enigma2/3.12+git/build=/usr/src/debug/enigma2/3.12+git  -fdebug-prefix-map=/home/pli/builds/openpli-scarthgap-build-1-30-2025/openpli-oe-core/build/tmp/work/osmio4k-oe-linux-gnueabi/enigma2/3.12+git/build=/usr/src/debug/enigma2/3.12+git  -fdebug-prefix-map=/home/pli/builds/openpli-scarthgap-build-1-30-2025/openpli-oe-core/build/tmp/work/osmio4k-oe-linux-gnueabi/enigma2/3.12+git/recipe-sysroot=  -fmacro-prefix-map=/home/pli/builds/openpli-scarthgap-build-1-30-2025/openpli-oe-core/build/tmp/work/osmio4k-oe-linux-gnueabi/enigma2/3.12+git/recipe-sysroot=  -fdebug-prefix-map=/home/pli/builds/openpli-scarthgap-build-1-30-2025/openpli-oe-core/build/tmp/work/osmio4k-oe-linux-gnueabi/enigma2/3.12+git/recipe-sysroot-native=  -fvisibility-inlines-hidden -Wattribute-alias -Wattribute-alias=1 -Wall -Wextra -Werror 	-Wformat=2 -Wformat-overflow=2 -Wformat-nonliteral -Wformat-security 	-Wimplicit-fallthrough=5 -Wduplicated-branches -Wtrampolines 	-Wdangling-else -Wshift-overflow=2 -Wswitch 	-Wunused-but-set-parameter -Wunused-const-variable=1 -Wuninitialized 	-Wstringop-overflow=3 -Woverlength-strings 	-Wunsafe-loop-optimizations -Wpointer-arith 	-Wfloat-equal -Wlogical-op 	-Wno-error=cast-align=strict -Wno-error=ignored-qualifiers 	-Wno-error=cast-function-type -Wno-error=deprecated-declarations 	-Wno-error=stringop-truncation -Wno-error=shadow -Wno-error=cast-qual 	-Wno-error=aggregate-return -Wno-error=missing-field-initializers 	-Wno-error=packed -Wno-error=vla -Wno-error=clobbered -Wno-error=unused-parameter 	-I/home/pli/builds/openpli-scarthgap-build-1-30-2025/openpli-oe-core/build/tmp/work/osmio4k-oe-linux-gnueabi/enigma2/3.12+git/recipe-sysroot/usr/include/freetype2 -I/home/pli/builds/openpli-scarthgap-build-1-30-2025/openpli-oe-core/build/tmp/work/osmio4k-oe-linux-gnueabi/enigma2/3.12+git/recipe-sysroot/usr/include/fribidi -I/home/pli/builds/openpli-scarthgap-build-1-30-2025/openpli-oe-core/build/tmp/work/osmio4k-oe-linux-gnueabi/enigma2/3.12+git/recipe-sysroot/usr/include/glib-2.0 -I/home/pli/builds/openpli-scarthgap-build-1-30-2025/openpli-oe-core/build/tmp/work/osmio4k-oe-linux-gnueabi/enigma2/3.12+git/recipe-sysroot/usr/lib/glib-2.0/include -I/home/pli/builds/openpli-scarthgap-build-1-30-2025/openpli-oe-core/build/tmp/work/osmio4k-oe-linux-gnueabi/enigma2/3.12+git/recipe-sysroot/usr/include/libpng16 -I/home/pli/builds/openpli-scarthgap-build-1-30-2025/openpli-oe-core/build/tmp/work/osmio4k-oe-linux-gnueabi/enigma2/3.12+git/recipe-sysroot/usr/include/libxml2 -I/home/pli/builds/openpli-scarthgap-build-1-30-2025/openpli-oe-core/build/tmp/work/osmio4k-oe-linux-gnueabi/enigma2/3.12+git/recipe-sysroot/usr/include/sigc++-3.0 -I/home/pli/builds/openpli-scarthgap-build-1-30-2025/openpli-oe-core/build/tmp/work/osmio4k-oe-linux-gnueabi/enigma2/3.12+git/recipe-sysroot/usr/lib/sigc++-3.0/include -fno-rtti -fno-exceptions -rdynamic -funwind-tables  -fopenmp  -MT service/libenigma_service_a-servicedvb.o -MD -MP -MF service/.deps/libenigma_service_a-servicedvb.Tpo -c -o service/libenigma_service_a-servicedvb.o `test -f 'service/servicedvb.cpp' || echo '../../git/lib/'`service/servicedvb.cpp

arm-oe-linux-gnueabi-g++  -march=armv7ve -mfpu=neon-vfpv4 -mfloat-abi=hard -D_TIME_BITS=64 -D_FILE_OFFSET_BITS=64 --sysroot=/home/pli/builds/openpli-scarthgap-build-1-30-2025/openpli-oe-core/build/tmp/work/osmio4k-oe-linux-gnueabi/enigma2/3.12+git/recipe-sysroot -std=gnu++17 -DHAVE_CONFIG_H -I. -I../../git/lib -I..  -I.. -I../../git -I../../git/include -DPY_SSIZE_T_CLEAN -include Python.h -include ../enigma2_config.h -I/home/pli/builds/openpli-scarthgap-build-1-30-2025/openpli-oe-core/build/tmp/work/osmio4k-oe-linux-gnueabi/enigma2/3.12+git/recipe-sysroot/usr/include/python3.12  -Os -pipe -g -feliminate-unused-debug-types -fcanon-prefix-map  -fmacro-prefix-map=/home/pli/builds/openpli-scarthgap-build-1-30-2025/openpli-oe-core/build/tmp/work/osmio4k-oe-linux-gnueabi/enigma2/3.12+git/git=/usr/src/debug/enigma2/3.12+git  -fdebug-prefix-map=/home/pli/builds/openpli-scarthgap-build-1-30-2025/openpli-oe-core/build/tmp/work/osmio4k-oe-linux-gnueabi/enigma2/3.12+git/git=/usr/src/debug/enigma2/3.12+git  -fmacro-prefix-map=/home/pli/builds/openpli-scarthgap-build-1-30-2025/openpli-oe-core/build/tmp/work/osmio4k-oe-linux-gnueabi/enigma2/3.12+git/build=/usr/src/debug/enigma2/3.12+git  -fdebug-prefix-map=/home/pli/builds/openpli-scarthgap-build-1-30-2025/openpli-oe-core/build/tmp/work/osmio4k-oe-linux-gnueabi/enigma2/3.12+git/build=/usr/src/debug/enigma2/3.12+git  -fdebug-prefix-map=/home/pli/builds/openpli-scarthgap-build-1-30-2025/openpli-oe-core/build/tmp/work/osmio4k-oe-linux-gnueabi/enigma2/3.12+git/recipe-sysroot=  -fmacro-prefix-map=/home/pli/builds/openpli-scarthgap-build-1-30-2025/openpli-oe-core/build/tmp/work/osmio4k-oe-linux-gnueabi/enigma2/3.12+git/recipe-sysroot=  -fdebug-prefix-map=/home/pli/builds/openpli-scarthgap-build-1-30-2025/openpli-oe-core/build/tmp/work/osmio4k-oe-linux-gnueabi/enigma2/3.12+git/recipe-sysroot-native=  -fvisibility-inlines-hidden -Wattribute-alias -Wattribute-alias=1 -Wall -Wextra -Werror 	-Wformat=2 -Wformat-overflow=2 -Wformat-nonliteral -Wformat-security 	-Wimplicit-fallthrough=5 -Wduplicated-branches -Wtrampolines 	-Wdangling-else -Wshift-overflow=2 -Wswitch 	-Wunused-but-set-parameter -Wunused-const-variable=1 -Wuninitialized 	-Wstringop-overflow=3 -Woverlength-strings 	-Wunsafe-loop-optimizations -Wpointer-arith 	-Wfloat-equal -Wlogical-op 	-Wno-error=cast-align=strict -Wno-error=ignored-qualifiers 	-Wno-error=cast-function-type -Wno-error=deprecated-declarations 	-Wno-error=stringop-truncation -Wno-error=shadow -Wno-error=cast-qual 	-Wno-error=aggregate-return -Wno-error=missing-field-initializers 	-Wno-error=packed -Wno-error=vla -Wno-error=clobbered -Wno-error=unused-parameter 	-I/home/pli/builds/openpli-scarthgap-build-1-30-2025/openpli-oe-core/build/tmp/work/osmio4k-oe-linux-gnueabi/enigma2/3.12+git/recipe-sysroot/usr/include/freetype2 -I/home/pli/builds/openpli-scarthgap-build-1-30-2025/openpli-oe-core/build/tmp/work/osmio4k-oe-linux-gnueabi/enigma2/3.12+git/recipe-sysroot/usr/include/fribidi -I/home/pli/builds/openpli-scarthgap-build-1-30-2025/openpli-oe-core/build/tmp/work/osmio4k-oe-linux-gnueabi/enigma2/3.12+git/recipe-sysroot/usr/include/glib-2.0 -I/home/pli/builds/openpli-scarthgap-build-1-30-2025/openpli-oe-core/build/tmp/work/osmio4k-oe-linux-gnueabi/enigma2/3.12+git/recipe-sysroot/usr/lib/glib-2.0/include -I/home/pli/builds/openpli-scarthgap-build-1-30-2025/openpli-oe-core/build/tmp/work/osmio4k-oe-linux-gnueabi/enigma2/3.12+git/recipe-sysroot/usr/include/libpng16 -I/home/pli/builds/openpli-scarthgap-build-1-30-2025/openpli-oe-core/build/tmp/work/osmio4k-oe-linux-gnueabi/enigma2/3.12+git/recipe-sysroot/usr/include/libxml2 -I/home/pli/builds/openpli-scarthgap-build-1-30-2025/openpli-oe-core/build/tmp/work/osmio4k-oe-linux-gnueabi/enigma2/3.12+git/recipe-sysroot/usr/include/sigc++-3.0 -I/home/pli/builds/openpli-scarthgap-build-1-30-2025/openpli-oe-core/build/tmp/work/osmio4k-oe-linux-gnueabi/enigma2/3.12+git/recipe-sysroot/usr/lib/sigc++-3.0/include -fno-rtti -fno-exceptions -rdynamic -funwind-tables  -fopenmp  -MT service/libenigma_service_a-servicedvbrecord.o -MD -MP -MF service/.deps/libenigma_service_a-servicedvbrecord.Tpo -c -o service/libenigma_service_a-servicedvbrecord.o `test -f 'service/servicedvbrecord.cpp' || echo '../../git/lib/'`service/servicedvbrecord.cpp

arm-oe-linux-gnueabi-g++  -march=armv7ve -mfpu=neon-vfpv4 -mfloat-abi=hard -D_TIME_BITS=64 -D_FILE_OFFSET_BITS=64 --sysroot=/home/pli/builds/openpli-scarthgap-build-1-30-2025/openpli-oe-core/build/tmp/work/osmio4k-oe-linux-gnueabi/enigma2/3.12+git/recipe-sysroot -std=gnu++17 -DHAVE_CONFIG_H -I. -I../../git/lib -I..  -I.. -I../../git -I../../git/include -DPY_SSIZE_T_CLEAN -include Python.h -include ../enigma2_config.h -I/home/pli/builds/openpli-scarthgap-build-1-30-2025/openpli-oe-core/build/tmp/work/osmio4k-oe-linux-gnueabi/enigma2/3.12+git/recipe-sysroot/usr/include/python3.12  -Os -pipe -g -feliminate-unused-debug-types -fcanon-prefix-map  -fmacro-prefix-map=/home/pli/builds/openpli-scarthgap-build-1-30-2025/openpli-oe-core/build/tmp/work/osmio4k-oe-linux-gnueabi/enigma2/3.12+git/git=/usr/src/debug/enigma2/3.12+git  -fdebug-prefix-map=/home/pli/builds/openpli-scarthgap-build-1-30-2025/openpli-oe-core/build/tmp/work/osmio4k-oe-linux-gnueabi/enigma2/3.12+git/git=/usr/src/debug/enigma2/3.12+git  -fmacro-prefix-map=/home/pli/builds/openpli-scarthgap-build-1-30-2025/openpli-oe-core/build/tmp/work/osmio4k-oe-linux-gnueabi/enigma2/3.12+git/build=/usr/src/debug/enigma2/3.12+git  -fdebug-prefix-map=/home/pli/builds/openpli-scarthgap-build-1-30-2025/openpli-oe-core/build/tmp/work/osmio4k-oe-linux-gnueabi/enigma2/3.12+git/build=/usr/src/debug/enigma2/3.12+git  -fdebug-prefix-map=/home/pli/builds/openpli-scarthgap-build-1-30-2025/openpli-oe-core/build/tmp/work/osmio4k-oe-linux-gnueabi/enigma2/3.12+git/recipe-sysroot=  -fmacro-prefix-map=/home/pli/builds/openpli-scarthgap-build-1-30-2025/openpli-oe-core/build/tmp/work/osmio4k-oe-linux-gnueabi/enigma2/3.12+git/recipe-sysroot=  -fdebug-prefix-map=/home/pli/builds/openpli-scarthgap-build-1-30-2025/openpli-oe-core/build/tmp/work/osmio4k-oe-linux-gnueabi/enigma2/3.12+git/recipe-sysroot-native=  -fvisibility-inlines-hidden -Wattribute-alias -Wattribute-alias=1 -Wall -Wextra -Werror 	-Wformat=2 -Wformat-overflow=2 -Wformat-nonliteral -Wformat-security 	-Wimplicit-fallthrough=5 -Wduplicated-branches -Wtrampolines 	-Wdangling-else -Wshift-overflow=2 -Wswitch 	-Wunused-but-set-parameter -Wunused-const-variable=1 -Wuninitialized 	-Wstringop-overflow=3 -Woverlength-strings 	-Wunsafe-loop-optimizations -Wpointer-arith 	-Wfloat-equal -Wlogical-op 	-Wno-error=cast-align=strict -Wno-error=ignored-qualifiers 	-Wno-error=cast-function-type -Wno-error=deprecated-declarations 	-Wno-error=stringop-truncation -Wno-error=shadow -Wno-error=cast-qual 	-Wno-error=aggregate-return -Wno-error=missing-field-initializers 	-Wno-error=packed -Wno-error=vla -Wno-error=clobbered -Wno-error=unused-parameter 	-I/home/pli/builds/openpli-scarthgap-build-1-30-2025/openpli-oe-core/build/tmp/work/osmio4k-oe-linux-gnueabi/enigma2/3.12+git/recipe-sysroot/usr/include/freetype2 -I/home/pli/builds/openpli-scarthgap-build-1-30-2025/openpli-oe-core/build/tmp/work/osmio4k-oe-linux-gnueabi/enigma2/3.12+git/recipe-sysroot/usr/include/fribidi -I/home/pli/builds/openpli-scarthgap-build-1-30-2025/openpli-oe-core/build/tmp/work/osmio4k-oe-linux-gnueabi/enigma2/3.12+git/recipe-sysroot/usr/include/glib-2.0 -I/home/pli/builds/openpli-scarthgap-build-1-30-2025/openpli-oe-core/build/tmp/work/osmio4k-oe-linux-gnueabi/enigma2/3.12+git/recipe-sysroot/usr/lib/glib-2.0/include -I/home/pli/builds/openpli-scarthgap-build-1-30-2025/openpli-oe-core/build/tmp/work/osmio4k-oe-linux-gnueabi/enigma2/3.12+git/recipe-sysroot/usr/include/libpng16 -I/home/pli/builds/openpli-scarthgap-build-1-30-2025/openpli-oe-core/build/tmp/work/osmio4k-oe-linux-gnueabi/enigma2/3.12+git/recipe-sysroot/usr/include/libxml2 -I/home/pli/builds/openpli-scarthgap-build-1-30-2025/openpli-oe-core/build/tmp/work/osmio4k-oe-linux-gnueabi/enigma2/3.12+git/recipe-sysroot/usr/include/sigc++-3.0 -I/home/pli/builds/openpli-scarthgap-build-1-30-2025/openpli-oe-core/build/tmp/work/osmio4k-oe-linux-gnueabi/enigma2/3.12+git/recipe-sysroot/usr/lib/sigc++-3.0/include -fno-rtti -fno-exceptions -rdynamic -funwind-tables  -fopenmp  -MT service/libenigma_service_a-servicedvbfcc.o -MD -MP -MF service/.deps/libenigma_service_a-servicedvbfcc.Tpo -c -o service/libenigma_service_a-servicedvbfcc.o `test -f 'service/servicedvbfcc.cpp' || echo '../../git/lib/'`service/servicedvbfcc.cpp

../../git/lib/dvb_ci/aes_xcbc_mac.cpp: In function 'int aes_xcbc_mac_init(aes_xcbc_mac_ctx*, const uint8_t*)':
../../git/lib/dvb_ci/aes_xcbc_mac.cpp:12:28: warning: 'int AES_set_encrypt_key(const unsigned char*, int, AES_KEY*)' is deprecated: Since OpenSSL 3.0 [-Wdeprecated-declarations]
   12 |         AES_set_encrypt_key(key, 128, &aes_key);
      |         ~~~~~~~~~~~~~~~~~~~^~~~~~~~~~~~~~~~~~~~

In file included from ../../git/lib/dvb_ci/aes_xcbc_mac.cpp:3:
/home/pli/builds/openpli-scarthgap-build-1-30-2025/openpli-oe-core/build/tmp/work/osmio4k-oe-linux-gnueabi/enigma2/3.12+git/recipe-sysroot/usr/include/openssl/aes.h:51:5: note: declared here
   51 | int AES_set_encrypt_key(const unsigned char *userKey, const int bits,
      |     ^~~~~~~~~~~~~~~~~~~

../../git/lib/dvb_ci/aes_xcbc_mac.cpp:17:32: warning: 'void AES_ecb_encrypt(const unsigned char*, unsigned char*, const AES_KEY*, int)' is deprecated: Since OpenSSL 3.0 [-Wdeprecated-declarations]
   17 |                 AES_ecb_encrypt(ctx->K[y], ctx->K[y], &aes_key, 1);
      |                 ~~~~~~~~~~~~~~~^~~~~~~~~~~~~~~~~~~~~~~~~~~~~~~~~~~

/home/pli/builds/openpli-scarthgap-build-1-30-2025/openpli-oe-core/build/tmp/work/osmio4k-oe-linux-gnueabi/enigma2/3.12+git/recipe-sysroot/usr/include/openssl/aes.h:63:6: note: declared here
   63 | void AES_ecb_encrypt(const unsigned char *in, unsigned char *out,
      |      ^~~~~~~~~~~~~~~

../../git/lib/dvb_ci/aes_xcbc_mac.cpp:21:28: warning: 'int AES_set_encrypt_key(const unsigned char*, int, AES_KEY*)' is deprecated: Since OpenSSL 3.0 [-Wdeprecated-declarations]
   21 |         AES_set_encrypt_key(ctx->K[0], 128, &ctx->key);
      |         ~~~~~~~~~~~~~~~~~~~^~~~~~~~~~~~~~~~~~~~~~~~~~~

/home/pli/builds/openpli-scarthgap-build-1-30-2025/openpli-oe-core/build/tmp/work/osmio4k-oe-linux-gnueabi/enigma2/3.12+git/recipe-sysroot/usr/include/openssl/aes.h:51:5: note: declared here
   51 | int AES_set_encrypt_key(const unsigned char *userKey, const int bits,
      |     ^~~~~~~~~~~~~~~~~~~

../../git/lib/dvb_ci/aes_xcbc_mac.cpp: In function 'int aes_xcbc_mac_process(aes_xcbc_mac_ctx*, const uint8_t*, unsigned int)':
../../git/lib/dvb_ci/aes_xcbc_mac.cpp:33:40: warning: 'void AES_ecb_encrypt(const unsigned char*, unsigned char*, const AES_KEY*, int)' is deprecated: Since OpenSSL 3.0 [-Wdeprecated-declarations]
   33 |                         AES_ecb_encrypt(ctx->IV, ctx->IV, &ctx->key, 1);
      |                         ~~~~~~~~~~~~~~~^~~~~~~~~~~~~~~~~~~~~~~~~~~~~~~~

/home/pli/builds/openpli-scarthgap-build-1-30-2025/openpli-oe-core/build/tmp/work/osmio4k-oe-linux-gnueabi/enigma2/3.12+git/recipe-sysroot/usr/include/openssl/aes.h:63:6: note: declared here
   63 | void AES_ecb_encrypt(const unsigned char *in, unsigned char *out,
      |      ^~~~~~~~~~~~~~~

../../git/lib/dvb_ci/aes_xcbc_mac.cpp: In function 'int aes_xcbc_mac_done(aes_xcbc_mac_ctx*, uint8_t*)':
../../git/lib/dvb_ci/aes_xcbc_mac.cpp:58:24: warning: 'void AES_ecb_encrypt(const unsigned char*, unsigned char*, const AES_KEY*, int)' is deprecated: Since OpenSSL 3.0 [-Wdeprecated-declarations]
   58 |         AES_ecb_encrypt(ctx->IV, ctx->IV, &ctx->key, 1);
      |         ~~~~~~~~~~~~~~~^~~~~~~~~~~~~~~~~~~~~~~~~~~~~~~~

/home/pli/builds/openpli-scarthgap-build-1-30-2025/openpli-oe-core/build/tmp/work/osmio4k-oe-linux-gnueabi/enigma2/3.12+git/recipe-sysroot/usr/include/openssl/aes.h:63:6: note: declared here
   63 | void AES_ecb_encrypt(const unsigned char *in, unsigned char *out,
      |      ^~~~~~~~~~~~~~~

NOTE: enigma-info-6-r0 do_package: Installed into sysroot: ['cmake-native', 'openssl-native', 'expat-native', 'ncurses-native', 'readline-native', 'util-linux-libuuid-native', 'dwarfsrcfiles-native', 'elfutils-native', 'file-native', 'libedit-native', 'lua-native', 'make-native', 'perl-native', 'python3-native', 'rpm-native', 'bzip2-native', 'libnsl2-native', 'libtirpc-native', 'lzlib-native', 'zstd-native', 'gdbm-native', 'libcap-native', 'libffi-native', 'libgcrypt-native', 'libgpg-error-native', 'popt-native']
NOTE: enigma-info-6-r0 do_package: Skipping as already exists in sysroot: ['gettext-minimal-native', 'libtool-native', 'texinfo-dummy-native', 'zlib-native', 'pseudo-native', 'xz-native', 'attr-native', 'sqlite3-native']
arm-oe-linux-gnueabi-g++  -march=armv7ve -mfpu=neon-vfpv4 -mfloat-abi=hard -D_TIME_BITS=64 -D_FILE_OFFSET_BITS=64 --sysroot=/home/pli/builds/openpli-scarthgap-build-1-30-2025/openpli-oe-core/build/tmp/work/osmio4k-oe-linux-gnueabi/enigma2/3.12+git/recipe-sysroot -std=gnu++17 -DHAVE_CONFIG_H -I. -I../../git/lib -I..  -I.. -I../../git -I../../git/include -DPY_SSIZE_T_CLEAN -include Python.h -include ../enigma2_config.h -I/home/pli/builds/openpli-scarthgap-build-1-30-2025/openpli-oe-core/build/tmp/work/osmio4k-oe-linux-gnueabi/enigma2/3.12+git/recipe-sysroot/usr/include/python3.12  -Os -pipe -g -feliminate-unused-debug-types -fcanon-prefix-map  -fmacro-prefix-map=/home/pli/builds/openpli-scarthgap-build-1-30-2025/openpli-oe-core/build/tmp/work/osmio4k-oe-linux-gnueabi/enigma2/3.12+git/git=/usr/src/debug/enigma2/3.12+git  -fdebug-prefix-map=/home/pli/builds/openpli-scarthgap-build-1-30-2025/openpli-oe-core/build/tmp/work/osmio4k-oe-linux-gnueabi/enigma2/3.12+git/git=/usr/src/debug/enigma2/3.12+git  -fmacro-prefix-map=/home/pli/builds/openpli-scarthgap-build-1-30-2025/openpli-oe-core/build/tmp/work/osmio4k-oe-linux-gnueabi/enigma2/3.12+git/build=/usr/src/debug/enigma2/3.12+git  -fdebug-prefix-map=/home/pli/builds/openpli-scarthgap-build-1-30-2025/openpli-oe-core/build/tmp/work/osmio4k-oe-linux-gnueabi/enigma2/3.12+git/build=/usr/src/debug/enigma2/3.12+git  -fdebug-prefix-map=/home/pli/builds/openpli-scarthgap-build-1-30-2025/openpli-oe-core/build/tmp/work/osmio4k-oe-linux-gnueabi/enigma2/3.12+git/recipe-sysroot=  -fmacro-prefix-map=/home/pli/builds/openpli-scarthgap-build-1-30-2025/openpli-oe-core/build/tmp/work/osmio4k-oe-linux-gnueabi/enigma2/3.12+git/recipe-sysroot=  -fdebug-prefix-map=/home/pli/builds/openpli-scarthgap-build-1-30-2025/openpli-oe-core/build/tmp/work/osmio4k-oe-linux-gnueabi/enigma2/3.12+git/recipe-sysroot-native=  -fvisibility-inlines-hidden -Wattribute-alias -Wattribute-alias=1 -Wall -Wextra -Werror 	-Wformat=2 -Wformat-overflow=2 -Wformat-nonliteral -Wformat-security 	-Wimplicit-fallthrough=5 -Wduplicated-branches -Wtrampolines 	-Wdangling-else -Wshift-overflow=2 -Wswitch 	-Wunused-but-set-parameter -Wunused-const-variable=1 -Wuninitialized 	-Wstringop-overflow=3 -Woverlength-strings 	-Wunsafe-loop-optimizations -Wpointer-arith 	-Wfloat-equal -Wlogical-op 	-Wno-error=cast-align=strict -Wno-error=ignored-qualifiers 	-Wno-error=cast-function-type -Wno-error=deprecated-declarations 	-Wno-error=stringop-truncation -Wno-error=shadow -Wno-error=cast-qual 	-Wno-error=aggregate-return -Wno-error=missing-field-initializers 	-Wno-error=packed -Wno-error=vla -Wno-error=clobbered -Wno-error=unused-parameter 	-I/home/pli/builds/openpli-scarthgap-build-1-30-2025/openpli-oe-core/build/tmp/work/osmio4k-oe-linux-gnueabi/enigma2/3.12+git/recipe-sysroot/usr/include/freetype2 -I/home/pli/builds/openpli-scarthgap-build-1-30-2025/openpli-oe-core/build/tmp/work/osmio4k-oe-linux-gnueabi/enigma2/3.12+git/recipe-sysroot/usr/include/fribidi -I/home/pli/builds/openpli-scarthgap-build-1-30-2025/openpli-oe-core/build/tmp/work/osmio4k-oe-linux-gnueabi/enigma2/3.12+git/recipe-sysroot/usr/include/glib-2.0 -I/home/pli/builds/openpli-scarthgap-build-1-30-2025/openpli-oe-core/build/tmp/work/osmio4k-oe-linux-gnueabi/enigma2/3.12+git/recipe-sysroot/usr/lib/glib-2.0/include -I/home/pli/builds/openpli-scarthgap-build-1-30-2025/openpli-oe-core/build/tmp/work/osmio4k-oe-linux-gnueabi/enigma2/3.12+git/recipe-sysroot/usr/include/libpng16 -I/home/pli/builds/openpli-scarthgap-build-1-30-2025/openpli-oe-core/build/tmp/work/osmio4k-oe-linux-gnueabi/enigma2/3.12+git/recipe-sysroot/usr/include/libxml2 -I/home/pli/builds/openpli-scarthgap-build-1-30-2025/openpli-oe-core/build/tmp/work/osmio4k-oe-linux-gnueabi/enigma2/3.12+git/recipe-sysroot/usr/include/sigc++-3.0 -I/home/pli/builds/openpli-scarthgap-build-1-30-2025/openpli-oe-core/build/tmp/work/osmio4k-oe-linux-gnueabi/enigma2/3.12+git/recipe-sysroot/usr/lib/sigc++-3.0/include -fno-rtti -fno-exceptions -rdynamic -funwind-tables  -fopenmp  -MT service/libenigma_service_a-servicefs.o -MD -MP -MF service/.deps/libenigma_service_a-servicefs.Tpo -c -o service/libenigma_service_a-servicefs.o `test -f 'service/servicefs.cpp' || echo '../../git/lib/'`service/servicefs.cpp





../../git/lib/gdi/region.cpp: In member function 'void gRegion::intersectO(std::vector<eRect>::const_iterator, std::vector<eRect>::const_iterator, std::vector<eRect>::const_iterator, std::vector<eRect>::const_iterator, int, int, int&)':
../../git/lib/gdi/region.cpp:103:22: warning: unused parameter 'overlap' [-Wunused-parameter]
  103 |                 int &overlap)
      |                 ~~~~~^~~~~~~

../../git/lib/gdi/region.cpp: In member function 'void gRegion::subtractO(std::vector<eRect>::const_iterator, std::vector<eRect>::const_iterator, std::vector<eRect>::const_iterator, std::vector<eRect>::const_iterator, int, int, int&)':
../../git/lib/gdi/region.cpp:129:22: warning: unused parameter 'overlap' [-Wunused-parameter]
  129 |                 int &overlap)
      |                 ~~~~~^~~~~~~

In file included from ../../git/lib/gdi/font.cpp:1:
../../git/lib/gdi/font.h:194:9: warning: type qualifiers ignored on function return type [-Wignored-qualifiers]
  194 |         const int size() const
      |         ^~~~~

In file included from ../../git/lib/gdi/fblcd.cpp:10:
../../git/lib/gdi/fblcd.h: In member function 'virtual int eFbLCD::setLCDContrast(int)':
../../git/lib/gdi/fblcd.h:41:32: warning: unused parameter 'contrast' [-Wunused-parameter]
   41 |         int setLCDContrast(int contrast) { return 0; };
      |                            ~~~~^~~~~~~~

NOTE: enigma-info-6-r0 do_package: Installed into pkgdata-sysroot: ['gcc-runtime', 'glibc', 'linux-edision', 'libgcc', 'linux-libc-headers']

In file included from ../../git/lib/service/service.h:6,
                 from ../../git/lib/service/service.cpp:3:
../../git/lib/service/iservice.h: In member function 'virtual void iServiceInformation::getAITApplications(std::map<int, std::__cxx11::basic_string<char> >&)':
../../git/lib/service/iservice.h:439:69: warning: unused parameter 'aitlist' [-Wunused-parameter]
  439 |         virtual void getAITApplications(std::map<int, std::string> &aitlist) {};
      |                                         ~~~~~~~~~~~~~~~~~~~~~~~~~~~~^~~~~~~

In file included from ../../git/lib/service/event.h:12,
                 from ../../git/lib/service/event.cpp:1:
../../git/lib/service/iservice.h: In member function 'virtual void iServiceInformation::getAITApplications(std::map<int, std::__cxx11::basic_string<char> >&)':
../../git/lib/service/iservice.h:439:69: warning: unused parameter 'aitlist' [-Wunused-parameter]
  439 |         virtual void getAITApplications(std::map<int, std::string> &aitlist) {};
      |                                         ~~~~~~~~~~~~~~~~~~~~~~~~~~~~^~~~~~~

../../git/lib/gdi/gpixmap.cpp: In function 'void added_pixmap(int)':
../../git/lib/gdi/gpixmap.cpp:192:37: warning: unused parameter 'size' [-Wunused-parameter]
  192 | static inline void added_pixmap(int size) {}
      |                                 ~~~~^~~~

../../git/lib/gdi/gpixmap.cpp: In function 'void removed_pixmap(int)':
../../git/lib/gdi/gpixmap.cpp:193:39: warning: unused parameter 'size' [-Wunused-parameter]
  193 | static inline void removed_pixmap(int size) {}
      |                                   ~~~~^~~~

In file included from ../../git/lib/dvb_ci/dvbci.h:9,
                 from ../../git/lib/dvb_ci/descrambler.h:4,
                 from ../../git/lib/dvb_ci/descrambler.cpp:9:
../../git/lib/service/iservice.h: In member function 'virtual void iServiceInformation::getAITApplications(std::map<int, std::__cxx11::basic_string<char> >&)':
../../git/lib/service/iservice.h:439:69: warning: unused parameter 'aitlist' [-Wunused-parameter]
  439 |         virtual void getAITApplications(std::map<int, std::string> &aitlist) {};
      |                                         ~~~~~~~~~~~~~~~~~~~~~~~~~~~~^~~~~~~

In file included from ../../git/lib/dvb_ci/dvbci.h:9,
                 from ../../git/lib/dvb_ci/dvbci_session.h:6,
                 from ../../git/lib/dvb_ci/dvbci_operatorprofile.h:4,
                 from ../../git/lib/dvb_ci/dvbci_operatorprofile.cpp:4:
../../git/lib/service/iservice.h: In member function 'virtual void iServiceInformation::getAITApplications(std::map<int, std::__cxx11::basic_string<char> >&)':
../../git/lib/service/iservice.h:439:69: warning: unused parameter 'aitlist' [-Wunused-parameter]
  439 |         virtual void getAITApplications(std::map<int, std::string> &aitlist) {};
      |                                         ~~~~~~~~~~~~~~~~~~~~~~~~~~~~^~~~~~~


In file included from ../../git/lib/gdi/glcddc.cpp:3:
../../git/lib/gdi/fblcd.h: In member function 'virtual int eFbLCD::setLCDContrast(int)':
../../git/lib/gdi/fblcd.h:41:32: warning: unused parameter 'contrast' [-Wunused-parameter]
   41 |         int setLCDContrast(int contrast) { return 0; };
      |                            ~~~~^~~~~~~~

In file included from ../../git/lib/service/servicedvb.h:4,
                 from ../../git/lib/service/servicedvbfcc.h:4,
                 from ../../git/lib/service/servicedvbfcc.cpp:1:
../../git/lib/service/iservice.h: In member function 'virtual void iServiceInformation::getAITApplications(std::map<int, std::__cxx11::basic_string<char> >&)':
../../git/lib/service/iservice.h:439:69: warning: unused parameter 'aitlist' [-Wunused-parameter]
  439 |         virtual void getAITApplications(std::map<int, std::string> &aitlist) {};
      |                                         ~~~~~~~~~~~~~~~~~~~~~~~~~~~~^~~~~~~






mv -f gdi/.deps/libenigma_gdi_a-bcm.Tpo gdi/.deps/libenigma_gdi_a-bcm.Po

arm-oe-linux-gnueabi-g++  -march=armv7ve -mfpu=neon-vfpv4 -mfloat-abi=hard -D_TIME_BITS=64 -D_FILE_OFFSET_BITS=64 --sysroot=/home/pli/builds/openpli-scarthgap-build-1-30-2025/openpli-oe-core/build/tmp/work/osmio4k-oe-linux-gnueabi/enigma2/3.12+git/recipe-sysroot -std=gnu++17 -DHAVE_CONFIG_H -I. -I../../git/lib -I..  -I.. -I../../git -I../../git/include -DPY_SSIZE_T_CLEAN -include Python.h -include ../enigma2_config.h -I/home/pli/builds/openpli-scarthgap-build-1-30-2025/openpli-oe-core/build/tmp/work/osmio4k-oe-linux-gnueabi/enigma2/3.12+git/recipe-sysroot/usr/include/python3.12  -Os -pipe -g -feliminate-unused-debug-types -fcanon-prefix-map  -fmacro-prefix-map=/home/pli/builds/openpli-scarthgap-build-1-30-2025/openpli-oe-core/build/tmp/work/osmio4k-oe-linux-gnueabi/enigma2/3.12+git/git=/usr/src/debug/enigma2/3.12+git  -fdebug-prefix-map=/home/pli/builds/openpli-scarthgap-build-1-30-2025/openpli-oe-core/build/tmp/work/osmio4k-oe-linux-gnueabi/enigma2/3.12+git/git=/usr/src/debug/enigma2/3.12+git  -fmacro-prefix-map=/home/pli/builds/openpli-scarthgap-build-1-30-2025/openpli-oe-core/build/tmp/work/osmio4k-oe-linux-gnueabi/enigma2/3.12+git/build=/usr/src/debug/enigma2/3.12+git  -fdebug-prefix-map=/home/pli/builds/openpli-scarthgap-build-1-30-2025/openpli-oe-core/build/tmp/work/osmio4k-oe-linux-gnueabi/enigma2/3.12+git/build=/usr/src/debug/enigma2/3.12+git  -fdebug-prefix-map=/home/pli/builds/openpli-scarthgap-build-1-30-2025/openpli-oe-core/build/tmp/work/osmio4k-oe-linux-gnueabi/enigma2/3.12+git/recipe-sysroot=  -fmacro-prefix-map=/home/pli/builds/openpli-scarthgap-build-1-30-2025/openpli-oe-core/build/tmp/work/osmio4k-oe-linux-gnueabi/enigma2/3.12+git/recipe-sysroot=  -fdebug-prefix-map=/home/pli/builds/openpli-scarthgap-build-1-30-2025/openpli-oe-core/build/tmp/work/osmio4k-oe-linux-gnueabi/enigma2/3.12+git/recipe-sysroot-native=  -fvisibility-inlines-hidden -Wattribute-alias -Wattribute-alias=1 -Wall -Wextra -Werror 	-Wformat=2 -Wformat-overflow=2 -Wformat-nonliteral -Wformat-security 	-Wimplicit-fallthrough=5 -Wduplicated-branches -Wtrampolines 	-Wdangling-else -Wshift-overflow=2 -Wswitch 	-Wunused-but-set-parameter -Wunused-const-variable=1 -Wuninitialized 	-Wstringop-overflow=3 -Woverlength-strings 	-Wunsafe-loop-optimizations -Wpointer-arith 	-Wfloat-equal -Wlogical-op 	-Wno-error=cast-align=strict -Wno-error=ignored-qualifiers 	-Wno-error=cast-function-type -Wno-error=deprecated-declarations 	-Wno-error=stringop-truncation -Wno-error=shadow -Wno-error=cast-qual 	-Wno-error=aggregate-return -Wno-error=missing-field-initializers 	-Wno-error=packed -Wno-error=vla -Wno-error=clobbered -Wno-error=unused-parameter 	-I/home/pli/builds/openpli-scarthgap-build-1-30-2025/openpli-oe-core/build/tmp/work/osmio4k-oe-linux-gnueabi/enigma2/3.12+git/recipe-sysroot/usr/include/freetype2 -I/home/pli/builds/openpli-scarthgap-build-1-30-2025/openpli-oe-core/build/tmp/work/osmio4k-oe-linux-gnueabi/enigma2/3.12+git/recipe-sysroot/usr/include/fribidi -I/home/pli/builds/openpli-scarthgap-build-1-30-2025/openpli-oe-core/build/tmp/work/osmio4k-oe-linux-gnueabi/enigma2/3.12+git/recipe-sysroot/usr/include/glib-2.0 -I/home/pli/builds/openpli-scarthgap-build-1-30-2025/openpli-oe-core/build/tmp/work/osmio4k-oe-linux-gnueabi/enigma2/3.12+git/recipe-sysroot/usr/lib/glib-2.0/include -I/home/pli/builds/openpli-scarthgap-build-1-30-2025/openpli-oe-core/build/tmp/work/osmio4k-oe-linux-gnueabi/enigma2/3.12+git/recipe-sysroot/usr/include/libpng16 -I/home/pli/builds/openpli-scarthgap-build-1-30-2025/openpli-oe-core/build/tmp/work/osmio4k-oe-linux-gnueabi/enigma2/3.12+git/recipe-sysroot/usr/include/libxml2 -I/home/pli/builds/openpli-scarthgap-build-1-30-2025/openpli-oe-core/build/tmp/work/osmio4k-oe-linux-gnueabi/enigma2/3.12+git/recipe-sysroot/usr/include/sigc++-3.0 -I/home/pli/builds/openpli-scarthgap-build-1-30-2025/openpli-oe-core/build/tmp/work/osmio4k-oe-linux-gnueabi/enigma2/3.12+git/recipe-sysroot/usr/lib/sigc++-3.0/include -fno-rtti -fno-exceptions -rdynamic -funwind-tables  -fopenmp  -MT service/libenigma_service_a-servicem2ts.o -MD -MP -MF service/.deps/libenigma_service_a-servicem2ts.Tpo -c -o service/libenigma_service_a-servicem2ts.o `test -f 'service/servicem2ts.cpp' || echo '../../git/lib/'`service/servicem2ts.cpp

mv -f gdi/.deps/libenigma_gdi_a-erect.Tpo gdi/.deps/libenigma_gdi_a-erect.Po

In file included from ../../git/lib/service/servicedvbrecord.h:4,
                 from ../../git/lib/service/servicedvbrecord.cpp:1:
../../git/lib/service/iservice.h: In member function 'virtual void iServiceInformation::getAITApplications(std::map<int, std::__cxx11::basic_string<char> >&)':
../../git/lib/service/iservice.h:439:69: warning: unused parameter 'aitlist' [-Wunused-parameter]
  439 |         virtual void getAITApplications(std::map<int, std::string> &aitlist) {};
      |                                         ~~~~~~~~~~~~~~~~~~~~~~~~~~~~^~~~~~~

arm-oe-linux-gnueabi-g++  -march=armv7ve -mfpu=neon-vfpv4 -mfloat-abi=hard -D_TIME_BITS=64 -D_FILE_OFFSET_BITS=64 --sysroot=/home/pli/builds/openpli-scarthgap-build-1-30-2025/openpli-oe-core/build/tmp/work/osmio4k-oe-linux-gnueabi/enigma2/3.12+git/recipe-sysroot -std=gnu++17 -DHAVE_CONFIG_H -I. -I../../git/lib -I..  -I.. -I../../git -I../../git/include -DPY_SSIZE_T_CLEAN -include Python.h -include ../enigma2_config.h -I/home/pli/builds/openpli-scarthgap-build-1-30-2025/openpli-oe-core/build/tmp/work/osmio4k-oe-linux-gnueabi/enigma2/3.12+git/recipe-sysroot/usr/include/python3.12  -Os -pipe -g -feliminate-unused-debug-types -fcanon-prefix-map  -fmacro-prefix-map=/home/pli/builds/openpli-scarthgap-build-1-30-2025/openpli-oe-core/build/tmp/work/osmio4k-oe-linux-gnueabi/enigma2/3.12+git/git=/usr/src/debug/enigma2/3.12+git  -fdebug-prefix-map=/home/pli/builds/openpli-scarthgap-build-1-30-2025/openpli-oe-core/build/tmp/work/osmio4k-oe-linux-gnueabi/enigma2/3.12+git/git=/usr/src/debug/enigma2/3.12+git  -fmacro-prefix-map=/home/pli/builds/openpli-scarthgap-build-1-30-2025/openpli-oe-core/build/tmp/work/osmio4k-oe-linux-gnueabi/enigma2/3.12+git/build=/usr/src/debug/enigma2/3.12+git  -fdebug-prefix-map=/home/pli/builds/openpli-scarthgap-build-1-30-2025/openpli-oe-core/build/tmp/work/osmio4k-oe-linux-gnueabi/enigma2/3.12+git/build=/usr/src/debug/enigma2/3.12+git  -fdebug-prefix-map=/home/pli/builds/openpli-scarthgap-build-1-30-2025/openpli-oe-core/build/tmp/work/osmio4k-oe-linux-gnueabi/enigma2/3.12+git/recipe-sysroot=  -fmacro-prefix-map=/home/pli/builds/openpli-scarthgap-build-1-30-2025/openpli-oe-core/build/tmp/work/osmio4k-oe-linux-gnueabi/enigma2/3.12+git/recipe-sysroot=  -fdebug-prefix-map=/home/pli/builds/openpli-scarthgap-build-1-30-2025/openpli-oe-core/build/tmp/work/osmio4k-oe-linux-gnueabi/enigma2/3.12+git/recipe-sysroot-native=  -fvisibility-inlines-hidden -Wattribute-alias -Wattribute-alias=1 -Wall -Wextra -Werror 	-Wformat=2 -Wformat-overflow=2 -Wformat-nonliteral -Wformat-security 	-Wimplicit-fallthrough=5 -Wduplicated-branches -Wtrampolines 	-Wdangling-else -Wshift-overflow=2 -Wswitch 	-Wunused-but-set-parameter -Wunused-const-variable=1 -Wuninitialized 	-Wstringop-overflow=3 -Woverlength-strings 	-Wunsafe-loop-optimizations -Wpointer-arith 	-Wfloat-equal -Wlogical-op 	-Wno-error=cast-align=strict -Wno-error=ignored-qualifiers 	-Wno-error=cast-function-type -Wno-error=deprecated-declarations 	-Wno-error=stringop-truncation -Wno-error=shadow -Wno-error=cast-qual 	-Wno-error=aggregate-return -Wno-error=missing-field-initializers 	-Wno-error=packed -Wno-error=vla -Wno-error=clobbered -Wno-error=unused-parameter 	-I/home/pli/builds/openpli-scarthgap-build-1-30-2025/openpli-oe-core/build/tmp/work/osmio4k-oe-linux-gnueabi/enigma2/3.12+git/recipe-sysroot/usr/include/freetype2 -I/home/pli/builds/openpli-scarthgap-build-1-30-2025/openpli-oe-core/build/tmp/work/osmio4k-oe-linux-gnueabi/enigma2/3.12+git/recipe-sysroot/usr/include/fribidi -I/home/pli/builds/openpli-scarthgap-build-1-30-2025/openpli-oe-core/build/tmp/work/osmio4k-oe-linux-gnueabi/enigma2/3.12+git/recipe-sysroot/usr/include/glib-2.0 -I/home/pli/builds/openpli-scarthgap-build-1-30-2025/openpli-oe-core/build/tmp/work/osmio4k-oe-linux-gnueabi/enigma2/3.12+git/recipe-sysroot/usr/lib/glib-2.0/include -I/home/pli/builds/openpli-scarthgap-build-1-30-2025/openpli-oe-core/build/tmp/work/osmio4k-oe-linux-gnueabi/enigma2/3.12+git/recipe-sysroot/usr/include/libpng16 -I/home/pli/builds/openpli-scarthgap-build-1-30-2025/openpli-oe-core/build/tmp/work/osmio4k-oe-linux-gnueabi/enigma2/3.12+git/recipe-sysroot/usr/include/libxml2 -I/home/pli/builds/openpli-scarthgap-build-1-30-2025/openpli-oe-core/build/tmp/work/osmio4k-oe-linux-gnueabi/enigma2/3.12+git/recipe-sysroot/usr/include/sigc++-3.0 -I/home/pli/builds/openpli-scarthgap-build-1-30-2025/openpli-oe-core/build/tmp/work/osmio4k-oe-linux-gnueabi/enigma2/3.12+git/recipe-sysroot/usr/lib/sigc++-3.0/include -fno-rtti -fno-exceptions -rdynamic -funwind-tables  -fopenmp  -MT service/libenigma_service_a-servicedvbstream.o -MD -MP -MF service/.deps/libenigma_service_a-servicedvbstream.Tpo -c -o service/libenigma_service_a-servicedvbstream.o `test -f 'service/servicedvbstream.cpp' || echo '../../git/lib/'`service/servicedvbstream.cpp

In file included from ../../git/lib/service/service.h:6,
                 from ../../git/lib/dvb/idvb.h:12,
                 from ../../git/lib/dvb/scan.cpp:3:
../../git/lib/service/iservice.h: In member function 'virtual void iServiceInformation::getAITApplications(std::map<int, std::__cxx11::basic_string<char> >&)':
../../git/lib/service/iservice.h:439:69: warning: unused parameter 'aitlist' [-Wunused-parameter]
  439 |         virtual void getAITApplications(std::map<int, std::string> &aitlist) {};
      |                                         ~~~~~~~~~~~~~~~~~~~~~~~~~~~~^~~~~~~

In file included from ../../git/lib/dvb_ci/dvbci.h:9,
                 from ../../git/lib/dvb_ci/dvbci_session.h:6,
                 from ../../git/lib/dvb_ci/dvbci_app_mmi.h:4,
                 from ../../git/lib/dvb_ci/dvbci_app_mmi.cpp:4:
../../git/lib/service/iservice.h: In member function 'virtual void iServiceInformation::getAITApplications(std::map<int, std::__cxx11::basic_string<char> >&)':
../../git/lib/service/iservice.h:439:69: warning: unused parameter 'aitlist' [-Wunused-parameter]
  439 |         virtual void getAITApplications(std::map<int, std::string> &aitlist) {};
      |                                         ~~~~~~~~~~~~~~~~~~~~~~~~~~~~^~~~~~~

mv -f gdi/.deps/libenigma_gdi_a-fb.Tpo gdi/.deps/libenigma_gdi_a-fb.Po

../../git/lib/gdi/lcd.cpp: In member function 'virtual void eDBoxLCD::dumpLCD(bool)':
../../git/lib/gdi/lcd.cpp:303:29: warning: unused parameter 'png' [-Wunused-parameter]
  303 | void eDBoxLCD::dumpLCD(bool png)
      |                        ~~~~~^~~

arm-oe-linux-gnueabi-g++  -march=armv7ve -mfpu=neon-vfpv4 -mfloat-abi=hard -D_TIME_BITS=64 -D_FILE_OFFSET_BITS=64 --sysroot=/home/pli/builds/openpli-scarthgap-build-1-30-2025/openpli-oe-core/build/tmp/work/osmio4k-oe-linux-gnueabi/enigma2/3.12+git/recipe-sysroot -std=gnu++17 -DHAVE_CONFIG_H -I. -I../../git/lib -I..  -I.. -I../../git -I../../git/include -DPY_SSIZE_T_CLEAN -include Python.h -include ../enigma2_config.h -I/home/pli/builds/openpli-scarthgap-build-1-30-2025/openpli-oe-core/build/tmp/work/osmio4k-oe-linux-gnueabi/enigma2/3.12+git/recipe-sysroot/usr/include/python3.12  -Os -pipe -g -feliminate-unused-debug-types -fcanon-prefix-map  -fmacro-prefix-map=/home/pli/builds/openpli-scarthgap-build-1-30-2025/openpli-oe-core/build/tmp/work/osmio4k-oe-linux-gnueabi/enigma2/3.12+git/git=/usr/src/debug/enigma2/3.12+git  -fdebug-prefix-map=/home/pli/builds/openpli-scarthgap-build-1-30-2025/openpli-oe-core/build/tmp/work/osmio4k-oe-linux-gnueabi/enigma2/3.12+git/git=/usr/src/debug/enigma2/3.12+git  -fmacro-prefix-map=/home/pli/builds/openpli-scarthgap-build-1-30-2025/openpli-oe-core/build/tmp/work/osmio4k-oe-linux-gnueabi/enigma2/3.12+git/build=/usr/src/debug/enigma2/3.12+git  -fdebug-prefix-map=/home/pli/builds/openpli-scarthgap-build-1-30-2025/openpli-oe-core/build/tmp/work/osmio4k-oe-linux-gnueabi/enigma2/3.12+git/build=/usr/src/debug/enigma2/3.12+git  -fdebug-prefix-map=/home/pli/builds/openpli-scarthgap-build-1-30-2025/openpli-oe-core/build/tmp/work/osmio4k-oe-linux-gnueabi/enigma2/3.12+git/recipe-sysroot=  -fmacro-prefix-map=/home/pli/builds/openpli-scarthgap-build-1-30-2025/openpli-oe-core/build/tmp/work/osmio4k-oe-linux-gnueabi/enigma2/3.12+git/recipe-sysroot=  -fdebug-prefix-map=/home/pli/builds/openpli-scarthgap-build-1-30-2025/openpli-oe-core/build/tmp/work/osmio4k-oe-linux-gnueabi/enigma2/3.12+git/recipe-sysroot-native=  -fvisibility-inlines-hidden -Wattribute-alias -Wattribute-alias=1 -Wall -Wextra -Werror 	-Wformat=2 -Wformat-overflow=2 -Wformat-nonliteral -Wformat-security 	-Wimplicit-fallthrough=5 -Wduplicated-branches -Wtrampolines 	-Wdangling-else -Wshift-overflow=2 -Wswitch 	-Wunused-but-set-parameter -Wunused-const-variable=1 -Wuninitialized 	-Wstringop-overflow=3 -Woverlength-strings 	-Wunsafe-loop-optimizations -Wpointer-arith 	-Wfloat-equal -Wlogical-op 	-Wno-error=cast-align=strict -Wno-error=ignored-qualifiers 	-Wno-error=cast-function-type -Wno-error=deprecated-declarations 	-Wno-error=stringop-truncation -Wno-error=shadow -Wno-error=cast-qual 	-Wno-error=aggregate-return -Wno-error=missing-field-initializers 	-Wno-error=packed -Wno-error=vla -Wno-error=clobbered -Wno-error=unused-parameter 	-I/home/pli/builds/openpli-scarthgap-build-1-30-2025/openpli-oe-core/build/tmp/work/osmio4k-oe-linux-gnueabi/enigma2/3.12+git/recipe-sysroot/usr/include/freetype2 -I/home/pli/builds/openpli-scarthgap-build-1-30-2025/openpli-oe-core/build/tmp/work/osmio4k-oe-linux-gnueabi/enigma2/3.12+git/recipe-sysroot/usr/include/fribidi -I/home/pli/builds/openpli-scarthgap-build-1-30-2025/openpli-oe-core/build/tmp/work/osmio4k-oe-linux-gnueabi/enigma2/3.12+git/recipe-sysroot/usr/include/glib-2.0 -I/home/pli/builds/openpli-scarthgap-build-1-30-2025/openpli-oe-core/build/tmp/work/osmio4k-oe-linux-gnueabi/enigma2/3.12+git/recipe-sysroot/usr/lib/glib-2.0/include -I/home/pli/builds/openpli-scarthgap-build-1-30-2025/openpli-oe-core/build/tmp/work/osmio4k-oe-linux-gnueabi/enigma2/3.12+git/recipe-sysroot/usr/include/libpng16 -I/home/pli/builds/openpli-scarthgap-build-1-30-2025/openpli-oe-core/build/tmp/work/osmio4k-oe-linux-gnueabi/enigma2/3.12+git/recipe-sysroot/usr/include/libxml2 -I/home/pli/builds/openpli-scarthgap-build-1-30-2025/openpli-oe-core/build/tmp/work/osmio4k-oe-linux-gnueabi/enigma2/3.12+git/recipe-sysroot/usr/include/sigc++-3.0 -I/home/pli/builds/openpli-scarthgap-build-1-30-2025/openpli-oe-core/build/tmp/work/osmio4k-oe-linux-gnueabi/enigma2/3.12+git/recipe-sysroot/usr/lib/sigc++-3.0/include -fno-rtti -fno-exceptions -rdynamic -funwind-tables  -fopenmp  -MT service/libenigma_service_a-servicehdmi.o -MD -MP -MF service/.deps/libenigma_service_a-servicehdmi.Tpo -c -o service/libenigma_service_a-servicehdmi.o `test -f 'service/servicehdmi.cpp' || echo '../../git/lib/'`service/servicehdmi.cpp

mv -f gdi/.deps/libenigma_gdi_a-gfont.Tpo gdi/.deps/libenigma_gdi_a-gfont.Po

arm-oe-linux-gnueabi-g++  -march=armv7ve -mfpu=neon-vfpv4 -mfloat-abi=hard -D_TIME_BITS=64 -D_FILE_OFFSET_BITS=64 --sysroot=/home/pli/builds/openpli-scarthgap-build-1-30-2025/openpli-oe-core/build/tmp/work/osmio4k-oe-linux-gnueabi/enigma2/3.12+git/recipe-sysroot -std=gnu++17 -DHAVE_CONFIG_H -I. -I../../git/lib -I..  -I.. -I../../git -I../../git/include -DPY_SSIZE_T_CLEAN -include Python.h -include ../enigma2_config.h -I/home/pli/builds/openpli-scarthgap-build-1-30-2025/openpli-oe-core/build/tmp/work/osmio4k-oe-linux-gnueabi/enigma2/3.12+git/recipe-sysroot/usr/include/python3.12  -Os -pipe -g -feliminate-unused-debug-types -fcanon-prefix-map  -fmacro-prefix-map=/home/pli/builds/openpli-scarthgap-build-1-30-2025/openpli-oe-core/build/tmp/work/osmio4k-oe-linux-gnueabi/enigma2/3.12+git/git=/usr/src/debug/enigma2/3.12+git  -fdebug-prefix-map=/home/pli/builds/openpli-scarthgap-build-1-30-2025/openpli-oe-core/build/tmp/work/osmio4k-oe-linux-gnueabi/enigma2/3.12+git/git=/usr/src/debug/enigma2/3.12+git  -fmacro-prefix-map=/home/pli/builds/openpli-scarthgap-build-1-30-2025/openpli-oe-core/build/tmp/work/osmio4k-oe-linux-gnueabi/enigma2/3.12+git/build=/usr/src/debug/enigma2/3.12+git  -fdebug-prefix-map=/home/pli/builds/openpli-scarthgap-build-1-30-2025/openpli-oe-core/build/tmp/work/osmio4k-oe-linux-gnueabi/enigma2/3.12+git/build=/usr/src/debug/enigma2/3.12+git  -fdebug-prefix-map=/home/pli/builds/openpli-scarthgap-build-1-30-2025/openpli-oe-core/build/tmp/work/osmio4k-oe-linux-gnueabi/enigma2/3.12+git/recipe-sysroot=  -fmacro-prefix-map=/home/pli/builds/openpli-scarthgap-build-1-30-2025/openpli-oe-core/build/tmp/work/osmio4k-oe-linux-gnueabi/enigma2/3.12+git/recipe-sysroot=  -fdebug-prefix-map=/home/pli/builds/openpli-scarthgap-build-1-30-2025/openpli-oe-core/build/tmp/work/osmio4k-oe-linux-gnueabi/enigma2/3.12+git/recipe-sysroot-native=  -fvisibility-inlines-hidden -Wattribute-alias -Wattribute-alias=1 -Wall -Wextra -Werror 	-Wformat=2 -Wformat-overflow=2 -Wformat-nonliteral -Wformat-security 	-Wimplicit-fallthrough=5 -Wduplicated-branches -Wtrampolines 	-Wdangling-else -Wshift-overflow=2 -Wswitch 	-Wunused-but-set-parameter -Wunused-const-variable=1 -Wuninitialized 	-Wstringop-overflow=3 -Woverlength-strings 	-Wunsafe-loop-optimizations -Wpointer-arith 	-Wfloat-equal -Wlogical-op 	-Wno-error=cast-align=strict -Wno-error=ignored-qualifiers 	-Wno-error=cast-function-type -Wno-error=deprecated-declarations 	-Wno-error=stringop-truncation -Wno-error=shadow -Wno-error=cast-qual 	-Wno-error=aggregate-return -Wno-error=missing-field-initializers 	-Wno-error=packed -Wno-error=vla -Wno-error=clobbered -Wno-error=unused-parameter 	-I/home/pli/builds/openpli-scarthgap-build-1-30-2025/openpli-oe-core/build/tmp/work/osmio4k-oe-linux-gnueabi/enigma2/3.12+git/recipe-sysroot/usr/include/freetype2 -I/home/pli/builds/openpli-scarthgap-build-1-30-2025/openpli-oe-core/build/tmp/work/osmio4k-oe-linux-gnueabi/enigma2/3.12+git/recipe-sysroot/usr/include/fribidi -I/home/pli/builds/openpli-scarthgap-build-1-30-2025/openpli-oe-core/build/tmp/work/osmio4k-oe-linux-gnueabi/enigma2/3.12+git/recipe-sysroot/usr/include/glib-2.0 -I/home/pli/builds/openpli-scarthgap-build-1-30-2025/openpli-oe-core/build/tmp/work/osmio4k-oe-linux-gnueabi/enigma2/3.12+git/recipe-sysroot/usr/lib/glib-2.0/include -I/home/pli/builds/openpli-scarthgap-build-1-30-2025/openpli-oe-core/build/tmp/work/osmio4k-oe-linux-gnueabi/enigma2/3.12+git/recipe-sysroot/usr/include/libpng16 -I/home/pli/builds/openpli-scarthgap-build-1-30-2025/openpli-oe-core/build/tmp/work/osmio4k-oe-linux-gnueabi/enigma2/3.12+git/recipe-sysroot/usr/include/libxml2 -I/home/pli/builds/openpli-scarthgap-build-1-30-2025/openpli-oe-core/build/tmp/work/osmio4k-oe-linux-gnueabi/enigma2/3.12+git/recipe-sysroot/usr/include/sigc++-3.0 -I/home/pli/builds/openpli-scarthgap-build-1-30-2025/openpli-oe-core/build/tmp/work/osmio4k-oe-linux-gnueabi/enigma2/3.12+git/recipe-sysroot/usr/lib/sigc++-3.0/include -fno-rtti -fno-exceptions -rdynamic -funwind-tables  -fopenmp  -MT service/libenigma_service_a-servicepeer.o -MD -MP -MF service/.deps/libenigma_service_a-servicepeer.Tpo -c -o service/libenigma_service_a-servicepeer.o `test -f 'service/servicepeer.cpp' || echo '../../git/lib/'`service/servicepeer.cpp

../../git/lib/gdi/font.cpp: In function 'FT_Error myFTC_Face_Requester(FTC_FaceID, FT_Library, FT_Pointer, FT_FaceRec_**)':
../../git/lib/gdi/font.cpp:84:49: warning: unused parameter 'library' [-Wunused-parameter]
   84 |                                 FT_Library      library,
      |                                 ~~~~~~~~~~~~~~~~^~~~~~~

In file included from ../../git/lib/service/servicedvb.h:4,
                 from ../../git/lib/service/servicedvb.cpp:4:
../../git/lib/service/iservice.h: In member function 'virtual void iServiceInformation::getAITApplications(std::map<int, std::__cxx11::basic_string<char> >&)':
../../git/lib/service/iservice.h:439:69: warning: unused parameter 'aitlist' [-Wunused-parameter]
  439 |         virtual void getAITApplications(std::map<int, std::string> &aitlist) {};
      |                                         ~~~~~~~~~~~~~~~~~~~~~~~~~~~~^~~~~~~

../../git/lib/service/service.cpp: In member function 'RESULT eServiceCenter::removeFactoryExtension(int, const char*)':
../../git/lib/service/service.cpp:301:51: warning: unused parameter 'id' [-Wunused-parameter]
  301 | RESULT eServiceCenter::removeFactoryExtension(int id, const char *extension)
      |                                               ~~~~^~

../../git/lib/gdi/font.cpp: In member function 'void eTextPara::newLine(int)':
../../git/lib/gdi/font.cpp:547:29: warning: unused parameter 'flags' [-Wunused-parameter]
  547 | void eTextPara::newLine(int flags)
      |                         ~~~~^~~~~

In file included from ../../git/lib/gui/elistbox.h:4,
                 from ../../git/lib/service/listboxservice.h:5,
                 from ../../git/lib/service/listboxservice.cpp:2:
../../git/lib/gui/ewidget.h: In member function 'void eWidget::setPositionNotifyChild(int)':
../../git/lib/gui/ewidget.h:151:41: warning: unused parameter 'n' [-Wunused-parameter]
  151 |         void setPositionNotifyChild(int n) { m_notify_child_on_position_change = 1; }
      |                                     ~~~~^

In file included from ../../git/lib/service/listboxservice.h:6:
../../git/lib/service/iservice.h: In member function 'virtual void iServiceInformation::getAITApplications(std::map<int, std::__cxx11::basic_string<char> >&)':
../../git/lib/service/iservice.h:439:69: warning: unused parameter 'aitlist' [-Wunused-parameter]
  439 |         virtual void getAITApplications(std::map<int, std::string> &aitlist) {};
      |                                         ~~~~~~~~~~~~~~~~~~~~~~~~~~~~^~~~~~~






In file included from ../../git/lib/service/listboxservice.cpp:4:
../../git/lib/gdi/font.h: At global scope:
../../git/lib/gdi/font.h:194:9: warning: type qualifiers ignored on function return type [-Wignored-qualifiers]
  194 |         const int size() const
      |         ^~~~~

mv -f gdi/.deps/libenigma_gdi_a-accel.Tpo gdi/.deps/libenigma_gdi_a-accel.Po

arm-oe-linux-gnueabi-g++  -march=armv7ve -mfpu=neon-vfpv4 -mfloat-abi=hard -D_TIME_BITS=64 -D_FILE_OFFSET_BITS=64 --sysroot=/home/pli/builds/openpli-scarthgap-build-1-30-2025/openpli-oe-core/build/tmp/work/osmio4k-oe-linux-gnueabi/enigma2/3.12+git/recipe-sysroot -std=gnu++17 -DHAVE_CONFIG_H -I. -I../../git/lib -I..  -I.. -I../../git -I../../git/include -DPY_SSIZE_T_CLEAN -include Python.h -include ../enigma2_config.h -I/home/pli/builds/openpli-scarthgap-build-1-30-2025/openpli-oe-core/build/tmp/work/osmio4k-oe-linux-gnueabi/enigma2/3.12+git/recipe-sysroot/usr/include/python3.12  -Os -pipe -g -feliminate-unused-debug-types -fcanon-prefix-map  -fmacro-prefix-map=/home/pli/builds/openpli-scarthgap-build-1-30-2025/openpli-oe-core/build/tmp/work/osmio4k-oe-linux-gnueabi/enigma2/3.12+git/git=/usr/src/debug/enigma2/3.12+git  -fdebug-prefix-map=/home/pli/builds/openpli-scarthgap-build-1-30-2025/openpli-oe-core/build/tmp/work/osmio4k-oe-linux-gnueabi/enigma2/3.12+git/git=/usr/src/debug/enigma2/3.12+git  -fmacro-prefix-map=/home/pli/builds/openpli-scarthgap-build-1-30-2025/openpli-oe-core/build/tmp/work/osmio4k-oe-linux-gnueabi/enigma2/3.12+git/build=/usr/src/debug/enigma2/3.12+git  -fdebug-prefix-map=/home/pli/builds/openpli-scarthgap-build-1-30-2025/openpli-oe-core/build/tmp/work/osmio4k-oe-linux-gnueabi/enigma2/3.12+git/build=/usr/src/debug/enigma2/3.12+git  -fdebug-prefix-map=/home/pli/builds/openpli-scarthgap-build-1-30-2025/openpli-oe-core/build/tmp/work/osmio4k-oe-linux-gnueabi/enigma2/3.12+git/recipe-sysroot=  -fmacro-prefix-map=/home/pli/builds/openpli-scarthgap-build-1-30-2025/openpli-oe-core/build/tmp/work/osmio4k-oe-linux-gnueabi/enigma2/3.12+git/recipe-sysroot=  -fdebug-prefix-map=/home/pli/builds/openpli-scarthgap-build-1-30-2025/openpli-oe-core/build/tmp/work/osmio4k-oe-linux-gnueabi/enigma2/3.12+git/recipe-sysroot-native=  -fvisibility-inlines-hidden -Wattribute-alias -Wattribute-alias=1 -Wall -Wextra -Werror 	-Wformat=2 -Wformat-overflow=2 -Wformat-nonliteral -Wformat-security 	-Wimplicit-fallthrough=5 -Wduplicated-branches -Wtrampolines 	-Wdangling-else -Wshift-overflow=2 -Wswitch 	-Wunused-but-set-parameter -Wunused-const-variable=1 -Wuninitialized 	-Wstringop-overflow=3 -Woverlength-strings 	-Wunsafe-loop-optimizations -Wpointer-arith 	-Wfloat-equal -Wlogical-op 	-Wno-error=cast-align=strict -Wno-error=ignored-qualifiers 	-Wno-error=cast-function-type -Wno-error=deprecated-declarations 	-Wno-error=stringop-truncation -Wno-error=shadow -Wno-error=cast-qual 	-Wno-error=aggregate-return -Wno-error=missing-field-initializers 	-Wno-error=packed -Wno-error=vla -Wno-error=clobbered -Wno-error=unused-parameter 	-I/home/pli/builds/openpli-scarthgap-build-1-30-2025/openpli-oe-core/build/tmp/work/osmio4k-oe-linux-gnueabi/enigma2/3.12+git/recipe-sysroot/usr/include/freetype2 -I/home/pli/builds/openpli-scarthgap-build-1-30-2025/openpli-oe-core/build/tmp/work/osmio4k-oe-linux-gnueabi/enigma2/3.12+git/recipe-sysroot/usr/include/fribidi -I/home/pli/builds/openpli-scarthgap-build-1-30-2025/openpli-oe-core/build/tmp/work/osmio4k-oe-linux-gnueabi/enigma2/3.12+git/recipe-sysroot/usr/include/glib-2.0 -I/home/pli/builds/openpli-scarthgap-build-1-30-2025/openpli-oe-core/build/tmp/work/osmio4k-oe-linux-gnueabi/enigma2/3.12+git/recipe-sysroot/usr/lib/glib-2.0/include -I/home/pli/builds/openpli-scarthgap-build-1-30-2025/openpli-oe-core/build/tmp/work/osmio4k-oe-linux-gnueabi/enigma2/3.12+git/recipe-sysroot/usr/include/libpng16 -I/home/pli/builds/openpli-scarthgap-build-1-30-2025/openpli-oe-core/build/tmp/work/osmio4k-oe-linux-gnueabi/enigma2/3.12+git/recipe-sysroot/usr/include/libxml2 -I/home/pli/builds/openpli-scarthgap-build-1-30-2025/openpli-oe-core/build/tmp/work/osmio4k-oe-linux-gnueabi/enigma2/3.12+git/recipe-sysroot/usr/include/sigc++-3.0 -I/home/pli/builds/openpli-scarthgap-build-1-30-2025/openpli-oe-core/build/tmp/work/osmio4k-oe-linux-gnueabi/enigma2/3.12+git/recipe-sysroot/usr/lib/sigc++-3.0/include -fno-rtti -fno-exceptions -rdynamic -funwind-tables  -fopenmp  -MT service/libenigma_service_a-servicets.o -MD -MP -MF service/.deps/libenigma_service_a-servicets.Tpo -c -o service/libenigma_service_a-servicets.o `test -f 'service/servicets.cpp' || echo '../../git/lib/'`service/servicets.cpp



In file included from /home/pli/builds/openpli-scarthgap-build-1-30-2025/openpli-oe-core/build/tmp/work/osmio4k-oe-linux-gnueabi/enigma2/3.12+git/recipe-sysroot/usr/include/c++/13.3.0/map:62,
                 from ../../git/lib/base/eerror.h:5,
                 from ../../git/lib/base/object.h:10,
                 from ../../git/lib/gdi/gpixmap.h:6,
                 from ../../git/lib/gdi/pixmapcache.h:4,
                 from ../../git/lib/gdi/pixmapcache.cpp:1:
/home/pli/builds/openpli-scarthgap-build-1-30-2025/openpli-oe-core/build/tmp/work/osmio4k-oe-linux-gnueabi/enigma2/3.12+git/recipe-sysroot/usr/include/c++/13.3.0/bits/stl_tree.h: In function 'std::_Rb_tree<_Key, _Val, _KeyOfValue, _Compare, _Alloc>::iterator std::_Rb_tree<_Key, _Val, _KeyOfValue, _Compare, _Alloc>::erase(iterator) [with _Key = std::__cxx11::basic_string<char>; _Val = std::pair<const std::__cxx11::basic_string<char>, CacheItem>; _KeyOfValue = std::_Select1st<std::pair<const std::__cxx11::basic_string<char>, CacheItem> >; _Compare = std::less<std::__cxx11::basic_string<char> >; _Alloc = std::allocator<std::pair<const std::__cxx11::basic_string<char>, CacheItem> >]':
/home/pli/builds/openpli-scarthgap-build-1-30-2025/openpli-oe-core/build/tmp/work/osmio4k-oe-linux-gnueabi/enigma2/3.12+git/recipe-sysroot/usr/include/c++/13.3.0/bits/stl_tree.h:1205:7: note: parameter passing for argument of type 'std::_Rb_tree<std::__cxx11::basic_string<char>, std::pair<const std::__cxx11::basic_string<char>, CacheItem>, std::_Select1st<std::pair<const std::__cxx11::basic_string<char>, CacheItem> >, std::less<std::__cxx11::basic_string<char> >, std::allocator<std::pair<const std::__cxx11::basic_string<char>, CacheItem> > >::iterator' changed in GCC 7.1
 1205 |       erase(iterator __position)
      |       ^~~~~

mv -f gdi/.deps/libenigma_gdi_a-fblcd.Tpo gdi/.deps/libenigma_gdi_a-fblcd.Po

NOTE: enigma-info-6-r0 do_package: Using umask 0o002 (not 22) for sstate packaging
In file included from /home/pli/builds/openpli-scarthgap-build-1-30-2025/openpli-oe-core/build/tmp/work/osmio4k-oe-linux-gnueabi/enigma2/3.12+git/recipe-sysroot/usr/include/c++/13.3.0/map:63:
In member function 'std::map<_Key, _Tp, _Compare, _Alloc>::iterator std::map<_Key, _Tp, _Compare, _Alloc>::erase(iterator) [with _Key = std::__cxx11::basic_string<char>; _Tp = CacheItem; _Compare = std::less<std::__cxx11::basic_string<char> >; _Alloc = std::allocator<std::pair<const std::__cxx11::basic_string<char>, CacheItem> >]',
    inlined from 'static void PixmapCache::PixmapDisposed(gPixmap*)' at ../../git/lib/gdi/pixmapcache.cpp:72:21:
/home/pli/builds/openpli-scarthgap-build-1-30-2025/openpli-oe-core/build/tmp/work/osmio4k-oe-linux-gnueabi/enigma2/3.12+git/recipe-sysroot/usr/include/c++/13.3.0/bits/stl_map.h:1088:26: note: parameter passing for argument of type 'std::map<std::__cxx11::basic_string<char>, CacheItem>::iterator' {aka 'std::_Rb_tree<std::__cxx11::basic_string<char>, std::pair<const std::__cxx11::basic_string<char>, CacheItem>, std::_Select1st<std::pair<const std::__cxx11::basic_string<char>, CacheItem> >, std::less<std::__cxx11::basic_string<char> >, std::allocator<std::pair<const std::__cxx11::basic_string<char>, CacheItem> > >::iterator'} changed in GCC 7.1
 1088 |       { return _M_t.erase(__position); }
      |                ~~~~~~~~~~^~~~~~~~~~~~

arm-oe-linux-gnueabi-g++  -march=armv7ve -mfpu=neon-vfpv4 -mfloat-abi=hard -D_TIME_BITS=64 -D_FILE_OFFSET_BITS=64 --sysroot=/home/pli/builds/openpli-scarthgap-build-1-30-2025/openpli-oe-core/build/tmp/work/osmio4k-oe-linux-gnueabi/enigma2/3.12+git/recipe-sysroot -std=gnu++17 -DHAVE_CONFIG_H -I. -I../../git/lib -I..  -I.. -I../../git -I../../git/include -DPY_SSIZE_T_CLEAN -include Python.h -include ../enigma2_config.h -I/home/pli/builds/openpli-scarthgap-build-1-30-2025/openpli-oe-core/build/tmp/work/osmio4k-oe-linux-gnueabi/enigma2/3.12+git/recipe-sysroot/usr/include/python3.12  -Os -pipe -g -feliminate-unused-debug-types -fcanon-prefix-map  -fmacro-prefix-map=/home/pli/builds/openpli-scarthgap-build-1-30-2025/openpli-oe-core/build/tmp/work/osmio4k-oe-linux-gnueabi/enigma2/3.12+git/git=/usr/src/debug/enigma2/3.12+git  -fdebug-prefix-map=/home/pli/builds/openpli-scarthgap-build-1-30-2025/openpli-oe-core/build/tmp/work/osmio4k-oe-linux-gnueabi/enigma2/3.12+git/git=/usr/src/debug/enigma2/3.12+git  -fmacro-prefix-map=/home/pli/builds/openpli-scarthgap-build-1-30-2025/openpli-oe-core/build/tmp/work/osmio4k-oe-linux-gnueabi/enigma2/3.12+git/build=/usr/src/debug/enigma2/3.12+git  -fdebug-prefix-map=/home/pli/builds/openpli-scarthgap-build-1-30-2025/openpli-oe-core/build/tmp/work/osmio4k-oe-linux-gnueabi/enigma2/3.12+git/build=/usr/src/debug/enigma2/3.12+git  -fdebug-prefix-map=/home/pli/builds/openpli-scarthgap-build-1-30-2025/openpli-oe-core/build/tmp/work/osmio4k-oe-linux-gnueabi/enigma2/3.12+git/recipe-sysroot=  -fmacro-prefix-map=/home/pli/builds/openpli-scarthgap-build-1-30-2025/openpli-oe-core/build/tmp/work/osmio4k-oe-linux-gnueabi/enigma2/3.12+git/recipe-sysroot=  -fdebug-prefix-map=/home/pli/builds/openpli-scarthgap-build-1-30-2025/openpli-oe-core/build/tmp/work/osmio4k-oe-linux-gnueabi/enigma2/3.12+git/recipe-sysroot-native=  -fvisibility-inlines-hidden -Wattribute-alias -Wattribute-alias=1 -Wall -Wextra -Werror 	-Wformat=2 -Wformat-overflow=2 -Wformat-nonliteral -Wformat-security 	-Wimplicit-fallthrough=5 -Wduplicated-branches -Wtrampolines 	-Wdangling-else -Wshift-overflow=2 -Wswitch 	-Wunused-but-set-parameter -Wunused-const-variable=1 -Wuninitialized 	-Wstringop-overflow=3 -Woverlength-strings 	-Wunsafe-loop-optimizations -Wpointer-arith 	-Wfloat-equal -Wlogical-op 	-Wno-error=cast-align=strict -Wno-error=ignored-qualifiers 	-Wno-error=cast-function-type -Wno-error=deprecated-declarations 	-Wno-error=stringop-truncation -Wno-error=shadow -Wno-error=cast-qual 	-Wno-error=aggregate-return -Wno-error=missing-field-initializers 	-Wno-error=packed -Wno-error=vla -Wno-error=clobbered -Wno-error=unused-parameter 	-I/home/pli/builds/openpli-scarthgap-build-1-30-2025/openpli-oe-core/build/tmp/work/osmio4k-oe-linux-gnueabi/enigma2/3.12+git/recipe-sysroot/usr/include/freetype2 -I/home/pli/builds/openpli-scarthgap-build-1-30-2025/openpli-oe-core/build/tmp/work/osmio4k-oe-linux-gnueabi/enigma2/3.12+git/recipe-sysroot/usr/include/fribidi -I/home/pli/builds/openpli-scarthgap-build-1-30-2025/openpli-oe-core/build/tmp/work/osmio4k-oe-linux-gnueabi/enigma2/3.12+git/recipe-sysroot/usr/include/glib-2.0 -I/home/pli/builds/openpli-scarthgap-build-1-30-2025/openpli-oe-core/build/tmp/work/osmio4k-oe-linux-gnueabi/enigma2/3.12+git/recipe-sysroot/usr/lib/glib-2.0/include -I/home/pli/builds/openpli-scarthgap-build-1-30-2025/openpli-oe-core/build/tmp/work/osmio4k-oe-linux-gnueabi/enigma2/3.12+git/recipe-sysroot/usr/include/libpng16 -I/home/pli/builds/openpli-scarthgap-build-1-30-2025/openpli-oe-core/build/tmp/work/osmio4k-oe-linux-gnueabi/enigma2/3.12+git/recipe-sysroot/usr/include/libxml2 -I/home/pli/builds/openpli-scarthgap-build-1-30-2025/openpli-oe-core/build/tmp/work/osmio4k-oe-linux-gnueabi/enigma2/3.12+git/recipe-sysroot/usr/include/sigc++-3.0 -I/home/pli/builds/openpli-scarthgap-build-1-30-2025/openpli-oe-core/build/tmp/work/osmio4k-oe-linux-gnueabi/enigma2/3.12+git/recipe-sysroot/usr/lib/sigc++-3.0/include -fno-rtti -fno-exceptions -rdynamic -funwind-tables  -fopenmp  -MT service/libenigma_service_a-servicewebts.o -MD -MP -MF service/.deps/libenigma_service_a-servicewebts.Tpo -c -o service/libenigma_service_a-servicewebts.o `test -f 'service/servicewebts.cpp' || echo '../../git/lib/'`service/servicewebts.cpp

mv -f gdi/.deps/libenigma_gdi_a-font_arabic.Tpo gdi/.deps/libenigma_gdi_a-font_arabic.Po

mv -f gdi/.deps/libenigma_gdi_a-epng.Tpo gdi/.deps/libenigma_gdi_a-epng.Po


arm-oe-linux-gnueabi-g++  -march=armv7ve -mfpu=neon-vfpv4 -mfloat-abi=hard -D_TIME_BITS=64 -D_FILE_OFFSET_BITS=64 --sysroot=/home/pli/builds/openpli-scarthgap-build-1-30-2025/openpli-oe-core/build/tmp/work/osmio4k-oe-linux-gnueabi/enigma2/3.12+git/recipe-sysroot -std=gnu++17 -DHAVE_CONFIG_H -I. -I../../git/lib -I..  -I.. -I../../git -I../../git/include -DPY_SSIZE_T_CLEAN -include Python.h -include ../enigma2_config.h -I/home/pli/builds/openpli-scarthgap-build-1-30-2025/openpli-oe-core/build/tmp/work/osmio4k-oe-linux-gnueabi/enigma2/3.12+git/recipe-sysroot/usr/include/python3.12  -Os -pipe -g -feliminate-unused-debug-types -fcanon-prefix-map  -fmacro-prefix-map=/home/pli/builds/openpli-scarthgap-build-1-30-2025/openpli-oe-core/build/tmp/work/osmio4k-oe-linux-gnueabi/enigma2/3.12+git/git=/usr/src/debug/enigma2/3.12+git  -fdebug-prefix-map=/home/pli/builds/openpli-scarthgap-build-1-30-2025/openpli-oe-core/build/tmp/work/osmio4k-oe-linux-gnueabi/enigma2/3.12+git/git=/usr/src/debug/enigma2/3.12+git  -fmacro-prefix-map=/home/pli/builds/openpli-scarthgap-build-1-30-2025/openpli-oe-core/build/tmp/work/osmio4k-oe-linux-gnueabi/enigma2/3.12+git/build=/usr/src/debug/enigma2/3.12+git  -fdebug-prefix-map=/home/pli/builds/openpli-scarthgap-build-1-30-2025/openpli-oe-core/build/tmp/work/osmio4k-oe-linux-gnueabi/enigma2/3.12+git/build=/usr/src/debug/enigma2/3.12+git  -fdebug-prefix-map=/home/pli/builds/openpli-scarthgap-build-1-30-2025/openpli-oe-core/build/tmp/work/osmio4k-oe-linux-gnueabi/enigma2/3.12+git/recipe-sysroot=  -fmacro-prefix-map=/home/pli/builds/openpli-scarthgap-build-1-30-2025/openpli-oe-core/build/tmp/work/osmio4k-oe-linux-gnueabi/enigma2/3.12+git/recipe-sysroot=  -fdebug-prefix-map=/home/pli/builds/openpli-scarthgap-build-1-30-2025/openpli-oe-core/build/tmp/work/osmio4k-oe-linux-gnueabi/enigma2/3.12+git/recipe-sysroot-native=  -fvisibility-inlines-hidden -Wattribute-alias -Wattribute-alias=1 -Wall -Wextra -Werror 	-Wformat=2 -Wformat-overflow=2 -Wformat-nonliteral -Wformat-security 	-Wimplicit-fallthrough=5 -Wduplicated-branches -Wtrampolines 	-Wdangling-else -Wshift-overflow=2 -Wswitch 	-Wunused-but-set-parameter -Wunused-const-variable=1 -Wuninitialized 	-Wstringop-overflow=3 -Woverlength-strings 	-Wunsafe-loop-optimizations -Wpointer-arith 	-Wfloat-equal -Wlogical-op 	-Wno-error=cast-align=strict -Wno-error=ignored-qualifiers 	-Wno-error=cast-function-type -Wno-error=deprecated-declarations 	-Wno-error=stringop-truncation -Wno-error=shadow -Wno-error=cast-qual 	-Wno-error=aggregate-return -Wno-error=missing-field-initializers 	-Wno-error=packed -Wno-error=vla -Wno-error=clobbered -Wno-error=unused-parameter 	-I/home/pli/builds/openpli-scarthgap-build-1-30-2025/openpli-oe-core/build/tmp/work/osmio4k-oe-linux-gnueabi/enigma2/3.12+git/recipe-sysroot/usr/include/freetype2 -I/home/pli/builds/openpli-scarthgap-build-1-30-2025/openpli-oe-core/build/tmp/work/osmio4k-oe-linux-gnueabi/enigma2/3.12+git/recipe-sysroot/usr/include/fribidi -I/home/pli/builds/openpli-scarthgap-build-1-30-2025/openpli-oe-core/build/tmp/work/osmio4k-oe-linux-gnueabi/enigma2/3.12+git/recipe-sysroot/usr/include/glib-2.0 -I/home/pli/builds/openpli-scarthgap-build-1-30-2025/openpli-oe-core/build/tmp/work/osmio4k-oe-linux-gnueabi/enigma2/3.12+git/recipe-sysroot/usr/lib/glib-2.0/include -I/home/pli/builds/openpli-scarthgap-build-1-30-2025/openpli-oe-core/build/tmp/work/osmio4k-oe-linux-gnueabi/enigma2/3.12+git/recipe-sysroot/usr/include/libpng16 -I/home/pli/builds/openpli-scarthgap-build-1-30-2025/openpli-oe-core/build/tmp/work/osmio4k-oe-linux-gnueabi/enigma2/3.12+git/recipe-sysroot/usr/include/libxml2 -I/home/pli/builds/openpli-scarthgap-build-1-30-2025/openpli-oe-core/build/tmp/work/osmio4k-oe-linux-gnueabi/enigma2/3.12+git/recipe-sysroot/usr/include/sigc++-3.0 -I/home/pli/builds/openpli-scarthgap-build-1-30-2025/openpli-oe-core/build/tmp/work/osmio4k-oe-linux-gnueabi/enigma2/3.12+git/recipe-sysroot/usr/lib/sigc++-3.0/include -fno-rtti -fno-exceptions -rdynamic -funwind-tables  -fopenmp  -MT service/libenigma_service_a-servicedvd.o -MD -MP -MF service/.deps/libenigma_service_a-servicedvd.Tpo -c -o service/libenigma_service_a-servicedvd.o `test -f 'service/servicedvd.cpp' || echo '../../git/lib/'`service/servicedvd.cpp

arm-oe-linux-gnueabi-g++  -march=armv7ve -mfpu=neon-vfpv4 -mfloat-abi=hard -D_TIME_BITS=64 -D_FILE_OFFSET_BITS=64 --sysroot=/home/pli/builds/openpli-scarthgap-build-1-30-2025/openpli-oe-core/build/tmp/work/osmio4k-oe-linux-gnueabi/enigma2/3.12+git/recipe-sysroot -std=gnu++17 -DHAVE_CONFIG_H -I. -I../../git/lib -I..  -I.. -I../../git -I../../git/include -DPY_SSIZE_T_CLEAN -include Python.h -include ../enigma2_config.h -I/home/pli/builds/openpli-scarthgap-build-1-30-2025/openpli-oe-core/build/tmp/work/osmio4k-oe-linux-gnueabi/enigma2/3.12+git/recipe-sysroot/usr/include/python3.12  -Os -pipe -g -feliminate-unused-debug-types -fcanon-prefix-map  -fmacro-prefix-map=/home/pli/builds/openpli-scarthgap-build-1-30-2025/openpli-oe-core/build/tmp/work/osmio4k-oe-linux-gnueabi/enigma2/3.12+git/git=/usr/src/debug/enigma2/3.12+git  -fdebug-prefix-map=/home/pli/builds/openpli-scarthgap-build-1-30-2025/openpli-oe-core/build/tmp/work/osmio4k-oe-linux-gnueabi/enigma2/3.12+git/git=/usr/src/debug/enigma2/3.12+git  -fmacro-prefix-map=/home/pli/builds/openpli-scarthgap-build-1-30-2025/openpli-oe-core/build/tmp/work/osmio4k-oe-linux-gnueabi/enigma2/3.12+git/build=/usr/src/debug/enigma2/3.12+git  -fdebug-prefix-map=/home/pli/builds/openpli-scarthgap-build-1-30-2025/openpli-oe-core/build/tmp/work/osmio4k-oe-linux-gnueabi/enigma2/3.12+git/build=/usr/src/debug/enigma2/3.12+git  -fdebug-prefix-map=/home/pli/builds/openpli-scarthgap-build-1-30-2025/openpli-oe-core/build/tmp/work/osmio4k-oe-linux-gnueabi/enigma2/3.12+git/recipe-sysroot=  -fmacro-prefix-map=/home/pli/builds/openpli-scarthgap-build-1-30-2025/openpli-oe-core/build/tmp/work/osmio4k-oe-linux-gnueabi/enigma2/3.12+git/recipe-sysroot=  -fdebug-prefix-map=/home/pli/builds/openpli-scarthgap-build-1-30-2025/openpli-oe-core/build/tmp/work/osmio4k-oe-linux-gnueabi/enigma2/3.12+git/recipe-sysroot-native=  -fvisibility-inlines-hidden -Wattribute-alias -Wattribute-alias=1 -Wall -Wextra -Werror 	-Wformat=2 -Wformat-overflow=2 -Wformat-nonliteral -Wformat-security 	-Wimplicit-fallthrough=5 -Wduplicated-branches -Wtrampolines 	-Wdangling-else -Wshift-overflow=2 -Wswitch 	-Wunused-but-set-parameter -Wunused-const-variable=1 -Wuninitialized 	-Wstringop-overflow=3 -Woverlength-strings 	-Wunsafe-loop-optimizations -Wpointer-arith 	-Wfloat-equal -Wlogical-op 	-Wno-error=cast-align=strict -Wno-error=ignored-qualifiers 	-Wno-error=cast-function-type -Wno-error=deprecated-declarations 	-Wno-error=stringop-truncation -Wno-error=shadow -Wno-error=cast-qual 	-Wno-error=aggregate-return -Wno-error=missing-field-initializers 	-Wno-error=packed -Wno-error=vla -Wno-error=clobbered -Wno-error=unused-parameter 	-I/home/pli/builds/openpli-scarthgap-build-1-30-2025/openpli-oe-core/build/tmp/work/osmio4k-oe-linux-gnueabi/enigma2/3.12+git/recipe-sysroot/usr/include/freetype2 -I/home/pli/builds/openpli-scarthgap-build-1-30-2025/openpli-oe-core/build/tmp/work/osmio4k-oe-linux-gnueabi/enigma2/3.12+git/recipe-sysroot/usr/include/fribidi -I/home/pli/builds/openpli-scarthgap-build-1-30-2025/openpli-oe-core/build/tmp/work/osmio4k-oe-linux-gnueabi/enigma2/3.12+git/recipe-sysroot/usr/include/glib-2.0 -I/home/pli/builds/openpli-scarthgap-build-1-30-2025/openpli-oe-core/build/tmp/work/osmio4k-oe-linux-gnueabi/enigma2/3.12+git/recipe-sysroot/usr/lib/glib-2.0/include -I/home/pli/builds/openpli-scarthgap-build-1-30-2025/openpli-oe-core/build/tmp/work/osmio4k-oe-linux-gnueabi/enigma2/3.12+git/recipe-sysroot/usr/include/libpng16 -I/home/pli/builds/openpli-scarthgap-build-1-30-2025/openpli-oe-core/build/tmp/work/osmio4k-oe-linux-gnueabi/enigma2/3.12+git/recipe-sysroot/usr/include/libxml2 -I/home/pli/builds/openpli-scarthgap-build-1-30-2025/openpli-oe-core/build/tmp/work/osmio4k-oe-linux-gnueabi/enigma2/3.12+git/recipe-sysroot/usr/include/sigc++-3.0 -I/home/pli/builds/openpli-scarthgap-build-1-30-2025/openpli-oe-core/build/tmp/work/osmio4k-oe-linux-gnueabi/enigma2/3.12+git/recipe-sysroot/usr/lib/sigc++-3.0/include -fno-rtti -fno-exceptions -rdynamic -funwind-tables  -fopenmp  -MT driver/libenigma_driver_a-avswitch.o -MD -MP -MF driver/.deps/libenigma_driver_a-avswitch.Tpo -c -o driver/libenigma_driver_a-avswitch.o `test -f 'driver/avswitch.cpp' || echo '../../git/lib/'`driver/avswitch.cpp


In member function 'std::map<_Key, _Tp, _Compare, _Alloc>::iterator std::map<_Key, _Tp, _Compare, _Alloc>::erase(iterator) [with _Key = std::__cxx11::basic_string<char>; _Tp = CacheItem; _Compare = std::less<std::__cxx11::basic_string<char> >; _Alloc = std::allocator<std::pair<const std::__cxx11::basic_string<char>, CacheItem> >]',
    inlined from 'static gPixmap* PixmapCache::Get(const char*)' at ../../git/lib/gdi/pixmapcache.cpp:98:22:
/home/pli/builds/openpli-scarthgap-build-1-30-2025/openpli-oe-core/build/tmp/work/osmio4k-oe-linux-gnueabi/enigma2/3.12+git/recipe-sysroot/usr/include/c++/13.3.0/bits/stl_map.h:1088:26: note: parameter passing for argument of type 'std::map<std::__cxx11::basic_string<char>, CacheItem>::iterator' {aka 'std::_Rb_tree<std::__cxx11::basic_string<char>, std::pair<const std::__cxx11::basic_string<char>, CacheItem>, std::_Select1st<std::pair<const std::__cxx11::basic_string<char>, CacheItem> >, std::less<std::__cxx11::basic_string<char> >, std::allocator<std::pair<const std::__cxx11::basic_string<char>, CacheItem> > >::iterator'} changed in GCC 7.1
 1088 |       { return _M_t.erase(__position); }
      |                ~~~~~~~~~~^~~~~~~~~~~~

NOTE: recipe enigma-info-6-r0: task do_package: Succeeded
../../git/lib/service/service.cpp: In member function 'virtual RESULT iStaticServiceInformation::getEvent(const eServiceReference&, ePtr<eServiceEvent>&, time_t)':
../../git/lib/service/service.cpp:332:69: warning: unused parameter 'ref' [-Wunused-parameter]
  332 | RESULT iStaticServiceInformation::getEvent(const eServiceReference &ref, ePtr<eServiceEvent> &evt, time_t start_time)
      |                                            ~~~~~~~~~~~~~~~~~~~~~~~~~^~~

../../git/lib/service/service.cpp:332:107: warning: unused parameter 'start_time' [-Wunused-parameter]
  332 | RESULT iStaticServiceInformation::getEvent(const eServiceReference &ref, ePtr<eServiceEvent> &evt, time_t start_time)
      |                                                                                                    ~~~~~~~^~~~~~~~~~

../../git/lib/service/service.cpp: In member function 'virtual int iStaticServiceInformation::getLength(const eServiceReference&)':
../../git/lib/service/service.cpp:338:67: warning: unused parameter 'ref' [-Wunused-parameter]
  338 | int iStaticServiceInformation::getLength(const eServiceReference &ref)
      |                                          ~~~~~~~~~~~~~~~~~~~~~~~~~^~~

../../git/lib/service/service.cpp: In member function 'virtual int iStaticServiceInformation::isPlayable(const eServiceReference&, const eServiceReference&, bool)':
../../git/lib/service/service.cpp:343:68: warning: unused parameter 'ref' [-Wunused-parameter]
  343 | int iStaticServiceInformation::isPlayable(const eServiceReference &ref, const eServiceReference &ignore, bool simulate)
      |                                           ~~~~~~~~~~~~~~~~~~~~~~~~~^~~

../../git/lib/service/service.cpp:343:98: warning: unused parameter 'ignore' [-Wunused-parameter]
  343 | int iStaticServiceInformation::isPlayable(const eServiceReference &ref, const eServiceReference &ignore, bool simulate)
      |                                                                         ~~~~~~~~~~~~~~~~~~~~~~~~~^~~~~~

../../git/lib/service/service.cpp:343:111: warning: unused parameter 'simulate' [-Wunused-parameter]
  343 | int iStaticServiceInformation::isPlayable(const eServiceReference &ref, const eServiceReference &ignore, bool simulate)
      |                                                                                                          ~~~~~^~~~~~~~

../../git/lib/service/service.cpp: In member function 'virtual RESULT iServiceInformation::getEvent(ePtr<eServiceEvent>&, int)':
../../git/lib/service/service.cpp:348:68: warning: unused parameter 'm_nownext' [-Wunused-parameter]
  348 | RESULT iServiceInformation::getEvent(ePtr<eServiceEvent> &evt, int m_nownext)
      |                                                                ~~~~^~~~~~~~~

../../git/lib/service/service.cpp: In member function 'virtual int iStaticServiceInformation::getInfo(const eServiceReference&, int)':
../../git/lib/service/service.cpp:354:65: warning: unused parameter 'ref' [-Wunused-parameter]
  354 | int iStaticServiceInformation::getInfo(const eServiceReference &ref, int w)
      |                                        ~~~~~~~~~~~~~~~~~~~~~~~~~^~~

../../git/lib/service/service.cpp:354:74: warning: unused parameter 'w' [-Wunused-parameter]
  354 | int iStaticServiceInformation::getInfo(const eServiceReference &ref, int w)
      |                                                                      ~~~~^

../../git/lib/service/service.cpp: In member function 'virtual std::string iStaticServiceInformation::getInfoString(const eServiceReference&, int)':
../../git/lib/service/service.cpp:359:79: warning: unused parameter 'ref' [-Wunused-parameter]
  359 | std::string iStaticServiceInformation::getInfoString(const eServiceReference &ref, int w)
      |                                                      ~~~~~~~~~~~~~~~~~~~~~~~~~^~~

../../git/lib/service/service.cpp:359:88: warning: unused parameter 'w' [-Wunused-parameter]
  359 | std::string iStaticServiceInformation::getInfoString(const eServiceReference &ref, int w)
      |                                                                                    ~~~~^

../../git/lib/service/service.cpp: In member function 'virtual ePtr<iServiceInfoContainer> iStaticServiceInformation::getInfoObject(int)':
../../git/lib/service/service.cpp:364:74: warning: unused parameter 'w' [-Wunused-parameter]
  364 | ePtr<iServiceInfoContainer> iStaticServiceInformation::getInfoObject(int w)
      |                                                                      ~~~~^

../../git/lib/service/service.cpp: In member function 'virtual ePtr<iDVBTransponderData> iStaticServiceInformation::getTransponderData(const eServiceReference&)':
../../git/lib/service/service.cpp:370:98: warning: unused parameter 'ref' [-Wunused-parameter]
  370 | ePtr<iDVBTransponderData> iStaticServiceInformation::getTransponderData(const eServiceReference &ref)
      |                                                                         ~~~~~~~~~~~~~~~~~~~~~~~~~^~~

../../git/lib/service/service.cpp: In member function 'virtual long long int iStaticServiceInformation::getFileSize(const eServiceReference&)':
../../git/lib/service/service.cpp:376:75: warning: unused parameter 'ref' [-Wunused-parameter]
  376 | long long iStaticServiceInformation::getFileSize(const eServiceReference &ref)
      |                                                  ~~~~~~~~~~~~~~~~~~~~~~~~~^~~

../../git/lib/service/service.cpp: In member function 'virtual int iStaticServiceInformation::setInfo(const eServiceReference&, int, int)':
../../git/lib/service/service.cpp:386:65: warning: unused parameter 'ref' [-Wunused-parameter]
  386 | int iStaticServiceInformation::setInfo(const eServiceReference &ref, int w, int v)
      |                                        ~~~~~~~~~~~~~~~~~~~~~~~~~^~~

../../git/lib/service/service.cpp:386:74: warning: unused parameter 'w' [-Wunused-parameter]
  386 | int iStaticServiceInformation::setInfo(const eServiceReference &ref, int w, int v)
      |                                                                      ~~~~^

../../git/lib/service/service.cpp:386:81: warning: unused parameter 'v' [-Wunused-parameter]
  386 | int iStaticServiceInformation::setInfo(const eServiceReference &ref, int w, int v)
      |                                                                             ~~~~^

../../git/lib/service/service.cpp: In member function 'virtual int iStaticServiceInformation::setInfoString(const eServiceReference&, int, const char*)':
../../git/lib/service/service.cpp:391:71: warning: unused parameter 'ref' [-Wunused-parameter]
  391 | int iStaticServiceInformation::setInfoString(const eServiceReference &ref, int w, const char *v)
      |                                              ~~~~~~~~~~~~~~~~~~~~~~~~~^~~

../../git/lib/service/service.cpp:391:80: warning: unused parameter 'w' [-Wunused-parameter]
  391 | int iStaticServiceInformation::setInfoString(const eServiceReference &ref, int w, const char *v)
      |                                                                            ~~~~^

../../git/lib/service/service.cpp:391:95: warning: unused parameter 'v' [-Wunused-parameter]
  391 | int iStaticServiceInformation::setInfoString(const eServiceReference &ref, int w, const char *v)
      |                                                                                   ~~~~~~~~~~~~^

../../git/lib/service/service.cpp: In member function 'virtual int iServiceInformation::getInfo(int)':
../../git/lib/service/service.cpp:396:38: warning: unused parameter 'w' [-Wunused-parameter]
  396 | int iServiceInformation::getInfo(int w)
      |                                  ~~~~^

../../git/lib/service/service.cpp: In member function 'virtual std::string iServiceInformation::getInfoString(int)':
../../git/lib/service/service.cpp:401:52: warning: unused parameter 'w' [-Wunused-parameter]
  401 | std::string iServiceInformation::getInfoString(int w)
      |                                                ~~~~^

../../git/lib/service/service.cpp: In member function 'virtual ePtr<iServiceInfoContainer> iServiceInformation::getInfoObject(int)':
../../git/lib/service/service.cpp:406:68: warning: unused parameter 'w' [-Wunused-parameter]
  406 | ePtr<iServiceInfoContainer> iServiceInformation::getInfoObject(int w)
      |                                                                ~~~~^

../../git/lib/service/service.cpp: In member function 'virtual void iServiceInformation::getCaIds(std::vector<int>&, std::vector<int>&, std::vector<std::__cxx11::basic_string<char> >&)':
../../git/lib/service/service.cpp:418:54: warning: unused parameter 'caids' [-Wunused-parameter]
  418 | void iServiceInformation::getCaIds(std::vector<int> &caids, std::vector<int> &ecmpids, std::vector<std::string> &ecmdatabytes)
      |                                    ~~~~~~~~~~~~~~~~~~^~~~~

../../git/lib/service/service.cpp:418:79: warning: unused parameter 'ecmpids' [-Wunused-parameter]
  418 | void iServiceInformation::getCaIds(std::vector<int> &caids, std::vector<int> &ecmpids, std::vector<std::string> &ecmdatabytes)
      |                                                             ~~~~~~~~~~~~~~~~~~^~~~~~~

../../git/lib/service/service.cpp:418:114: warning: unused parameter 'ecmdatabytes' [-Wunused-parameter]
  418 | void iServiceInformation::getCaIds(std::vector<int> &caids, std::vector<int> &ecmpids, std::vector<std::string> &ecmdatabytes)
      |                                                                                        ~~~~~~~~~~~~~~~~~~~~~~~~~~^~~~~~~~~~~~

../../git/lib/service/service.cpp: In member function 'virtual int iServiceInformation::setInfo(int, int)':
../../git/lib/service/service.cpp:427:38: warning: unused parameter 'w' [-Wunused-parameter]
  427 | int iServiceInformation::setInfo(int w, int v)
      |                                  ~~~~^

../../git/lib/service/service.cpp:427:45: warning: unused parameter 'v' [-Wunused-parameter]
  427 | int iServiceInformation::setInfo(int w, int v)
      |                                         ~~~~^

../../git/lib/service/service.cpp: In member function 'virtual int iServiceInformation::setInfoString(int, const char*)':
../../git/lib/service/service.cpp:432:44: warning: unused parameter 'w' [-Wunused-parameter]
  432 | int iServiceInformation::setInfoString(int w, const char *v)
      |                                        ~~~~^

../../git/lib/service/service.cpp:432:59: warning: unused parameter 'v' [-Wunused-parameter]
  432 | int iServiceInformation::setInfoString(int w, const char *v)
      |                                               ~~~~~~~~~~~~^

arm-oe-linux-gnueabi-g++  -march=armv7ve -mfpu=neon-vfpv4 -mfloat-abi=hard -D_TIME_BITS=64 -D_FILE_OFFSET_BITS=64 --sysroot=/home/pli/builds/openpli-scarthgap-build-1-30-2025/openpli-oe-core/build/tmp/work/osmio4k-oe-linux-gnueabi/enigma2/3.12+git/recipe-sysroot -std=gnu++17 -DHAVE_CONFIG_H -I. -I../../git/lib -I..  -I.. -I../../git -I../../git/include -DPY_SSIZE_T_CLEAN -include Python.h -include ../enigma2_config.h -I/home/pli/builds/openpli-scarthgap-build-1-30-2025/openpli-oe-core/build/tmp/work/osmio4k-oe-linux-gnueabi/enigma2/3.12+git/recipe-sysroot/usr/include/python3.12  -Os -pipe -g -feliminate-unused-debug-types -fcanon-prefix-map  -fmacro-prefix-map=/home/pli/builds/openpli-scarthgap-build-1-30-2025/openpli-oe-core/build/tmp/work/osmio4k-oe-linux-gnueabi/enigma2/3.12+git/git=/usr/src/debug/enigma2/3.12+git  -fdebug-prefix-map=/home/pli/builds/openpli-scarthgap-build-1-30-2025/openpli-oe-core/build/tmp/work/osmio4k-oe-linux-gnueabi/enigma2/3.12+git/git=/usr/src/debug/enigma2/3.12+git  -fmacro-prefix-map=/home/pli/builds/openpli-scarthgap-build-1-30-2025/openpli-oe-core/build/tmp/work/osmio4k-oe-linux-gnueabi/enigma2/3.12+git/build=/usr/src/debug/enigma2/3.12+git  -fdebug-prefix-map=/home/pli/builds/openpli-scarthgap-build-1-30-2025/openpli-oe-core/build/tmp/work/osmio4k-oe-linux-gnueabi/enigma2/3.12+git/build=/usr/src/debug/enigma2/3.12+git  -fdebug-prefix-map=/home/pli/builds/openpli-scarthgap-build-1-30-2025/openpli-oe-core/build/tmp/work/osmio4k-oe-linux-gnueabi/enigma2/3.12+git/recipe-sysroot=  -fmacro-prefix-map=/home/pli/builds/openpli-scarthgap-build-1-30-2025/openpli-oe-core/build/tmp/work/osmio4k-oe-linux-gnueabi/enigma2/3.12+git/recipe-sysroot=  -fdebug-prefix-map=/home/pli/builds/openpli-scarthgap-build-1-30-2025/openpli-oe-core/build/tmp/work/osmio4k-oe-linux-gnueabi/enigma2/3.12+git/recipe-sysroot-native=  -fvisibility-inlines-hidden -Wattribute-alias -Wattribute-alias=1 -Wall -Wextra -Werror 	-Wformat=2 -Wformat-overflow=2 -Wformat-nonliteral -Wformat-security 	-Wimplicit-fallthrough=5 -Wduplicated-branches -Wtrampolines 	-Wdangling-else -Wshift-overflow=2 -Wswitch 	-Wunused-but-set-parameter -Wunused-const-variable=1 -Wuninitialized 	-Wstringop-overflow=3 -Woverlength-strings 	-Wunsafe-loop-optimizations -Wpointer-arith 	-Wfloat-equal -Wlogical-op 	-Wno-error=cast-align=strict -Wno-error=ignored-qualifiers 	-Wno-error=cast-function-type -Wno-error=deprecated-declarations 	-Wno-error=stringop-truncation -Wno-error=shadow -Wno-error=cast-qual 	-Wno-error=aggregate-return -Wno-error=missing-field-initializers 	-Wno-error=packed -Wno-error=vla -Wno-error=clobbered -Wno-error=unused-parameter 	-I/home/pli/builds/openpli-scarthgap-build-1-30-2025/openpli-oe-core/build/tmp/work/osmio4k-oe-linux-gnueabi/enigma2/3.12+git/recipe-sysroot/usr/include/freetype2 -I/home/pli/builds/openpli-scarthgap-build-1-30-2025/openpli-oe-core/build/tmp/work/osmio4k-oe-linux-gnueabi/enigma2/3.12+git/recipe-sysroot/usr/include/fribidi -I/home/pli/builds/openpli-scarthgap-build-1-30-2025/openpli-oe-core/build/tmp/work/osmio4k-oe-linux-gnueabi/enigma2/3.12+git/recipe-sysroot/usr/include/glib-2.0 -I/home/pli/builds/openpli-scarthgap-build-1-30-2025/openpli-oe-core/build/tmp/work/osmio4k-oe-linux-gnueabi/enigma2/3.12+git/recipe-sysroot/usr/lib/glib-2.0/include -I/home/pli/builds/openpli-scarthgap-build-1-30-2025/openpli-oe-core/build/tmp/work/osmio4k-oe-linux-gnueabi/enigma2/3.12+git/recipe-sysroot/usr/include/libpng16 -I/home/pli/builds/openpli-scarthgap-build-1-30-2025/openpli-oe-core/build/tmp/work/osmio4k-oe-linux-gnueabi/enigma2/3.12+git/recipe-sysroot/usr/include/libxml2 -I/home/pli/builds/openpli-scarthgap-build-1-30-2025/openpli-oe-core/build/tmp/work/osmio4k-oe-linux-gnueabi/enigma2/3.12+git/recipe-sysroot/usr/include/sigc++-3.0 -I/home/pli/builds/openpli-scarthgap-build-1-30-2025/openpli-oe-core/build/tmp/work/osmio4k-oe-linux-gnueabi/enigma2/3.12+git/recipe-sysroot/usr/lib/sigc++-3.0/include -fno-rtti -fno-exceptions -rdynamic -funwind-tables  -fopenmp  -MT driver/libenigma_driver_a-etimezone.o -MD -MP -MF driver/.deps/libenigma_driver_a-etimezone.Tpo -c -o driver/libenigma_driver_a-etimezone.o `test -f 'driver/etimezone.cpp' || echo '../../git/lib/'`driver/etimezone.cpp

mv -f gdi/.deps/libenigma_gdi_a-glcddc.Tpo gdi/.deps/libenigma_gdi_a-glcddc.Po

../../git/lib/gdi/picload.cpp: In function 'void m_rend_gif_decodecolormap(unsigned char*, unsigned char*, ColorMapObject*, int, int)':
../../git/lib/gdi/picload.cpp:527:104: warning: unused parameter 's' [-Wunused-parameter]
  527 | inline void m_rend_gif_decodecolormap(unsigned char *cmb, unsigned char *rgbb, ColorMapObject *cm, int s, int l)
      |                                                                                                    ~~~~^

/home/pli/builds/openpli-scarthgap-build-1-30-2025/openpli-oe-core/build/tmp/work/osmio4k-oe-linux-gnueabi/enigma2/3.12+git/recipe-sysroot/usr/include/c++/13.3.0/bits/stl_tree.h: In member function 'std::_Rb_tree<_Key, _Val, _KeyOfValue, _Compare, _Alloc>::iterator std::_Rb_tree<_Key, _Val, _KeyOfValue, _Compare, _Alloc>::_M_emplace_hint_unique(const_iterator, _Args&& ...) [with _Args = {std::pair<const std::__cxx11::basic_string<char, std::char_traits<char>, std::allocator<char> >, CacheItem>&}; _Key = std::__cxx11::basic_string<char>; _Val = std::pair<const std::__cxx11::basic_string<char>, CacheItem>; _KeyOfValue = std::_Select1st<std::pair<const std::__cxx11::basic_string<char>, CacheItem> >; _Compare = std::less<std::__cxx11::basic_string<char> >; _Alloc = std::allocator<std::pair<const std::__cxx11::basic_string<char>, CacheItem> >]':
/home/pli/builds/openpli-scarthgap-build-1-30-2025/openpli-oe-core/build/tmp/work/osmio4k-oe-linux-gnueabi/enigma2/3.12+git/recipe-sysroot/usr/include/c++/13.3.0/bits/stl_tree.h:2458:7: note: parameter passing for argument of type 'std::_Rb_tree<std::__cxx11::basic_string<char>, std::pair<const std::__cxx11::basic_string<char>, CacheItem>, std::_Select1st<std::pair<const std::__cxx11::basic_string<char>, CacheItem> >, std::less<std::__cxx11::basic_string<char> >, std::allocator<std::pair<const std::__cxx11::basic_string<char>, CacheItem> > >::const_iterator' changed in GCC 7.1
 2458 |       _Rb_tree<_Key, _Val, _KeyOfValue, _Compare, _Alloc>::
      |       ^~~~~~~~~~~~~~~~~~~~~~~~~~~~~~~~~~~~~~~~~~~~~~~~~~~

NOTE: Running task 6349 of 6378 (/home/pli/builds/openpli-scarthgap-build-1-30-2025/openpli-oe-core/meta-openpli/recipes-openpli/enigma2/enigma-info.bb:do_packagedata)
arm-oe-linux-gnueabi-g++  -march=armv7ve -mfpu=neon-vfpv4 -mfloat-abi=hard -D_TIME_BITS=64 -D_FILE_OFFSET_BITS=64 --sysroot=/home/pli/builds/openpli-scarthgap-build-1-30-2025/openpli-oe-core/build/tmp/work/osmio4k-oe-linux-gnueabi/enigma2/3.12+git/recipe-sysroot -std=gnu++17 -DHAVE_CONFIG_H -I. -I../../git/lib -I..  -I.. -I../../git -I../../git/include -DPY_SSIZE_T_CLEAN -include Python.h -include ../enigma2_config.h -I/home/pli/builds/openpli-scarthgap-build-1-30-2025/openpli-oe-core/build/tmp/work/osmio4k-oe-linux-gnueabi/enigma2/3.12+git/recipe-sysroot/usr/include/python3.12  -Os -pipe -g -feliminate-unused-debug-types -fcanon-prefix-map  -fmacro-prefix-map=/home/pli/builds/openpli-scarthgap-build-1-30-2025/openpli-oe-core/build/tmp/work/osmio4k-oe-linux-gnueabi/enigma2/3.12+git/git=/usr/src/debug/enigma2/3.12+git  -fdebug-prefix-map=/home/pli/builds/openpli-scarthgap-build-1-30-2025/openpli-oe-core/build/tmp/work/osmio4k-oe-linux-gnueabi/enigma2/3.12+git/git=/usr/src/debug/enigma2/3.12+git  -fmacro-prefix-map=/home/pli/builds/openpli-scarthgap-build-1-30-2025/openpli-oe-core/build/tmp/work/osmio4k-oe-linux-gnueabi/enigma2/3.12+git/build=/usr/src/debug/enigma2/3.12+git  -fdebug-prefix-map=/home/pli/builds/openpli-scarthgap-build-1-30-2025/openpli-oe-core/build/tmp/work/osmio4k-oe-linux-gnueabi/enigma2/3.12+git/build=/usr/src/debug/enigma2/3.12+git  -fdebug-prefix-map=/home/pli/builds/openpli-scarthgap-build-1-30-2025/openpli-oe-core/build/tmp/work/osmio4k-oe-linux-gnueabi/enigma2/3.12+git/recipe-sysroot=  -fmacro-prefix-map=/home/pli/builds/openpli-scarthgap-build-1-30-2025/openpli-oe-core/build/tmp/work/osmio4k-oe-linux-gnueabi/enigma2/3.12+git/recipe-sysroot=  -fdebug-prefix-map=/home/pli/builds/openpli-scarthgap-build-1-30-2025/openpli-oe-core/build/tmp/work/osmio4k-oe-linux-gnueabi/enigma2/3.12+git/recipe-sysroot-native=  -fvisibility-inlines-hidden -Wattribute-alias -Wattribute-alias=1 -Wall -Wextra -Werror 	-Wformat=2 -Wformat-overflow=2 -Wformat-nonliteral -Wformat-security 	-Wimplicit-fallthrough=5 -Wduplicated-branches -Wtrampolines 	-Wdangling-else -Wshift-overflow=2 -Wswitch 	-Wunused-but-set-parameter -Wunused-const-variable=1 -Wuninitialized 	-Wstringop-overflow=3 -Woverlength-strings 	-Wunsafe-loop-optimizations -Wpointer-arith 	-Wfloat-equal -Wlogical-op 	-Wno-error=cast-align=strict -Wno-error=ignored-qualifiers 	-Wno-error=cast-function-type -Wno-error=deprecated-declarations 	-Wno-error=stringop-truncation -Wno-error=shadow -Wno-error=cast-qual 	-Wno-error=aggregate-return -Wno-error=missing-field-initializers 	-Wno-error=packed -Wno-error=vla -Wno-error=clobbered -Wno-error=unused-parameter 	-I/home/pli/builds/openpli-scarthgap-build-1-30-2025/openpli-oe-core/build/tmp/work/osmio4k-oe-linux-gnueabi/enigma2/3.12+git/recipe-sysroot/usr/include/freetype2 -I/home/pli/builds/openpli-scarthgap-build-1-30-2025/openpli-oe-core/build/tmp/work/osmio4k-oe-linux-gnueabi/enigma2/3.12+git/recipe-sysroot/usr/include/fribidi -I/home/pli/builds/openpli-scarthgap-build-1-30-2025/openpli-oe-core/build/tmp/work/osmio4k-oe-linux-gnueabi/enigma2/3.12+git/recipe-sysroot/usr/include/glib-2.0 -I/home/pli/builds/openpli-scarthgap-build-1-30-2025/openpli-oe-core/build/tmp/work/osmio4k-oe-linux-gnueabi/enigma2/3.12+git/recipe-sysroot/usr/lib/glib-2.0/include -I/home/pli/builds/openpli-scarthgap-build-1-30-2025/openpli-oe-core/build/tmp/work/osmio4k-oe-linux-gnueabi/enigma2/3.12+git/recipe-sysroot/usr/include/libpng16 -I/home/pli/builds/openpli-scarthgap-build-1-30-2025/openpli-oe-core/build/tmp/work/osmio4k-oe-linux-gnueabi/enigma2/3.12+git/recipe-sysroot/usr/include/libxml2 -I/home/pli/builds/openpli-scarthgap-build-1-30-2025/openpli-oe-core/build/tmp/work/osmio4k-oe-linux-gnueabi/enigma2/3.12+git/recipe-sysroot/usr/include/sigc++-3.0 -I/home/pli/builds/openpli-scarthgap-build-1-30-2025/openpli-oe-core/build/tmp/work/osmio4k-oe-linux-gnueabi/enigma2/3.12+git/recipe-sysroot/usr/lib/sigc++-3.0/include -fno-rtti -fno-exceptions -rdynamic -funwind-tables  -fopenmp  -MT driver/libenigma_driver_a-misc_options.o -MD -MP -MF driver/.deps/libenigma_driver_a-misc_options.Tpo -c -o driver/libenigma_driver_a-misc_options.o `test -f 'driver/misc_options.cpp' || echo '../../git/lib/'`driver/misc_options.cpp

arm-oe-linux-gnueabi-g++  -march=armv7ve -mfpu=neon-vfpv4 -mfloat-abi=hard -D_TIME_BITS=64 -D_FILE_OFFSET_BITS=64 --sysroot=/home/pli/builds/openpli-scarthgap-build-1-30-2025/openpli-oe-core/build/tmp/work/osmio4k-oe-linux-gnueabi/enigma2/3.12+git/recipe-sysroot -std=gnu++17 -DHAVE_CONFIG_H -I. -I../../git/lib -I..  -I.. -I../../git -I../../git/include -DPY_SSIZE_T_CLEAN -include Python.h -include ../enigma2_config.h -I/home/pli/builds/openpli-scarthgap-build-1-30-2025/openpli-oe-core/build/tmp/work/osmio4k-oe-linux-gnueabi/enigma2/3.12+git/recipe-sysroot/usr/include/python3.12  -Os -pipe -g -feliminate-unused-debug-types -fcanon-prefix-map  -fmacro-prefix-map=/home/pli/builds/openpli-scarthgap-build-1-30-2025/openpli-oe-core/build/tmp/work/osmio4k-oe-linux-gnueabi/enigma2/3.12+git/git=/usr/src/debug/enigma2/3.12+git  -fdebug-prefix-map=/home/pli/builds/openpli-scarthgap-build-1-30-2025/openpli-oe-core/build/tmp/work/osmio4k-oe-linux-gnueabi/enigma2/3.12+git/git=/usr/src/debug/enigma2/3.12+git  -fmacro-prefix-map=/home/pli/builds/openpli-scarthgap-build-1-30-2025/openpli-oe-core/build/tmp/work/osmio4k-oe-linux-gnueabi/enigma2/3.12+git/build=/usr/src/debug/enigma2/3.12+git  -fdebug-prefix-map=/home/pli/builds/openpli-scarthgap-build-1-30-2025/openpli-oe-core/build/tmp/work/osmio4k-oe-linux-gnueabi/enigma2/3.12+git/build=/usr/src/debug/enigma2/3.12+git  -fdebug-prefix-map=/home/pli/builds/openpli-scarthgap-build-1-30-2025/openpli-oe-core/build/tmp/work/osmio4k-oe-linux-gnueabi/enigma2/3.12+git/recipe-sysroot=  -fmacro-prefix-map=/home/pli/builds/openpli-scarthgap-build-1-30-2025/openpli-oe-core/build/tmp/work/osmio4k-oe-linux-gnueabi/enigma2/3.12+git/recipe-sysroot=  -fdebug-prefix-map=/home/pli/builds/openpli-scarthgap-build-1-30-2025/openpli-oe-core/build/tmp/work/osmio4k-oe-linux-gnueabi/enigma2/3.12+git/recipe-sysroot-native=  -fvisibility-inlines-hidden -Wattribute-alias -Wattribute-alias=1 -Wall -Wextra -Werror 	-Wformat=2 -Wformat-overflow=2 -Wformat-nonliteral -Wformat-security 	-Wimplicit-fallthrough=5 -Wduplicated-branches -Wtrampolines 	-Wdangling-else -Wshift-overflow=2 -Wswitch 	-Wunused-but-set-parameter -Wunused-const-variable=1 -Wuninitialized 	-Wstringop-overflow=3 -Woverlength-strings 	-Wunsafe-loop-optimizations -Wpointer-arith 	-Wfloat-equal -Wlogical-op 	-Wno-error=cast-align=strict -Wno-error=ignored-qualifiers 	-Wno-error=cast-function-type -Wno-error=deprecated-declarations 	-Wno-error=stringop-truncation -Wno-error=shadow -Wno-error=cast-qual 	-Wno-error=aggregate-return -Wno-error=missing-field-initializers 	-Wno-error=packed -Wno-error=vla -Wno-error=clobbered -Wno-error=unused-parameter 	-I/home/pli/builds/openpli-scarthgap-build-1-30-2025/openpli-oe-core/build/tmp/work/osmio4k-oe-linux-gnueabi/enigma2/3.12+git/recipe-sysroot/usr/include/freetype2 -I/home/pli/builds/openpli-scarthgap-build-1-30-2025/openpli-oe-core/build/tmp/work/osmio4k-oe-linux-gnueabi/enigma2/3.12+git/recipe-sysroot/usr/include/fribidi -I/home/pli/builds/openpli-scarthgap-build-1-30-2025/openpli-oe-core/build/tmp/work/osmio4k-oe-linux-gnueabi/enigma2/3.12+git/recipe-sysroot/usr/include/glib-2.0 -I/home/pli/builds/openpli-scarthgap-build-1-30-2025/openpli-oe-core/build/tmp/work/osmio4k-oe-linux-gnueabi/enigma2/3.12+git/recipe-sysroot/usr/lib/glib-2.0/include -I/home/pli/builds/openpli-scarthgap-build-1-30-2025/openpli-oe-core/build/tmp/work/osmio4k-oe-linux-gnueabi/enigma2/3.12+git/recipe-sysroot/usr/include/libpng16 -I/home/pli/builds/openpli-scarthgap-build-1-30-2025/openpli-oe-core/build/tmp/work/osmio4k-oe-linux-gnueabi/enigma2/3.12+git/recipe-sysroot/usr/include/libxml2 -I/home/pli/builds/openpli-scarthgap-build-1-30-2025/openpli-oe-core/build/tmp/work/osmio4k-oe-linux-gnueabi/enigma2/3.12+git/recipe-sysroot/usr/include/sigc++-3.0 -I/home/pli/builds/openpli-scarthgap-build-1-30-2025/openpli-oe-core/build/tmp/work/osmio4k-oe-linux-gnueabi/enigma2/3.12+git/recipe-sysroot/usr/lib/sigc++-3.0/include -fno-rtti -fno-exceptions -rdynamic -funwind-tables  -fopenmp  -MT driver/libenigma_driver_a-rc.o -MD -MP -MF driver/.deps/libenigma_driver_a-rc.Tpo -c -o driver/libenigma_driver_a-rc.o `test -f 'driver/rc.cpp' || echo '../../git/lib/'`driver/rc.cpp

mv -f gdi/.deps/libenigma_gdi_a-gmaindc.Tpo gdi/.deps/libenigma_gdi_a-gmaindc.Po

arm-oe-linux-gnueabi-g++  -march=armv7ve -mfpu=neon-vfpv4 -mfloat-abi=hard -D_TIME_BITS=64 -D_FILE_OFFSET_BITS=64 --sysroot=/home/pli/builds/openpli-scarthgap-build-1-30-2025/openpli-oe-core/build/tmp/work/osmio4k-oe-linux-gnueabi/enigma2/3.12+git/recipe-sysroot -std=gnu++17 -DHAVE_CONFIG_H -I. -I../../git/lib -I..  -I.. -I../../git -I../../git/include -DPY_SSIZE_T_CLEAN -include Python.h -include ../enigma2_config.h -I/home/pli/builds/openpli-scarthgap-build-1-30-2025/openpli-oe-core/build/tmp/work/osmio4k-oe-linux-gnueabi/enigma2/3.12+git/recipe-sysroot/usr/include/python3.12  -Os -pipe -g -feliminate-unused-debug-types -fcanon-prefix-map  -fmacro-prefix-map=/home/pli/builds/openpli-scarthgap-build-1-30-2025/openpli-oe-core/build/tmp/work/osmio4k-oe-linux-gnueabi/enigma2/3.12+git/git=/usr/src/debug/enigma2/3.12+git  -fdebug-prefix-map=/home/pli/builds/openpli-scarthgap-build-1-30-2025/openpli-oe-core/build/tmp/work/osmio4k-oe-linux-gnueabi/enigma2/3.12+git/git=/usr/src/debug/enigma2/3.12+git  -fmacro-prefix-map=/home/pli/builds/openpli-scarthgap-build-1-30-2025/openpli-oe-core/build/tmp/work/osmio4k-oe-linux-gnueabi/enigma2/3.12+git/build=/usr/src/debug/enigma2/3.12+git  -fdebug-prefix-map=/home/pli/builds/openpli-scarthgap-build-1-30-2025/openpli-oe-core/build/tmp/work/osmio4k-oe-linux-gnueabi/enigma2/3.12+git/build=/usr/src/debug/enigma2/3.12+git  -fdebug-prefix-map=/home/pli/builds/openpli-scarthgap-build-1-30-2025/openpli-oe-core/build/tmp/work/osmio4k-oe-linux-gnueabi/enigma2/3.12+git/recipe-sysroot=  -fmacro-prefix-map=/home/pli/builds/openpli-scarthgap-build-1-30-2025/openpli-oe-core/build/tmp/work/osmio4k-oe-linux-gnueabi/enigma2/3.12+git/recipe-sysroot=  -fdebug-prefix-map=/home/pli/builds/openpli-scarthgap-build-1-30-2025/openpli-oe-core/build/tmp/work/osmio4k-oe-linux-gnueabi/enigma2/3.12+git/recipe-sysroot-native=  -fvisibility-inlines-hidden -Wattribute-alias -Wattribute-alias=1 -Wall -Wextra -Werror 	-Wformat=2 -Wformat-overflow=2 -Wformat-nonliteral -Wformat-security 	-Wimplicit-fallthrough=5 -Wduplicated-branches -Wtrampolines 	-Wdangling-else -Wshift-overflow=2 -Wswitch 	-Wunused-but-set-parameter -Wunused-const-variable=1 -Wuninitialized 	-Wstringop-overflow=3 -Woverlength-strings 	-Wunsafe-loop-optimizations -Wpointer-arith 	-Wfloat-equal -Wlogical-op 	-Wno-error=cast-align=strict -Wno-error=ignored-qualifiers 	-Wno-error=cast-function-type -Wno-error=deprecated-declarations 	-Wno-error=stringop-truncation -Wno-error=shadow -Wno-error=cast-qual 	-Wno-error=aggregate-return -Wno-error=missing-field-initializers 	-Wno-error=packed -Wno-error=vla -Wno-error=clobbered -Wno-error=unused-parameter 	-I/home/pli/builds/openpli-scarthgap-build-1-30-2025/openpli-oe-core/build/tmp/work/osmio4k-oe-linux-gnueabi/enigma2/3.12+git/recipe-sysroot/usr/include/freetype2 -I/home/pli/builds/openpli-scarthgap-build-1-30-2025/openpli-oe-core/build/tmp/work/osmio4k-oe-linux-gnueabi/enigma2/3.12+git/recipe-sysroot/usr/include/fribidi -I/home/pli/builds/openpli-scarthgap-build-1-30-2025/openpli-oe-core/build/tmp/work/osmio4k-oe-linux-gnueabi/enigma2/3.12+git/recipe-sysroot/usr/include/glib-2.0 -I/home/pli/builds/openpli-scarthgap-build-1-30-2025/openpli-oe-core/build/tmp/work/osmio4k-oe-linux-gnueabi/enigma2/3.12+git/recipe-sysroot/usr/lib/glib-2.0/include -I/home/pli/builds/openpli-scarthgap-build-1-30-2025/openpli-oe-core/build/tmp/work/osmio4k-oe-linux-gnueabi/enigma2/3.12+git/recipe-sysroot/usr/include/libpng16 -I/home/pli/builds/openpli-scarthgap-build-1-30-2025/openpli-oe-core/build/tmp/work/osmio4k-oe-linux-gnueabi/enigma2/3.12+git/recipe-sysroot/usr/include/libxml2 -I/home/pli/builds/openpli-scarthgap-build-1-30-2025/openpli-oe-core/build/tmp/work/osmio4k-oe-linux-gnueabi/enigma2/3.12+git/recipe-sysroot/usr/include/sigc++-3.0 -I/home/pli/builds/openpli-scarthgap-build-1-30-2025/openpli-oe-core/build/tmp/work/osmio4k-oe-linux-gnueabi/enigma2/3.12+git/recipe-sysroot/usr/lib/sigc++-3.0/include -fno-rtti -fno-exceptions -rdynamic -funwind-tables  -fopenmp  -MT driver/libenigma_driver_a-rcinput.o -MD -MP -MF driver/.deps/libenigma_driver_a-rcinput.Tpo -c -o driver/libenigma_driver_a-rcinput.o `test -f 'driver/rcinput.cpp' || echo '../../git/lib/'`driver/rcinput.cpp

In member function 'std::map<_Key, _Tp, _Compare, _Alloc>::iterator std::map<_Key, _Tp, _Compare, _Alloc>::erase(iterator) [with _Key = std::__cxx11::basic_string<char>; _Tp = CacheItem; _Compare = std::less<std::__cxx11::basic_string<char> >; _Alloc = std::allocator<std::pair<const std::__cxx11::basic_string<char>, CacheItem> >]',
    inlined from 'static void PixmapCache::Set(const char*, gPixmap*)' at ../../git/lib/gdi/pixmapcache.cpp:140:24:
/home/pli/builds/openpli-scarthgap-build-1-30-2025/openpli-oe-core/build/tmp/work/osmio4k-oe-linux-gnueabi/enigma2/3.12+git/recipe-sysroot/usr/include/c++/13.3.0/bits/stl_map.h:1088:26: note: parameter passing for argument of type 'std::map<std::__cxx11::basic_string<char>, CacheItem>::iterator' {aka 'std::_Rb_tree<std::__cxx11::basic_string<char>, std::pair<const std::__cxx11::basic_string<char>, CacheItem>, std::_Select1st<std::pair<const std::__cxx11::basic_string<char>, CacheItem> >, std::less<std::__cxx11::basic_string<char> >, std::allocator<std::pair<const std::__cxx11::basic_string<char>, CacheItem> > >::iterator'} changed in GCC 7.1
 1088 |       { return _M_t.erase(__position); }
      |                ~~~~~~~~~~^~~~~~~~~~~~

In member function 'std::map<_Key, _Tp, _Compare, _Alloc>::iterator std::map<_Key, _Tp, _Compare, _Alloc>::emplace_hint(const_iterator, _Args&& ...) [with _Args = {std::pair<const std::__cxx11::basic_string<char, std::char_traits<char>, std::allocator<char> >, CacheItem>&}; _Key = std::__cxx11::basic_string<char>; _Tp = CacheItem; _Compare = std::less<std::__cxx11::basic_string<char> >; _Alloc = std::allocator<std::pair<const std::__cxx11::basic_string<char>, CacheItem> >]',
    inlined from 'std::__enable_if_t<std::is_constructible<std::pair<const _Key, _Tp>, _Pair>::value, std::pair<typename std::_Rb_tree<_Key, std::pair<const _Key, _Tp>, std::_Select1st<std::pair<const _Key, _Tp> >, _Compare, typename __gnu_cxx::__alloc_traits<_Alloc>::rebind<std::pair<const _Key, _Tp> >::other>::iterator, bool> > std::map<_Key, _Tp, _Compare, _Alloc>::insert(_Pair&&) [with _Pair = std::pair<const std::__cxx11::basic_string<char>, CacheItem>&; _Key = std::__cxx11::basic_string<char>; _Tp = CacheItem; _Compare = std::less<std::__cxx11::basic_string<char> >; _Alloc = std::allocator<std::pair<const std::__cxx11::basic_string<char>, CacheItem> >]' at /home/pli/builds/openpli-scarthgap-build-1-30-2025/openpli-oe-core/build/tmp/work/osmio4k-oe-linux-gnueabi/enigma2/3.12+git/recipe-sysroot/usr/include/c++/13.3.0/bits/stl_map.h:860:27,
    inlined from 'static void PixmapCache::Set(const char*, gPixmap*)' at ../../git/lib/gdi/pixmapcache.cpp:148:23:
/home/pli/builds/openpli-scarthgap-build-1-30-2025/openpli-oe-core/build/tmp/work/osmio4k-oe-linux-gnueabi/enigma2/3.12+git/recipe-sysroot/usr/include/c++/13.3.0/bits/stl_map.h:640:45: note: parameter passing for argument of type 'std::map<std::__cxx11::basic_string<char>, CacheItem>::const_iterator' {aka 'std::_Rb_tree<std::__cxx11::basic_string<char>, std::pair<const std::__cxx11::basic_string<char>, CacheItem>, std::_Select1st<std::pair<const std::__cxx11::basic_string<char>, CacheItem> >, std::less<std::__cxx11::basic_string<char> >, std::allocator<std::pair<const std::__cxx11::basic_string<char>, CacheItem> > >::const_iterator'} changed in GCC 7.1
  640 |           return _M_t._M_emplace_hint_unique(__pos,
      |                  ~~~~~~~~~~~~~~~~~~~~~~~~~~~^~~~~~~
  641 |                                              std::forward<_Args>(__args)...);
      |                                              ~~~~~~~~~~~~~~~~~~~~~~~~~~~~~~~

../../git/lib/gdi/picload.cpp: In function 'int loadPic(ePtr<gPixmap>&, std::string, int, int, int, int, int, int, std::string)':
../../git/lib/gdi/picload.cpp:1450:116: warning: unused parameter 'rotate' [-Wunused-parameter]
 1450 | SWIG_VOID(int) loadPic(ePtr<gPixmap> &result, std::string filename, int x, int y, int aspect, int resize_mode, int rotate, int background, std::string cachefile)
      |                                                                                                                ~~~~^~~~~~

../../git/lib/gdi/picload.cpp:1450:152: warning: unused parameter 'cachefile' [-Wunused-parameter]
 1450 | SWIG_VOID(int) loadPic(ePtr<gPixmap> &result, std::string filename, int x, int y, int aspect, int resize_mode, int rotate, int background, std::string cachefile)
      |                                                                                                                                            ~~~~~~~~~~~~^~~~~~~~~

In file included from ../../git/lib/gdi/grc.cpp:4:
../../git/lib/gdi/font.h:194:9: warning: type qualifiers ignored on function return type [-Wignored-qualifiers]
  194 |         const int size() const
      |         ^~~~~

../../git/lib/gdi/grc.cpp: In member function 'void gRC::recv_notify(const int&)':
../../git/lib/gdi/grc.cpp:236:34: warning: unused parameter 'i' [-Wunused-parameter]
  236 | void gRC::recv_notify(const int &i)
      |                       ~~~~~~~~~~~^

../../git/lib/gdi/grc.cpp: In constructor 'gPainter::gPainter(gDC*, eRect)':
../../git/lib/gdi/grc.cpp:287:35: warning: unused parameter 'rect' [-Wunused-parameter]
  287 | gPainter::gPainter(gDC *dc, eRect rect) : m_dc(dc), m_rc(gRC::getInstance())
      |                             ~~~~~~^~~~

../../git/lib/gdi/grc.cpp: In member function 'void gPainter::renderText(const eRect&, const std::string&, int, gRGB, int, int, int*)':
../../git/lib/gdi/grc.cpp:407:117: warning: unused parameter 'markedpos' [-Wunused-parameter]
  407 | void gPainter::renderText(const eRect &pos, const std::string &string, int flags, gRGB bordercolor, int border, int markedpos, int *offset)
      |                                                                                                                 ~~~~^~~~~~~~~

../../git/lib/gdi/grc.cpp:407:133: warning: unused parameter 'offset' [-Wunused-parameter]
  407 | void gPainter::renderText(const eRect &pos, const std::string &string, int flags, gRGB bordercolor, int border, int markedpos, int *offset)
      |                                                                                                                                ~~~~~^~~~~~

mv -f gdi/.deps/libenigma_gdi_a-picexif.Tpo gdi/.deps/libenigma_gdi_a-picexif.Po

In file included from ../../git/lib/dvb/dvb.h:12,
                 from ../../git/lib/dvb/pmt.h:8,
                 from ../../git/lib/service/servicedvb.h:7:
../../git/lib/dvb/tstools.h: In member function 'virtual RESULT eTSFileSectionReader::setBufferSize(int)':
../../git/lib/dvb/tstools.h:29:34: warning: unused parameter 'size' [-Wunused-parameter]
   29 |         RESULT setBufferSize(int size) { return 0; }
      |                              ~~~~^~~~

arm-oe-linux-gnueabi-g++  -march=armv7ve -mfpu=neon-vfpv4 -mfloat-abi=hard -D_TIME_BITS=64 -D_FILE_OFFSET_BITS=64 --sysroot=/home/pli/builds/openpli-scarthgap-build-1-30-2025/openpli-oe-core/build/tmp/work/osmio4k-oe-linux-gnueabi/enigma2/3.12+git/recipe-sysroot -std=gnu++17 -DHAVE_CONFIG_H -I. -I../../git/lib -I..  -I.. -I../../git -I../../git/include -DPY_SSIZE_T_CLEAN -include Python.h -include ../enigma2_config.h -I/home/pli/builds/openpli-scarthgap-build-1-30-2025/openpli-oe-core/build/tmp/work/osmio4k-oe-linux-gnueabi/enigma2/3.12+git/recipe-sysroot/usr/include/python3.12  -Os -pipe -g -feliminate-unused-debug-types -fcanon-prefix-map  -fmacro-prefix-map=/home/pli/builds/openpli-scarthgap-build-1-30-2025/openpli-oe-core/build/tmp/work/osmio4k-oe-linux-gnueabi/enigma2/3.12+git/git=/usr/src/debug/enigma2/3.12+git  -fdebug-prefix-map=/home/pli/builds/openpli-scarthgap-build-1-30-2025/openpli-oe-core/build/tmp/work/osmio4k-oe-linux-gnueabi/enigma2/3.12+git/git=/usr/src/debug/enigma2/3.12+git  -fmacro-prefix-map=/home/pli/builds/openpli-scarthgap-build-1-30-2025/openpli-oe-core/build/tmp/work/osmio4k-oe-linux-gnueabi/enigma2/3.12+git/build=/usr/src/debug/enigma2/3.12+git  -fdebug-prefix-map=/home/pli/builds/openpli-scarthgap-build-1-30-2025/openpli-oe-core/build/tmp/work/osmio4k-oe-linux-gnueabi/enigma2/3.12+git/build=/usr/src/debug/enigma2/3.12+git  -fdebug-prefix-map=/home/pli/builds/openpli-scarthgap-build-1-30-2025/openpli-oe-core/build/tmp/work/osmio4k-oe-linux-gnueabi/enigma2/3.12+git/recipe-sysroot=  -fmacro-prefix-map=/home/pli/builds/openpli-scarthgap-build-1-30-2025/openpli-oe-core/build/tmp/work/osmio4k-oe-linux-gnueabi/enigma2/3.12+git/recipe-sysroot=  -fdebug-prefix-map=/home/pli/builds/openpli-scarthgap-build-1-30-2025/openpli-oe-core/build/tmp/work/osmio4k-oe-linux-gnueabi/enigma2/3.12+git/recipe-sysroot-native=  -fvisibility-inlines-hidden -Wattribute-alias -Wattribute-alias=1 -Wall -Wextra -Werror 	-Wformat=2 -Wformat-overflow=2 -Wformat-nonliteral -Wformat-security 	-Wimplicit-fallthrough=5 -Wduplicated-branches -Wtrampolines 	-Wdangling-else -Wshift-overflow=2 -Wswitch 	-Wunused-but-set-parameter -Wunused-const-variable=1 -Wuninitialized 	-Wstringop-overflow=3 -Woverlength-strings 	-Wunsafe-loop-optimizations -Wpointer-arith 	-Wfloat-equal -Wlogical-op 	-Wno-error=cast-align=strict -Wno-error=ignored-qualifiers 	-Wno-error=cast-function-type -Wno-error=deprecated-declarations 	-Wno-error=stringop-truncation -Wno-error=shadow -Wno-error=cast-qual 	-Wno-error=aggregate-return -Wno-error=missing-field-initializers 	-Wno-error=packed -Wno-error=vla -Wno-error=clobbered -Wno-error=unused-parameter 	-I/home/pli/builds/openpli-scarthgap-build-1-30-2025/openpli-oe-core/build/tmp/work/osmio4k-oe-linux-gnueabi/enigma2/3.12+git/recipe-sysroot/usr/include/freetype2 -I/home/pli/builds/openpli-scarthgap-build-1-30-2025/openpli-oe-core/build/tmp/work/osmio4k-oe-linux-gnueabi/enigma2/3.12+git/recipe-sysroot/usr/include/fribidi -I/home/pli/builds/openpli-scarthgap-build-1-30-2025/openpli-oe-core/build/tmp/work/osmio4k-oe-linux-gnueabi/enigma2/3.12+git/recipe-sysroot/usr/include/glib-2.0 -I/home/pli/builds/openpli-scarthgap-build-1-30-2025/openpli-oe-core/build/tmp/work/osmio4k-oe-linux-gnueabi/enigma2/3.12+git/recipe-sysroot/usr/lib/glib-2.0/include -I/home/pli/builds/openpli-scarthgap-build-1-30-2025/openpli-oe-core/build/tmp/work/osmio4k-oe-linux-gnueabi/enigma2/3.12+git/recipe-sysroot/usr/include/libpng16 -I/home/pli/builds/openpli-scarthgap-build-1-30-2025/openpli-oe-core/build/tmp/work/osmio4k-oe-linux-gnueabi/enigma2/3.12+git/recipe-sysroot/usr/include/libxml2 -I/home/pli/builds/openpli-scarthgap-build-1-30-2025/openpli-oe-core/build/tmp/work/osmio4k-oe-linux-gnueabi/enigma2/3.12+git/recipe-sysroot/usr/include/sigc++-3.0 -I/home/pli/builds/openpli-scarthgap-build-1-30-2025/openpli-oe-core/build/tmp/work/osmio4k-oe-linux-gnueabi/enigma2/3.12+git/recipe-sysroot/usr/lib/sigc++-3.0/include -fno-rtti -fno-exceptions -rdynamic -funwind-tables  -fopenmp  -MT driver/libenigma_driver_a-rfmod.o -MD -MP -MF driver/.deps/libenigma_driver_a-rfmod.Tpo -c -o driver/libenigma_driver_a-rfmod.o `test -f 'driver/rfmod.cpp' || echo '../../git/lib/'`driver/rfmod.cpp

mv -f gdi/.deps/libenigma_gdi_a-compositing.Tpo gdi/.deps/libenigma_gdi_a-compositing.Po

mv -f gdi/.deps/libenigma_gdi_a-pixmapcache.Tpo gdi/.deps/libenigma_gdi_a-pixmapcache.Po

In file included from ../../git/lib/gdi/picload.h:8,
                 from ../../git/lib/gdi/picload.cpp:7:
../../git/lib/base/message.h: In instantiation of 'eFixedMessagePump<T>::eFixedMessagePump(eMainloop*, int) [with T = ePicLoad::Message]':
../../git/lib/gdi/picload.cpp:737:2:   required from here
../../git/lib/base/message.h:108:51: warning: unused parameter 'mt' [-Wunused-parameter]
  108 |         eFixedMessagePump(eMainloop *context, int mt):
      |                                               ~~~~^~

arm-oe-linux-gnueabi-g++  -march=armv7ve -mfpu=neon-vfpv4 -mfloat-abi=hard -D_TIME_BITS=64 -D_FILE_OFFSET_BITS=64 --sysroot=/home/pli/builds/openpli-scarthgap-build-1-30-2025/openpli-oe-core/build/tmp/work/osmio4k-oe-linux-gnueabi/enigma2/3.12+git/recipe-sysroot -std=gnu++17 -DHAVE_CONFIG_H -I. -I../../git/lib -I..  -I.. -I../../git -I../../git/include -DPY_SSIZE_T_CLEAN -include Python.h -include ../enigma2_config.h -I/home/pli/builds/openpli-scarthgap-build-1-30-2025/openpli-oe-core/build/tmp/work/osmio4k-oe-linux-gnueabi/enigma2/3.12+git/recipe-sysroot/usr/include/python3.12  -Os -pipe -g -feliminate-unused-debug-types -fcanon-prefix-map  -fmacro-prefix-map=/home/pli/builds/openpli-scarthgap-build-1-30-2025/openpli-oe-core/build/tmp/work/osmio4k-oe-linux-gnueabi/enigma2/3.12+git/git=/usr/src/debug/enigma2/3.12+git  -fdebug-prefix-map=/home/pli/builds/openpli-scarthgap-build-1-30-2025/openpli-oe-core/build/tmp/work/osmio4k-oe-linux-gnueabi/enigma2/3.12+git/git=/usr/src/debug/enigma2/3.12+git  -fmacro-prefix-map=/home/pli/builds/openpli-scarthgap-build-1-30-2025/openpli-oe-core/build/tmp/work/osmio4k-oe-linux-gnueabi/enigma2/3.12+git/build=/usr/src/debug/enigma2/3.12+git  -fdebug-prefix-map=/home/pli/builds/openpli-scarthgap-build-1-30-2025/openpli-oe-core/build/tmp/work/osmio4k-oe-linux-gnueabi/enigma2/3.12+git/build=/usr/src/debug/enigma2/3.12+git  -fdebug-prefix-map=/home/pli/builds/openpli-scarthgap-build-1-30-2025/openpli-oe-core/build/tmp/work/osmio4k-oe-linux-gnueabi/enigma2/3.12+git/recipe-sysroot=  -fmacro-prefix-map=/home/pli/builds/openpli-scarthgap-build-1-30-2025/openpli-oe-core/build/tmp/work/osmio4k-oe-linux-gnueabi/enigma2/3.12+git/recipe-sysroot=  -fdebug-prefix-map=/home/pli/builds/openpli-scarthgap-build-1-30-2025/openpli-oe-core/build/tmp/work/osmio4k-oe-linux-gnueabi/enigma2/3.12+git/recipe-sysroot-native=  -fvisibility-inlines-hidden -Wattribute-alias -Wattribute-alias=1 -Wall -Wextra -Werror 	-Wformat=2 -Wformat-overflow=2 -Wformat-nonliteral -Wformat-security 	-Wimplicit-fallthrough=5 -Wduplicated-branches -Wtrampolines 	-Wdangling-else -Wshift-overflow=2 -Wswitch 	-Wunused-but-set-parameter -Wunused-const-variable=1 -Wuninitialized 	-Wstringop-overflow=3 -Woverlength-strings 	-Wunsafe-loop-optimizations -Wpointer-arith 	-Wfloat-equal -Wlogical-op 	-Wno-error=cast-align=strict -Wno-error=ignored-qualifiers 	-Wno-error=cast-function-type -Wno-error=deprecated-declarations 	-Wno-error=stringop-truncation -Wno-error=shadow -Wno-error=cast-qual 	-Wno-error=aggregate-return -Wno-error=missing-field-initializers 	-Wno-error=packed -Wno-error=vla -Wno-error=clobbered -Wno-error=unused-parameter 	-I/home/pli/builds/openpli-scarthgap-build-1-30-2025/openpli-oe-core/build/tmp/work/osmio4k-oe-linux-gnueabi/enigma2/3.12+git/recipe-sysroot/usr/include/freetype2 -I/home/pli/builds/openpli-scarthgap-build-1-30-2025/openpli-oe-core/build/tmp/work/osmio4k-oe-linux-gnueabi/enigma2/3.12+git/recipe-sysroot/usr/include/fribidi -I/home/pli/builds/openpli-scarthgap-build-1-30-2025/openpli-oe-core/build/tmp/work/osmio4k-oe-linux-gnueabi/enigma2/3.12+git/recipe-sysroot/usr/include/glib-2.0 -I/home/pli/builds/openpli-scarthgap-build-1-30-2025/openpli-oe-core/build/tmp/work/osmio4k-oe-linux-gnueabi/enigma2/3.12+git/recipe-sysroot/usr/lib/glib-2.0/include -I/home/pli/builds/openpli-scarthgap-build-1-30-2025/openpli-oe-core/build/tmp/work/osmio4k-oe-linux-gnueabi/enigma2/3.12+git/recipe-sysroot/usr/include/libpng16 -I/home/pli/builds/openpli-scarthgap-build-1-30-2025/openpli-oe-core/build/tmp/work/osmio4k-oe-linux-gnueabi/enigma2/3.12+git/recipe-sysroot/usr/include/libxml2 -I/home/pli/builds/openpli-scarthgap-build-1-30-2025/openpli-oe-core/build/tmp/work/osmio4k-oe-linux-gnueabi/enigma2/3.12+git/recipe-sysroot/usr/include/sigc++-3.0 -I/home/pli/builds/openpli-scarthgap-build-1-30-2025/openpli-oe-core/build/tmp/work/osmio4k-oe-linux-gnueabi/enigma2/3.12+git/recipe-sysroot/usr/lib/sigc++-3.0/include -fno-rtti -fno-exceptions -rdynamic -funwind-tables  -fopenmp  -MT driver/libenigma_driver_a-hdmi_cec.o -MD -MP -MF driver/.deps/libenigma_driver_a-hdmi_cec.Tpo -c -o driver/libenigma_driver_a-hdmi_cec.o `test -f 'driver/hdmi_cec.cpp' || echo '../../git/lib/'`driver/hdmi_cec.cpp

depbase=`echo nav/core.o | sed 's|[^/]*$|.deps/&|;s|\.o$||'`;\
arm-oe-linux-gnueabi-g++  -march=armv7ve -mfpu=neon-vfpv4 -mfloat-abi=hard -D_TIME_BITS=64 -D_FILE_OFFSET_BITS=64 --sysroot=/home/pli/builds/openpli-scarthgap-build-1-30-2025/openpli-oe-core/build/tmp/work/osmio4k-oe-linux-gnueabi/enigma2/3.12+git/recipe-sysroot -std=gnu++17 -DHAVE_CONFIG_H -I. -I../../git/lib -I..  -I.. -I../../git -I../../git/include -DPY_SSIZE_T_CLEAN -include Python.h -include ../enigma2_config.h -I/home/pli/builds/openpli-scarthgap-build-1-30-2025/openpli-oe-core/build/tmp/work/osmio4k-oe-linux-gnueabi/enigma2/3.12+git/recipe-sysroot/usr/include/python3.12  -Os -pipe -g -feliminate-unused-debug-types -fcanon-prefix-map  -fmacro-prefix-map=/home/pli/builds/openpli-scarthgap-build-1-30-2025/openpli-oe-core/build/tmp/work/osmio4k-oe-linux-gnueabi/enigma2/3.12+git/git=/usr/src/debug/enigma2/3.12+git  -fdebug-prefix-map=/home/pli/builds/openpli-scarthgap-build-1-30-2025/openpli-oe-core/build/tmp/work/osmio4k-oe-linux-gnueabi/enigma2/3.12+git/git=/usr/src/debug/enigma2/3.12+git  -fmacro-prefix-map=/home/pli/builds/openpli-scarthgap-build-1-30-2025/openpli-oe-core/build/tmp/work/osmio4k-oe-linux-gnueabi/enigma2/3.12+git/build=/usr/src/debug/enigma2/3.12+git  -fdebug-prefix-map=/home/pli/builds/openpli-scarthgap-build-1-30-2025/openpli-oe-core/build/tmp/work/osmio4k-oe-linux-gnueabi/enigma2/3.12+git/build=/usr/src/debug/enigma2/3.12+git  -fdebug-prefix-map=/home/pli/builds/openpli-scarthgap-build-1-30-2025/openpli-oe-core/build/tmp/work/osmio4k-oe-linux-gnueabi/enigma2/3.12+git/recipe-sysroot=  -fmacro-prefix-map=/home/pli/builds/openpli-scarthgap-build-1-30-2025/openpli-oe-core/build/tmp/work/osmio4k-oe-linux-gnueabi/enigma2/3.12+git/recipe-sysroot=  -fdebug-prefix-map=/home/pli/builds/openpli-scarthgap-build-1-30-2025/openpli-oe-core/build/tmp/work/osmio4k-oe-linux-gnueabi/enigma2/3.12+git/recipe-sysroot-native=  -fvisibility-inlines-hidden -Wattribute-alias -Wattribute-alias=1 -Wall -Wextra -Werror 	-Wformat=2 -Wformat-overflow=2 -Wformat-nonliteral -Wformat-security 	-Wimplicit-fallthrough=5 -Wduplicated-branches -Wtrampolines 	-Wdangling-else -Wshift-overflow=2 -Wswitch 	-Wunused-but-set-parameter -Wunused-const-variable=1 -Wuninitialized 	-Wstringop-overflow=3 -Woverlength-strings 	-Wunsafe-loop-optimizations -Wpointer-arith 	-Wfloat-equal -Wlogical-op 	-Wno-error=cast-align=strict -Wno-error=ignored-qualifiers 	-Wno-error=cast-function-type -Wno-error=deprecated-declarations 	-Wno-error=stringop-truncation -Wno-error=shadow -Wno-error=cast-qual 	-Wno-error=aggregate-return -Wno-error=missing-field-initializers 	-Wno-error=packed -Wno-error=vla -Wno-error=clobbered -Wno-error=unused-parameter 	-I/home/pli/builds/openpli-scarthgap-build-1-30-2025/openpli-oe-core/build/tmp/work/osmio4k-oe-linux-gnueabi/enigma2/3.12+git/recipe-sysroot/usr/include/freetype2 -I/home/pli/builds/openpli-scarthgap-build-1-30-2025/openpli-oe-core/build/tmp/work/osmio4k-oe-linux-gnueabi/enigma2/3.12+git/recipe-sysroot/usr/include/fribidi -I/home/pli/builds/openpli-scarthgap-build-1-30-2025/openpli-oe-core/build/tmp/work/osmio4k-oe-linux-gnueabi/enigma2/3.12+git/recipe-sysroot/usr/include/glib-2.0 -I/home/pli/builds/openpli-scarthgap-build-1-30-2025/openpli-oe-core/build/tmp/work/osmio4k-oe-linux-gnueabi/enigma2/3.12+git/recipe-sysroot/usr/lib/glib-2.0/include -I/home/pli/builds/openpli-scarthgap-build-1-30-2025/openpli-oe-core/build/tmp/work/osmio4k-oe-linux-gnueabi/enigma2/3.12+git/recipe-sysroot/usr/include/libpng16 -I/home/pli/builds/openpli-scarthgap-build-1-30-2025/openpli-oe-core/build/tmp/work/osmio4k-oe-linux-gnueabi/enigma2/3.12+git/recipe-sysroot/usr/include/libxml2 -I/home/pli/builds/openpli-scarthgap-build-1-30-2025/openpli-oe-core/build/tmp/work/osmio4k-oe-linux-gnueabi/enigma2/3.12+git/recipe-sysroot/usr/include/sigc++-3.0 -I/home/pli/builds/openpli-scarthgap-build-1-30-2025/openpli-oe-core/build/tmp/work/osmio4k-oe-linux-gnueabi/enigma2/3.12+git/recipe-sysroot/usr/lib/sigc++-3.0/include -fno-rtti -fno-exceptions -rdynamic -funwind-tables  -fopenmp  -MT nav/core.o -MD -MP -MF $depbase.Tpo -c -o nav/core.o ../../git/lib/nav/core.cpp &&\
mv -f $depbase.Tpo $depbase.Po

mv -f gdi/.deps/libenigma_gdi_a-gfbdc.Tpo gdi/.deps/libenigma_gdi_a-gfbdc.Po

In file included from ../../git/lib/dvb/dvb.h:12,
                 from ../../git/lib/dvb/pmt.h:8,
                 from ../../git/lib/service/servicedvbrecord.h:7:
../../git/lib/dvb/tstools.h: In member function 'virtual RESULT eTSFileSectionReader::setBufferSize(int)':
../../git/lib/dvb/tstools.h:29:34: warning: unused parameter 'size' [-Wunused-parameter]
   29 |         RESULT setBufferSize(int size) { return 0; }
      |                              ~~~~^~~~

depbase=`echo nav/pcore.o | sed 's|[^/]*$|.deps/&|;s|\.o$||'`;\
arm-oe-linux-gnueabi-g++  -march=armv7ve -mfpu=neon-vfpv4 -mfloat-abi=hard -D_TIME_BITS=64 -D_FILE_OFFSET_BITS=64 --sysroot=/home/pli/builds/openpli-scarthgap-build-1-30-2025/openpli-oe-core/build/tmp/work/osmio4k-oe-linux-gnueabi/enigma2/3.12+git/recipe-sysroot -std=gnu++17 -DHAVE_CONFIG_H -I. -I../../git/lib -I..  -I.. -I../../git -I../../git/include -DPY_SSIZE_T_CLEAN -include Python.h -include ../enigma2_config.h -I/home/pli/builds/openpli-scarthgap-build-1-30-2025/openpli-oe-core/build/tmp/work/osmio4k-oe-linux-gnueabi/enigma2/3.12+git/recipe-sysroot/usr/include/python3.12  -Os -pipe -g -feliminate-unused-debug-types -fcanon-prefix-map  -fmacro-prefix-map=/home/pli/builds/openpli-scarthgap-build-1-30-2025/openpli-oe-core/build/tmp/work/osmio4k-oe-linux-gnueabi/enigma2/3.12+git/git=/usr/src/debug/enigma2/3.12+git  -fdebug-prefix-map=/home/pli/builds/openpli-scarthgap-build-1-30-2025/openpli-oe-core/build/tmp/work/osmio4k-oe-linux-gnueabi/enigma2/3.12+git/git=/usr/src/debug/enigma2/3.12+git  -fmacro-prefix-map=/home/pli/builds/openpli-scarthgap-build-1-30-2025/openpli-oe-core/build/tmp/work/osmio4k-oe-linux-gnueabi/enigma2/3.12+git/build=/usr/src/debug/enigma2/3.12+git  -fdebug-prefix-map=/home/pli/builds/openpli-scarthgap-build-1-30-2025/openpli-oe-core/build/tmp/work/osmio4k-oe-linux-gnueabi/enigma2/3.12+git/build=/usr/src/debug/enigma2/3.12+git  -fdebug-prefix-map=/home/pli/builds/openpli-scarthgap-build-1-30-2025/openpli-oe-core/build/tmp/work/osmio4k-oe-linux-gnueabi/enigma2/3.12+git/recipe-sysroot=  -fmacro-prefix-map=/home/pli/builds/openpli-scarthgap-build-1-30-2025/openpli-oe-core/build/tmp/work/osmio4k-oe-linux-gnueabi/enigma2/3.12+git/recipe-sysroot=  -fdebug-prefix-map=/home/pli/builds/openpli-scarthgap-build-1-30-2025/openpli-oe-core/build/tmp/work/osmio4k-oe-linux-gnueabi/enigma2/3.12+git/recipe-sysroot-native=  -fvisibility-inlines-hidden -Wattribute-alias -Wattribute-alias=1 -Wall -Wextra -Werror 	-Wformat=2 -Wformat-overflow=2 -Wformat-nonliteral -Wformat-security 	-Wimplicit-fallthrough=5 -Wduplicated-branches -Wtrampolines 	-Wdangling-else -Wshift-overflow=2 -Wswitch 	-Wunused-but-set-parameter -Wunused-const-variable=1 -Wuninitialized 	-Wstringop-overflow=3 -Woverlength-strings 	-Wunsafe-loop-optimizations -Wpointer-arith 	-Wfloat-equal -Wlogical-op 	-Wno-error=cast-align=strict -Wno-error=ignored-qualifiers 	-Wno-error=cast-function-type -Wno-error=deprecated-declarations 	-Wno-error=stringop-truncation -Wno-error=shadow -Wno-error=cast-qual 	-Wno-error=aggregate-return -Wno-error=missing-field-initializers 	-Wno-error=packed -Wno-error=vla -Wno-error=clobbered -Wno-error=unused-parameter 	-I/home/pli/builds/openpli-scarthgap-build-1-30-2025/openpli-oe-core/build/tmp/work/osmio4k-oe-linux-gnueabi/enigma2/3.12+git/recipe-sysroot/usr/include/freetype2 -I/home/pli/builds/openpli-scarthgap-build-1-30-2025/openpli-oe-core/build/tmp/work/osmio4k-oe-linux-gnueabi/enigma2/3.12+git/recipe-sysroot/usr/include/fribidi -I/home/pli/builds/openpli-scarthgap-build-1-30-2025/openpli-oe-core/build/tmp/work/osmio4k-oe-linux-gnueabi/enigma2/3.12+git/recipe-sysroot/usr/include/glib-2.0 -I/home/pli/builds/openpli-scarthgap-build-1-30-2025/openpli-oe-core/build/tmp/work/osmio4k-oe-linux-gnueabi/enigma2/3.12+git/recipe-sysroot/usr/lib/glib-2.0/include -I/home/pli/builds/openpli-scarthgap-build-1-30-2025/openpli-oe-core/build/tmp/work/osmio4k-oe-linux-gnueabi/enigma2/3.12+git/recipe-sysroot/usr/include/libpng16 -I/home/pli/builds/openpli-scarthgap-build-1-30-2025/openpli-oe-core/build/tmp/work/osmio4k-oe-linux-gnueabi/enigma2/3.12+git/recipe-sysroot/usr/include/libxml2 -I/home/pli/builds/openpli-scarthgap-build-1-30-2025/openpli-oe-core/build/tmp/work/osmio4k-oe-linux-gnueabi/enigma2/3.12+git/recipe-sysroot/usr/include/sigc++-3.0 -I/home/pli/builds/openpli-scarthgap-build-1-30-2025/openpli-oe-core/build/tmp/work/osmio4k-oe-linux-gnueabi/enigma2/3.12+git/recipe-sysroot/usr/lib/sigc++-3.0/include -fno-rtti -fno-exceptions -rdynamic -funwind-tables  -fopenmp  -MT nav/pcore.o -MD -MP -MF $depbase.Tpo -c -o nav/pcore.o ../../git/lib/nav/pcore.cpp &&\
mv -f $depbase.Tpo $depbase.Po

depbase=`echo gui/ebutton.o | sed 's|[^/]*$|.deps/&|;s|\.o$||'`;\
arm-oe-linux-gnueabi-g++  -march=armv7ve -mfpu=neon-vfpv4 -mfloat-abi=hard -D_TIME_BITS=64 -D_FILE_OFFSET_BITS=64 --sysroot=/home/pli/builds/openpli-scarthgap-build-1-30-2025/openpli-oe-core/build/tmp/work/osmio4k-oe-linux-gnueabi/enigma2/3.12+git/recipe-sysroot -std=gnu++17 -DHAVE_CONFIG_H -I. -I../../git/lib -I..  -I.. -I../../git -I../../git/include -DPY_SSIZE_T_CLEAN -include Python.h -include ../enigma2_config.h -I/home/pli/builds/openpli-scarthgap-build-1-30-2025/openpli-oe-core/build/tmp/work/osmio4k-oe-linux-gnueabi/enigma2/3.12+git/recipe-sysroot/usr/include/python3.12  -Os -pipe -g -feliminate-unused-debug-types -fcanon-prefix-map  -fmacro-prefix-map=/home/pli/builds/openpli-scarthgap-build-1-30-2025/openpli-oe-core/build/tmp/work/osmio4k-oe-linux-gnueabi/enigma2/3.12+git/git=/usr/src/debug/enigma2/3.12+git  -fdebug-prefix-map=/home/pli/builds/openpli-scarthgap-build-1-30-2025/openpli-oe-core/build/tmp/work/osmio4k-oe-linux-gnueabi/enigma2/3.12+git/git=/usr/src/debug/enigma2/3.12+git  -fmacro-prefix-map=/home/pli/builds/openpli-scarthgap-build-1-30-2025/openpli-oe-core/build/tmp/work/osmio4k-oe-linux-gnueabi/enigma2/3.12+git/build=/usr/src/debug/enigma2/3.12+git  -fdebug-prefix-map=/home/pli/builds/openpli-scarthgap-build-1-30-2025/openpli-oe-core/build/tmp/work/osmio4k-oe-linux-gnueabi/enigma2/3.12+git/build=/usr/src/debug/enigma2/3.12+git  -fdebug-prefix-map=/home/pli/builds/openpli-scarthgap-build-1-30-2025/openpli-oe-core/build/tmp/work/osmio4k-oe-linux-gnueabi/enigma2/3.12+git/recipe-sysroot=  -fmacro-prefix-map=/home/pli/builds/openpli-scarthgap-build-1-30-2025/openpli-oe-core/build/tmp/work/osmio4k-oe-linux-gnueabi/enigma2/3.12+git/recipe-sysroot=  -fdebug-prefix-map=/home/pli/builds/openpli-scarthgap-build-1-30-2025/openpli-oe-core/build/tmp/work/osmio4k-oe-linux-gnueabi/enigma2/3.12+git/recipe-sysroot-native=  -fvisibility-inlines-hidden -Wattribute-alias -Wattribute-alias=1 -Wall -Wextra -Werror 	-Wformat=2 -Wformat-overflow=2 -Wformat-nonliteral -Wformat-security 	-Wimplicit-fallthrough=5 -Wduplicated-branches -Wtrampolines 	-Wdangling-else -Wshift-overflow=2 -Wswitch 	-Wunused-but-set-parameter -Wunused-const-variable=1 -Wuninitialized 	-Wstringop-overflow=3 -Woverlength-strings 	-Wunsafe-loop-optimizations -Wpointer-arith 	-Wfloat-equal -Wlogical-op 	-Wno-error=cast-align=strict -Wno-error=ignored-qualifiers 	-Wno-error=cast-function-type -Wno-error=deprecated-declarations 	-Wno-error=stringop-truncation -Wno-error=shadow -Wno-error=cast-qual 	-Wno-error=aggregate-return -Wno-error=missing-field-initializers 	-Wno-error=packed -Wno-error=vla -Wno-error=clobbered -Wno-error=unused-parameter 	-I/home/pli/builds/openpli-scarthgap-build-1-30-2025/openpli-oe-core/build/tmp/work/osmio4k-oe-linux-gnueabi/enigma2/3.12+git/recipe-sysroot/usr/include/freetype2 -I/home/pli/builds/openpli-scarthgap-build-1-30-2025/openpli-oe-core/build/tmp/work/osmio4k-oe-linux-gnueabi/enigma2/3.12+git/recipe-sysroot/usr/include/fribidi -I/home/pli/builds/openpli-scarthgap-build-1-30-2025/openpli-oe-core/build/tmp/work/osmio4k-oe-linux-gnueabi/enigma2/3.12+git/recipe-sysroot/usr/include/glib-2.0 -I/home/pli/builds/openpli-scarthgap-build-1-30-2025/openpli-oe-core/build/tmp/work/osmio4k-oe-linux-gnueabi/enigma2/3.12+git/recipe-sysroot/usr/lib/glib-2.0/include -I/home/pli/builds/openpli-scarthgap-build-1-30-2025/openpli-oe-core/build/tmp/work/osmio4k-oe-linux-gnueabi/enigma2/3.12+git/recipe-sysroot/usr/include/libpng16 -I/home/pli/builds/openpli-scarthgap-build-1-30-2025/openpli-oe-core/build/tmp/work/osmio4k-oe-linux-gnueabi/enigma2/3.12+git/recipe-sysroot/usr/include/libxml2 -I/home/pli/builds/openpli-scarthgap-build-1-30-2025/openpli-oe-core/build/tmp/work/osmio4k-oe-linux-gnueabi/enigma2/3.12+git/recipe-sysroot/usr/include/sigc++-3.0 -I/home/pli/builds/openpli-scarthgap-build-1-30-2025/openpli-oe-core/build/tmp/work/osmio4k-oe-linux-gnueabi/enigma2/3.12+git/recipe-sysroot/usr/lib/sigc++-3.0/include -fno-rtti -fno-exceptions -rdynamic -funwind-tables  -fopenmp  -MT gui/ebutton.o -MD -MP -MF $depbase.Tpo -c -o gui/ebutton.o ../../git/lib/gui/ebutton.cpp &&\
mv -f $depbase.Tpo $depbase.Po

In file included from ../../git/lib/gdi/grc.h:21,
                 from ../../git/lib/gdi/grc.cpp:3:
../../git/lib/base/message.h: In instantiation of 'eFixedMessagePump<T>::eFixedMessagePump(eMainloop*, int) [with T = int]':
../../git/lib/gdi/grc.cpp:25:2:   required from here
../../git/lib/base/message.h:108:51: warning: unused parameter 'mt' [-Wunused-parameter]
  108 |         eFixedMessagePump(eMainloop *context, int mt):
      |                                               ~~~~^~

In file included from ../../git/lib/dvb/dvb.h:12,
                 from ../../git/lib/dvb/pmt.h:8,
                 from ../../git/lib/service/servicedvb.h:7:
../../git/lib/dvb/tstools.h: In member function 'virtual RESULT eTSFileSectionReader::setBufferSize(int)':
../../git/lib/dvb/tstools.h:29:34: warning: unused parameter 'size' [-Wunused-parameter]
   29 |         RESULT setBufferSize(int size) { return 0; }
      |                              ~~~~^~~~

NOTE: recipe enigma-info-6-r0: task do_packagedata: Started



mv -f gdi/.deps/libenigma_gdi_a-lcd.Tpo gdi/.deps/libenigma_gdi_a-lcd.Po

depbase=`echo gui/ecanvas.o | sed 's|[^/]*$|.deps/&|;s|\.o$||'`;\
arm-oe-linux-gnueabi-g++  -march=armv7ve -mfpu=neon-vfpv4 -mfloat-abi=hard -D_TIME_BITS=64 -D_FILE_OFFSET_BITS=64 --sysroot=/home/pli/builds/openpli-scarthgap-build-1-30-2025/openpli-oe-core/build/tmp/work/osmio4k-oe-linux-gnueabi/enigma2/3.12+git/recipe-sysroot -std=gnu++17 -DHAVE_CONFIG_H -I. -I../../git/lib -I..  -I.. -I../../git -I../../git/include -DPY_SSIZE_T_CLEAN -include Python.h -include ../enigma2_config.h -I/home/pli/builds/openpli-scarthgap-build-1-30-2025/openpli-oe-core/build/tmp/work/osmio4k-oe-linux-gnueabi/enigma2/3.12+git/recipe-sysroot/usr/include/python3.12  -Os -pipe -g -feliminate-unused-debug-types -fcanon-prefix-map  -fmacro-prefix-map=/home/pli/builds/openpli-scarthgap-build-1-30-2025/openpli-oe-core/build/tmp/work/osmio4k-oe-linux-gnueabi/enigma2/3.12+git/git=/usr/src/debug/enigma2/3.12+git  -fdebug-prefix-map=/home/pli/builds/openpli-scarthgap-build-1-30-2025/openpli-oe-core/build/tmp/work/osmio4k-oe-linux-gnueabi/enigma2/3.12+git/git=/usr/src/debug/enigma2/3.12+git  -fmacro-prefix-map=/home/pli/builds/openpli-scarthgap-build-1-30-2025/openpli-oe-core/build/tmp/work/osmio4k-oe-linux-gnueabi/enigma2/3.12+git/build=/usr/src/debug/enigma2/3.12+git  -fdebug-prefix-map=/home/pli/builds/openpli-scarthgap-build-1-30-2025/openpli-oe-core/build/tmp/work/osmio4k-oe-linux-gnueabi/enigma2/3.12+git/build=/usr/src/debug/enigma2/3.12+git  -fdebug-prefix-map=/home/pli/builds/openpli-scarthgap-build-1-30-2025/openpli-oe-core/build/tmp/work/osmio4k-oe-linux-gnueabi/enigma2/3.12+git/recipe-sysroot=  -fmacro-prefix-map=/home/pli/builds/openpli-scarthgap-build-1-30-2025/openpli-oe-core/build/tmp/work/osmio4k-oe-linux-gnueabi/enigma2/3.12+git/recipe-sysroot=  -fdebug-prefix-map=/home/pli/builds/openpli-scarthgap-build-1-30-2025/openpli-oe-core/build/tmp/work/osmio4k-oe-linux-gnueabi/enigma2/3.12+git/recipe-sysroot-native=  -fvisibility-inlines-hidden -Wattribute-alias -Wattribute-alias=1 -Wall -Wextra -Werror 	-Wformat=2 -Wformat-overflow=2 -Wformat-nonliteral -Wformat-security 	-Wimplicit-fallthrough=5 -Wduplicated-branches -Wtrampolines 	-Wdangling-else -Wshift-overflow=2 -Wswitch 	-Wunused-but-set-parameter -Wunused-const-variable=1 -Wuninitialized 	-Wstringop-overflow=3 -Woverlength-strings 	-Wunsafe-loop-optimizations -Wpointer-arith 	-Wfloat-equal -Wlogical-op 	-Wno-error=cast-align=strict -Wno-error=ignored-qualifiers 	-Wno-error=cast-function-type -Wno-error=deprecated-declarations 	-Wno-error=stringop-truncation -Wno-error=shadow -Wno-error=cast-qual 	-Wno-error=aggregate-return -Wno-error=missing-field-initializers 	-Wno-error=packed -Wno-error=vla -Wno-error=clobbered -Wno-error=unused-parameter 	-I/home/pli/builds/openpli-scarthgap-build-1-30-2025/openpli-oe-core/build/tmp/work/osmio4k-oe-linux-gnueabi/enigma2/3.12+git/recipe-sysroot/usr/include/freetype2 -I/home/pli/builds/openpli-scarthgap-build-1-30-2025/openpli-oe-core/build/tmp/work/osmio4k-oe-linux-gnueabi/enigma2/3.12+git/recipe-sysroot/usr/include/fribidi -I/home/pli/builds/openpli-scarthgap-build-1-30-2025/openpli-oe-core/build/tmp/work/osmio4k-oe-linux-gnueabi/enigma2/3.12+git/recipe-sysroot/usr/include/glib-2.0 -I/home/pli/builds/openpli-scarthgap-build-1-30-2025/openpli-oe-core/build/tmp/work/osmio4k-oe-linux-gnueabi/enigma2/3.12+git/recipe-sysroot/usr/lib/glib-2.0/include -I/home/pli/builds/openpli-scarthgap-build-1-30-2025/openpli-oe-core/build/tmp/work/osmio4k-oe-linux-gnueabi/enigma2/3.12+git/recipe-sysroot/usr/include/libpng16 -I/home/pli/builds/openpli-scarthgap-build-1-30-2025/openpli-oe-core/build/tmp/work/osmio4k-oe-linux-gnueabi/enigma2/3.12+git/recipe-sysroot/usr/include/libxml2 -I/home/pli/builds/openpli-scarthgap-build-1-30-2025/openpli-oe-core/build/tmp/work/osmio4k-oe-linux-gnueabi/enigma2/3.12+git/recipe-sysroot/usr/include/sigc++-3.0 -I/home/pli/builds/openpli-scarthgap-build-1-30-2025/openpli-oe-core/build/tmp/work/osmio4k-oe-linux-gnueabi/enigma2/3.12+git/recipe-sysroot/usr/lib/sigc++-3.0/include -fno-rtti -fno-exceptions -rdynamic -funwind-tables  -fopenmp  -MT gui/ecanvas.o -MD -MP -MF $depbase.Tpo -c -o gui/ecanvas.o ../../git/lib/gui/ecanvas.cpp &&\
mv -f $depbase.Tpo $depbase.Po

In file included from ../../git/lib/service/servicefs.h:4,
                 from ../../git/lib/service/servicefs.cpp:5:
../../git/lib/service/iservice.h: In member function 'virtual void iServiceInformation::getAITApplications(std::map<int, std::__cxx11::basic_string<char> >&)':
../../git/lib/service/iservice.h:439:69: warning: unused parameter 'aitlist' [-Wunused-parameter]
  439 |         virtual void getAITApplications(std::map<int, std::string> &aitlist) {};
      |                                         ~~~~~~~~~~~~~~~~~~~~~~~~~~~~^~~~~~~

mv -f gdi/.deps/libenigma_gdi_a-region.Tpo gdi/.deps/libenigma_gdi_a-region.Po

+ packagedata_translate_pr_autoinc
+ find /home/pli/builds/openpli-scarthgap-build-1-30-2025/openpli-oe-core/build/tmp/work/osmio4k-oe-linux-gnueabi/enigma-info/6/pkgdata-pdata-input -type f
+ xargs --no-run-if-empty sed -e s,@PRSERV_PV_AUTOINC@,0,g -e s,@EXTENDPRAUTO@,,g -i
+ ret=0
+ trap '' 0
+ exit 0

NOTE: enigma-info-6-r0 do_packagedata: Using umask 0o002 (not 22) for sstate packaging
depbase=`echo gui/egauge.o | sed 's|[^/]*$|.deps/&|;s|\.o$||'`;\
arm-oe-linux-gnueabi-g++  -march=armv7ve -mfpu=neon-vfpv4 -mfloat-abi=hard -D_TIME_BITS=64 -D_FILE_OFFSET_BITS=64 --sysroot=/home/pli/builds/openpli-scarthgap-build-1-30-2025/openpli-oe-core/build/tmp/work/osmio4k-oe-linux-gnueabi/enigma2/3.12+git/recipe-sysroot -std=gnu++17 -DHAVE_CONFIG_H -I. -I../../git/lib -I..  -I.. -I../../git -I../../git/include -DPY_SSIZE_T_CLEAN -include Python.h -include ../enigma2_config.h -I/home/pli/builds/openpli-scarthgap-build-1-30-2025/openpli-oe-core/build/tmp/work/osmio4k-oe-linux-gnueabi/enigma2/3.12+git/recipe-sysroot/usr/include/python3.12  -Os -pipe -g -feliminate-unused-debug-types -fcanon-prefix-map  -fmacro-prefix-map=/home/pli/builds/openpli-scarthgap-build-1-30-2025/openpli-oe-core/build/tmp/work/osmio4k-oe-linux-gnueabi/enigma2/3.12+git/git=/usr/src/debug/enigma2/3.12+git  -fdebug-prefix-map=/home/pli/builds/openpli-scarthgap-build-1-30-2025/openpli-oe-core/build/tmp/work/osmio4k-oe-linux-gnueabi/enigma2/3.12+git/git=/usr/src/debug/enigma2/3.12+git  -fmacro-prefix-map=/home/pli/builds/openpli-scarthgap-build-1-30-2025/openpli-oe-core/build/tmp/work/osmio4k-oe-linux-gnueabi/enigma2/3.12+git/build=/usr/src/debug/enigma2/3.12+git  -fdebug-prefix-map=/home/pli/builds/openpli-scarthgap-build-1-30-2025/openpli-oe-core/build/tmp/work/osmio4k-oe-linux-gnueabi/enigma2/3.12+git/build=/usr/src/debug/enigma2/3.12+git  -fdebug-prefix-map=/home/pli/builds/openpli-scarthgap-build-1-30-2025/openpli-oe-core/build/tmp/work/osmio4k-oe-linux-gnueabi/enigma2/3.12+git/recipe-sysroot=  -fmacro-prefix-map=/home/pli/builds/openpli-scarthgap-build-1-30-2025/openpli-oe-core/build/tmp/work/osmio4k-oe-linux-gnueabi/enigma2/3.12+git/recipe-sysroot=  -fdebug-prefix-map=/home/pli/builds/openpli-scarthgap-build-1-30-2025/openpli-oe-core/build/tmp/work/osmio4k-oe-linux-gnueabi/enigma2/3.12+git/recipe-sysroot-native=  -fvisibility-inlines-hidden -Wattribute-alias -Wattribute-alias=1 -Wall -Wextra -Werror 	-Wformat=2 -Wformat-overflow=2 -Wformat-nonliteral -Wformat-security 	-Wimplicit-fallthrough=5 -Wduplicated-branches -Wtrampolines 	-Wdangling-else -Wshift-overflow=2 -Wswitch 	-Wunused-but-set-parameter -Wunused-const-variable=1 -Wuninitialized 	-Wstringop-overflow=3 -Woverlength-strings 	-Wunsafe-loop-optimizations -Wpointer-arith 	-Wfloat-equal -Wlogical-op 	-Wno-error=cast-align=strict -Wno-error=ignored-qualifiers 	-Wno-error=cast-function-type -Wno-error=deprecated-declarations 	-Wno-error=stringop-truncation -Wno-error=shadow -Wno-error=cast-qual 	-Wno-error=aggregate-return -Wno-error=missing-field-initializers 	-Wno-error=packed -Wno-error=vla -Wno-error=clobbered -Wno-error=unused-parameter 	-I/home/pli/builds/openpli-scarthgap-build-1-30-2025/openpli-oe-core/build/tmp/work/osmio4k-oe-linux-gnueabi/enigma2/3.12+git/recipe-sysroot/usr/include/freetype2 -I/home/pli/builds/openpli-scarthgap-build-1-30-2025/openpli-oe-core/build/tmp/work/osmio4k-oe-linux-gnueabi/enigma2/3.12+git/recipe-sysroot/usr/include/fribidi -I/home/pli/builds/openpli-scarthgap-build-1-30-2025/openpli-oe-core/build/tmp/work/osmio4k-oe-linux-gnueabi/enigma2/3.12+git/recipe-sysroot/usr/include/glib-2.0 -I/home/pli/builds/openpli-scarthgap-build-1-30-2025/openpli-oe-core/build/tmp/work/osmio4k-oe-linux-gnueabi/enigma2/3.12+git/recipe-sysroot/usr/lib/glib-2.0/include -I/home/pli/builds/openpli-scarthgap-build-1-30-2025/openpli-oe-core/build/tmp/work/osmio4k-oe-linux-gnueabi/enigma2/3.12+git/recipe-sysroot/usr/include/libpng16 -I/home/pli/builds/openpli-scarthgap-build-1-30-2025/openpli-oe-core/build/tmp/work/osmio4k-oe-linux-gnueabi/enigma2/3.12+git/recipe-sysroot/usr/include/libxml2 -I/home/pli/builds/openpli-scarthgap-build-1-30-2025/openpli-oe-core/build/tmp/work/osmio4k-oe-linux-gnueabi/enigma2/3.12+git/recipe-sysroot/usr/include/sigc++-3.0 -I/home/pli/builds/openpli-scarthgap-build-1-30-2025/openpli-oe-core/build/tmp/work/osmio4k-oe-linux-gnueabi/enigma2/3.12+git/recipe-sysroot/usr/lib/sigc++-3.0/include -fno-rtti -fno-exceptions -rdynamic -funwind-tables  -fopenmp  -MT gui/egauge.o -MD -MP -MF $depbase.Tpo -c -o gui/egauge.o ../../git/lib/gui/egauge.cpp &&\
mv -f $depbase.Tpo $depbase.Po



NOTE: recipe enigma-info-6-r0: task do_packagedata: Succeeded
NOTE: Running task 6350 of 6378 (/home/pli/builds/openpli-scarthgap-build-1-30-2025/openpli-oe-core/meta-openpli/recipes-openpli/enigma2/enigma-info.bb:do_package_qa)
NOTE: Running task 6351 of 6378 (/home/pli/builds/openpli-scarthgap-build-1-30-2025/openpli-oe-core/meta-openpli/recipes-openpli/enigma2/enigma-info.bb:do_package_write_ipk)
NOTE: Running task 6352 of 6378 (/home/pli/builds/openpli-scarthgap-build-1-30-2025/openpli-oe-core/meta-openpli/recipes-openpli/enigma2/enigma-info.bb:do_create_spdx)
In file included from ../../git/lib/dvb/dvb.h:12,
                 from ../../git/lib/dvb/scan.cpp:26:
../../git/lib/dvb/tstools.h: In member function 'virtual RESULT eTSFileSectionReader::setBufferSize(int)':
../../git/lib/dvb/tstools.h:29:34: warning: unused parameter 'size' [-Wunused-parameter]
   29 |         RESULT setBufferSize(int size) { return 0; }
      |                              ~~~~^~~~

mv -f driver/.deps/libenigma_driver_a-etimezone.Tpo driver/.deps/libenigma_driver_a-etimezone.Po

depbase=`echo gui/einput.o | sed 's|[^/]*$|.deps/&|;s|\.o$||'`;\
arm-oe-linux-gnueabi-g++  -march=armv7ve -mfpu=neon-vfpv4 -mfloat-abi=hard -D_TIME_BITS=64 -D_FILE_OFFSET_BITS=64 --sysroot=/home/pli/builds/openpli-scarthgap-build-1-30-2025/openpli-oe-core/build/tmp/work/osmio4k-oe-linux-gnueabi/enigma2/3.12+git/recipe-sysroot -std=gnu++17 -DHAVE_CONFIG_H -I. -I../../git/lib -I..  -I.. -I../../git -I../../git/include -DPY_SSIZE_T_CLEAN -include Python.h -include ../enigma2_config.h -I/home/pli/builds/openpli-scarthgap-build-1-30-2025/openpli-oe-core/build/tmp/work/osmio4k-oe-linux-gnueabi/enigma2/3.12+git/recipe-sysroot/usr/include/python3.12  -Os -pipe -g -feliminate-unused-debug-types -fcanon-prefix-map  -fmacro-prefix-map=/home/pli/builds/openpli-scarthgap-build-1-30-2025/openpli-oe-core/build/tmp/work/osmio4k-oe-linux-gnueabi/enigma2/3.12+git/git=/usr/src/debug/enigma2/3.12+git  -fdebug-prefix-map=/home/pli/builds/openpli-scarthgap-build-1-30-2025/openpli-oe-core/build/tmp/work/osmio4k-oe-linux-gnueabi/enigma2/3.12+git/git=/usr/src/debug/enigma2/3.12+git  -fmacro-prefix-map=/home/pli/builds/openpli-scarthgap-build-1-30-2025/openpli-oe-core/build/tmp/work/osmio4k-oe-linux-gnueabi/enigma2/3.12+git/build=/usr/src/debug/enigma2/3.12+git  -fdebug-prefix-map=/home/pli/builds/openpli-scarthgap-build-1-30-2025/openpli-oe-core/build/tmp/work/osmio4k-oe-linux-gnueabi/enigma2/3.12+git/build=/usr/src/debug/enigma2/3.12+git  -fdebug-prefix-map=/home/pli/builds/openpli-scarthgap-build-1-30-2025/openpli-oe-core/build/tmp/work/osmio4k-oe-linux-gnueabi/enigma2/3.12+git/recipe-sysroot=  -fmacro-prefix-map=/home/pli/builds/openpli-scarthgap-build-1-30-2025/openpli-oe-core/build/tmp/work/osmio4k-oe-linux-gnueabi/enigma2/3.12+git/recipe-sysroot=  -fdebug-prefix-map=/home/pli/builds/openpli-scarthgap-build-1-30-2025/openpli-oe-core/build/tmp/work/osmio4k-oe-linux-gnueabi/enigma2/3.12+git/recipe-sysroot-native=  -fvisibility-inlines-hidden -Wattribute-alias -Wattribute-alias=1 -Wall -Wextra -Werror 	-Wformat=2 -Wformat-overflow=2 -Wformat-nonliteral -Wformat-security 	-Wimplicit-fallthrough=5 -Wduplicated-branches -Wtrampolines 	-Wdangling-else -Wshift-overflow=2 -Wswitch 	-Wunused-but-set-parameter -Wunused-const-variable=1 -Wuninitialized 	-Wstringop-overflow=3 -Woverlength-strings 	-Wunsafe-loop-optimizations -Wpointer-arith 	-Wfloat-equal -Wlogical-op 	-Wno-error=cast-align=strict -Wno-error=ignored-qualifiers 	-Wno-error=cast-function-type -Wno-error=deprecated-declarations 	-Wno-error=stringop-truncation -Wno-error=shadow -Wno-error=cast-qual 	-Wno-error=aggregate-return -Wno-error=missing-field-initializers 	-Wno-error=packed -Wno-error=vla -Wno-error=clobbered -Wno-error=unused-parameter 	-I/home/pli/builds/openpli-scarthgap-build-1-30-2025/openpli-oe-core/build/tmp/work/osmio4k-oe-linux-gnueabi/enigma2/3.12+git/recipe-sysroot/usr/include/freetype2 -I/home/pli/builds/openpli-scarthgap-build-1-30-2025/openpli-oe-core/build/tmp/work/osmio4k-oe-linux-gnueabi/enigma2/3.12+git/recipe-sysroot/usr/include/fribidi -I/home/pli/builds/openpli-scarthgap-build-1-30-2025/openpli-oe-core/build/tmp/work/osmio4k-oe-linux-gnueabi/enigma2/3.12+git/recipe-sysroot/usr/include/glib-2.0 -I/home/pli/builds/openpli-scarthgap-build-1-30-2025/openpli-oe-core/build/tmp/work/osmio4k-oe-linux-gnueabi/enigma2/3.12+git/recipe-sysroot/usr/lib/glib-2.0/include -I/home/pli/builds/openpli-scarthgap-build-1-30-2025/openpli-oe-core/build/tmp/work/osmio4k-oe-linux-gnueabi/enigma2/3.12+git/recipe-sysroot/usr/include/libpng16 -I/home/pli/builds/openpli-scarthgap-build-1-30-2025/openpli-oe-core/build/tmp/work/osmio4k-oe-linux-gnueabi/enigma2/3.12+git/recipe-sysroot/usr/include/libxml2 -I/home/pli/builds/openpli-scarthgap-build-1-30-2025/openpli-oe-core/build/tmp/work/osmio4k-oe-linux-gnueabi/enigma2/3.12+git/recipe-sysroot/usr/include/sigc++-3.0 -I/home/pli/builds/openpli-scarthgap-build-1-30-2025/openpli-oe-core/build/tmp/work/osmio4k-oe-linux-gnueabi/enigma2/3.12+git/recipe-sysroot/usr/lib/sigc++-3.0/include -fno-rtti -fno-exceptions -rdynamic -funwind-tables  -fopenmp  -MT gui/einput.o -MD -MP -MF $depbase.Tpo -c -o gui/einput.o ../../git/lib/gui/einput.cpp &&\
mv -f $depbase.Tpo $depbase.Po

../../git/lib/dvb/scan.cpp: In member function 'int eDVBScan::isValidONIDTSID(int, eOriginalNetworkID, eTransportStreamID)':
../../git/lib/dvb/scan.cpp:62:35: warning: unused parameter 'orbital_position' [-Wunused-parameter]
   62 | int eDVBScan::isValidONIDTSID(int orbital_position, eOriginalNetworkID onid, eTransportStreamID tsid)
      |                               ~~~~^~~~~~~~~~~~~~~~

../../git/lib/dvb/scan.cpp: In member function 'RESULT eDVBScan::nextChannel()':
../../git/lib/dvb/scan.cpp:299:45: error: no matching function for call to 'iDVBFrontend::tune(iDVBFrontendParameters&, bool, int&)'
  299 |                                 if (fe->tune(*m_ch_current, !m_ch_blindscan.empty(), m_tune_timeout_ms))
      |                                     ~~~~~~~~^~~~~~~~~~~~~~~~~~~~~~~~~~~~~~~~~~~~~~~~~~~~~~~~~~~~~~~~~~~

../../git/lib/dvb/idvb.h:543:24: note: candidate: 'virtual RESULT iDVBFrontend::tune(const iDVBFrontendParameters&, bool)'
  543 |         virtual RESULT tune(const iDVBFrontendParameters &where, bool blindscan = false)=0;
      |                        ^~~~

../../git/lib/dvb/idvb.h:543:24: note:   candidate expects 2 arguments, 3 provided

In file included from ../../git/lib/dvb/dvb.h:12,
                 from ../../git/lib/dvb/pmt.h:8,
                 from ../../git/lib/service/listboxservice.cpp:8:
../../git/lib/dvb/tstools.h: In member function 'virtual RESULT eTSFileSectionReader::setBufferSize(int)':
../../git/lib/dvb/tstools.h:29:34: warning: unused parameter 'size' [-Wunused-parameter]
   29 |         RESULT setBufferSize(int size) { return 0; }
      |                              ~~~~^~~~

../../git/lib/dvb/scan.cpp: In member function 'int eDVBScan::sameChannel(iDVBFrontendParameters*, iDVBFrontendParameters*, bool) const':
../../git/lib/dvb/scan.cpp:741:51: warning: unused parameter 'ch1' [-Wunused-parameter]
  741 | int eDVBScan::sameChannel(iDVBFrontendParameters *ch1, iDVBFrontendParameters *ch2, bool exact) const
      |                           ~~~~~~~~~~~~~~~~~~~~~~~~^~~

../../git/lib/dvb/scan.cpp:741:80: warning: unused parameter 'ch2' [-Wunused-parameter]
  741 | int eDVBScan::sameChannel(iDVBFrontendParameters *ch1, iDVBFrontendParameters *ch2, bool exact) const
      |                                                        ~~~~~~~~~~~~~~~~~~~~~~~~^~~

../../git/lib/dvb/scan.cpp:741:90: warning: unused parameter 'exact' [-Wunused-parameter]
  741 | int eDVBScan::sameChannel(iDVBFrontendParameters *ch1, iDVBFrontendParameters *ch2, bool exact) const
      |                                                                                     ~~~~~^~~~~

NOTE: recipe enigma-info-6-r0: task do_create_spdx: Started
NOTE: recipe enigma-info-6-r0: task do_package_write_ipk: Started
NOTE: recipe enigma-info-6-r0: task do_package_qa: Started
NOTE: enigma-info-6-r0 do_package_write_ipk: Direct dependencies are ['virtual:native:/home/pli/builds/openpli-scarthgap-build-1-30-2025/openpli-oe-core/openembedded-core/meta/recipes-devtools/opkg-utils/opkg-utils_0.6.3.bb:do_populate_sysroot', 'virtual:native:/home/pli/builds/openpli-scarthgap-build-1-30-2025/openpli-oe-core/openembedded-core/meta/recipes-devtools/pseudo/pseudo_git.bb:do_populate_sysroot', 'virtual:native:/home/pli/builds/openpli-scarthgap-build-1-30-2025/openpli-oe-core/openembedded-core/meta/recipes-extended/zstd/zstd_1.5.5.bb:do_populate_sysroot']
NOTE: enigma-info-6-r0 do_create_spdx: Direct dependencies are ['/home/pli/builds/openpli-scarthgap-build-1-30-2025/openpli-oe-core/openembedded-core/meta/recipes-devtools/quilt/quilt-native_0.67.bb:do_populate_sysroot', 'virtual:native:/home/pli/builds/openpli-scarthgap-build-1-30-2025/openpli-oe-core/openembedded-core/meta/recipes-devtools/patch/patch_2.7.6.bb:do_populate_sysroot']
NOTE: enigma-info-6-r0 do_package_qa: Direct dependencies are ['/home/pli/builds/openpli-scarthgap-build-1-30-2025/openpli-oe-core/openembedded-core/meta/recipes-devtools/binutils/binutils-cross_2.42.bb:do_populate_sysroot', 'virtual:native:/home/pli/builds/openpli-scarthgap-build-1-30-2025/openpli-oe-core/openembedded-core/meta/recipes-devtools/pseudo/pseudo_git.bb:do_populate_sysroot']
NOTE: enigma-info-6-r0 do_package_write_ipk: Installed into sysroot: ['opkg-utils-native']
NOTE: enigma-info-6-r0 do_package_write_ipk: Skipping as already exists in sysroot: ['gettext-minimal-native', 'libtool-native', 'texinfo-dummy-native', 'zlib-native', 'make-native', 'perl-native', 'pseudo-native', 'xz-native', 'zstd-native', 'attr-native', 'gdbm-native', 'sqlite3-native']

NOTE: enigma-info-6-r0 do_create_spdx: Installed into sysroot: []
NOTE: enigma-info-6-r0 do_create_spdx: Skipping as already exists in sysroot: ['gettext-minimal-native', 'libtool-native', 'quilt-native', 'texinfo-dummy-native', 'patch-native', 'attr-native']



NOTE: enigma-info-6-r0 do_package_qa: Installed into sysroot: []
NOTE: enigma-info-6-r0 do_package_qa: Skipping as already exists in sysroot: ['gettext-minimal-native', 'binutils-cross-arm', 'libtool-native', 'm4-native', 'texinfo-dummy-native', 'zlib-native', 'flex-native', 'gnu-config-native', 'pseudo-native', 'xz-native', 'attr-native', 'sqlite3-native']



NOTE: enigma-info-6-r0 do_package_qa: DO PACKAGE QA


NOTE: enigma-info-6-r0 do_package_qa: Checking Package: enigma-info

NOTE: enigma-info-6-r0 do_package_qa: Using umask 0o002 (not 22) for sstate packaging

NOTE: enigma-info-6-r0 do_create_spdx: Using umask 0o002 (not 22) for sstate packaging



NOTE: recipe enigma-info-6-r0: task do_package_qa: Succeeded

NOTE: recipe enigma-info-6-r0: task do_create_spdx: Succeeded
NOTE: Running task 6353 of 6378 (/home/pli/builds/openpli-scarthgap-build-1-30-2025/openpli-oe-core/meta-openpli/recipes-openpli/enigma2/enigma-info.bb:do_create_runtime_spdx)
In file included from ../../git/lib/service/service.h:6,
                 from ../../git/lib/dvb/idvb.h:12,
                 from ../../git/lib/dvb/metaparser.h:5,
                 from ../../git/lib/service/servicem2ts.cpp:5:
../../git/lib/service/iservice.h: In member function 'virtual void iServiceInformation::getAITApplications(std::map<int, std::__cxx11::basic_string<char> >&)':
../../git/lib/service/iservice.h:439:69: warning: unused parameter 'aitlist' [-Wunused-parameter]
  439 |         virtual void getAITApplications(std::map<int, std::string> &aitlist) {};
      |                                         ~~~~~~~~~~~~~~~~~~~~~~~~~~~~^~~~~~~

In file included from ../../git/lib/dvb/dvb.h:12,
                 from ../../git/lib/dvb/pmt.h:8,
                 from ../../git/lib/service/servicedvb.h:7,
                 from ../../git/lib/service/servicefs.cpp:7:
../../git/lib/dvb/tstools.h: In member function 'virtual RESULT eTSFileSectionReader::setBufferSize(int)':
../../git/lib/dvb/tstools.h:29:34: warning: unused parameter 'size' [-Wunused-parameter]
   29 |         RESULT setBufferSize(int size) { return 0; }
      |                              ~~~~^~~~

In file included from ../../git/lib/service/service.h:6,
                 from ../../git/lib/dvb/idvb.h:12,
                 from ../../git/lib/service/servicedvbstream.h:4,
                 from ../../git/lib/service/servicedvbstream.cpp:1:
../../git/lib/service/iservice.h: In member function 'virtual void iServiceInformation::getAITApplications(std::map<int, std::__cxx11::basic_string<char> >&)':
../../git/lib/service/iservice.h:439:69: warning: unused parameter 'aitlist' [-Wunused-parameter]
  439 |         virtual void getAITApplications(std::map<int, std::string> &aitlist) {};
      |                                         ~~~~~~~~~~~~~~~~~~~~~~~~~~~~^~~~~~~

In file included from ../../git/lib/service/service.h:6,
                 from ../../git/lib/dvb/idvb.h:12,
                 from ../../git/lib/dvb/demux.h:5,
                 from ../../git/lib/dvb/decoder.h:5,
                 from ../../git/lib/service/servicehdmi.cpp:7:
../../git/lib/service/iservice.h: In member function 'virtual void iServiceInformation::getAITApplications(std::map<int, std::__cxx11::basic_string<char> >&)':
../../git/lib/service/iservice.h:439:69: warning: unused parameter 'aitlist' [-Wunused-parameter]
  439 |         virtual void getAITApplications(std::map<int, std::string> &aitlist) {};
      |                                         ~~~~~~~~~~~~~~~~~~~~~~~~~~~~^~~~~~~

NOTE: recipe enigma-info-6-r0: task do_create_runtime_spdx: Started


In file included from ../../git/lib/gui/esubtitle.h:5,
                 from ../../git/lib/service/servicedvb.cpp:26:
../../git/lib/gui/ewidget.h: In member function 'void eWidget::setPositionNotifyChild(int)':
../../git/lib/gui/ewidget.h:151:41: warning: unused parameter 'n' [-Wunused-parameter]
  151 |         void setPositionNotifyChild(int n) { m_notify_child_on_position_change = 1; }
      |                                     ~~~~^


NOTE: enigma-info-6-r0 do_create_runtime_spdx: Using umask 0o002 (not 22) for sstate packaging
mv -f service/.deps/libenigma_service_a-service.Tpo service/.deps/libenigma_service_a-service.Po


../../git/lib/service/servicepeer.cpp: In function 'void e2avahi_resolve_callback(void*, int, const char*, const char*, const char*, uint16_t)':
../../git/lib/service/servicepeer.cpp:30:11: warning: unused parameter 'userdata' [-Wunused-parameter]
   30 |     void* userdata,
      |     ~~~~~~^~~~~~~~
../../git/lib/service/servicepeer.cpp:33:21: warning: unused parameter 'type' [-Wunused-parameter]
   33 |         const char *type,
      |         ~~~~~~~~~~~~^~~~

depbase=`echo gui/einputnumber.o | sed 's|[^/]*$|.deps/&|;s|\.o$||'`;\
arm-oe-linux-gnueabi-g++  -march=armv7ve -mfpu=neon-vfpv4 -mfloat-abi=hard -D_TIME_BITS=64 -D_FILE_OFFSET_BITS=64 --sysroot=/home/pli/builds/openpli-scarthgap-build-1-30-2025/openpli-oe-core/build/tmp/work/osmio4k-oe-linux-gnueabi/enigma2/3.12+git/recipe-sysroot -std=gnu++17 -DHAVE_CONFIG_H -I. -I../../git/lib -I..  -I.. -I../../git -I../../git/include -DPY_SSIZE_T_CLEAN -include Python.h -include ../enigma2_config.h -I/home/pli/builds/openpli-scarthgap-build-1-30-2025/openpli-oe-core/build/tmp/work/osmio4k-oe-linux-gnueabi/enigma2/3.12+git/recipe-sysroot/usr/include/python3.12  -Os -pipe -g -feliminate-unused-debug-types -fcanon-prefix-map  -fmacro-prefix-map=/home/pli/builds/openpli-scarthgap-build-1-30-2025/openpli-oe-core/build/tmp/work/osmio4k-oe-linux-gnueabi/enigma2/3.12+git/git=/usr/src/debug/enigma2/3.12+git  -fdebug-prefix-map=/home/pli/builds/openpli-scarthgap-build-1-30-2025/openpli-oe-core/build/tmp/work/osmio4k-oe-linux-gnueabi/enigma2/3.12+git/git=/usr/src/debug/enigma2/3.12+git  -fmacro-prefix-map=/home/pli/builds/openpli-scarthgap-build-1-30-2025/openpli-oe-core/build/tmp/work/osmio4k-oe-linux-gnueabi/enigma2/3.12+git/build=/usr/src/debug/enigma2/3.12+git  -fdebug-prefix-map=/home/pli/builds/openpli-scarthgap-build-1-30-2025/openpli-oe-core/build/tmp/work/osmio4k-oe-linux-gnueabi/enigma2/3.12+git/build=/usr/src/debug/enigma2/3.12+git  -fdebug-prefix-map=/home/pli/builds/openpli-scarthgap-build-1-30-2025/openpli-oe-core/build/tmp/work/osmio4k-oe-linux-gnueabi/enigma2/3.12+git/recipe-sysroot=  -fmacro-prefix-map=/home/pli/builds/openpli-scarthgap-build-1-30-2025/openpli-oe-core/build/tmp/work/osmio4k-oe-linux-gnueabi/enigma2/3.12+git/recipe-sysroot=  -fdebug-prefix-map=/home/pli/builds/openpli-scarthgap-build-1-30-2025/openpli-oe-core/build/tmp/work/osmio4k-oe-linux-gnueabi/enigma2/3.12+git/recipe-sysroot-native=  -fvisibility-inlines-hidden -Wattribute-alias -Wattribute-alias=1 -Wall -Wextra -Werror 	-Wformat=2 -Wformat-overflow=2 -Wformat-nonliteral -Wformat-security 	-Wimplicit-fallthrough=5 -Wduplicated-branches -Wtrampolines 	-Wdangling-else -Wshift-overflow=2 -Wswitch 	-Wunused-but-set-parameter -Wunused-const-variable=1 -Wuninitialized 	-Wstringop-overflow=3 -Woverlength-strings 	-Wunsafe-loop-optimizations -Wpointer-arith 	-Wfloat-equal -Wlogical-op 	-Wno-error=cast-align=strict -Wno-error=ignored-qualifiers 	-Wno-error=cast-function-type -Wno-error=deprecated-declarations 	-Wno-error=stringop-truncation -Wno-error=shadow -Wno-error=cast-qual 	-Wno-error=aggregate-return -Wno-error=missing-field-initializers 	-Wno-error=packed -Wno-error=vla -Wno-error=clobbered -Wno-error=unused-parameter 	-I/home/pli/builds/openpli-scarthgap-build-1-30-2025/openpli-oe-core/build/tmp/work/osmio4k-oe-linux-gnueabi/enigma2/3.12+git/recipe-sysroot/usr/include/freetype2 -I/home/pli/builds/openpli-scarthgap-build-1-30-2025/openpli-oe-core/build/tmp/work/osmio4k-oe-linux-gnueabi/enigma2/3.12+git/recipe-sysroot/usr/include/fribidi -I/home/pli/builds/openpli-scarthgap-build-1-30-2025/openpli-oe-core/build/tmp/work/osmio4k-oe-linux-gnueabi/enigma2/3.12+git/recipe-sysroot/usr/include/glib-2.0 -I/home/pli/builds/openpli-scarthgap-build-1-30-2025/openpli-oe-core/build/tmp/work/osmio4k-oe-linux-gnueabi/enigma2/3.12+git/recipe-sysroot/usr/lib/glib-2.0/include -I/home/pli/builds/openpli-scarthgap-build-1-30-2025/openpli-oe-core/build/tmp/work/osmio4k-oe-linux-gnueabi/enigma2/3.12+git/recipe-sysroot/usr/include/libpng16 -I/home/pli/builds/openpli-scarthgap-build-1-30-2025/openpli-oe-core/build/tmp/work/osmio4k-oe-linux-gnueabi/enigma2/3.12+git/recipe-sysroot/usr/include/libxml2 -I/home/pli/builds/openpli-scarthgap-build-1-30-2025/openpli-oe-core/build/tmp/work/osmio4k-oe-linux-gnueabi/enigma2/3.12+git/recipe-sysroot/usr/include/sigc++-3.0 -I/home/pli/builds/openpli-scarthgap-build-1-30-2025/openpli-oe-core/build/tmp/work/osmio4k-oe-linux-gnueabi/enigma2/3.12+git/recipe-sysroot/usr/lib/sigc++-3.0/include -fno-rtti -fno-exceptions -rdynamic -funwind-tables  -fopenmp  -MT gui/einputnumber.o -MD -MP -MF $depbase.Tpo -c -o gui/einputnumber.o ../../git/lib/gui/einputnumber.cpp &&\
mv -f $depbase.Tpo $depbase.Po


NOTE: recipe enigma-info-6-r0: task do_create_runtime_spdx: Succeeded
In file included from ../../git/lib/service/servicets.h:6,
                 from ../../git/lib/service/servicets.cpp:9:
../../git/lib/service/iservice.h: In member function 'virtual void iServiceInformation::getAITApplications(std::map<int, std::__cxx11::basic_string<char> >&)':
../../git/lib/service/iservice.h:439:69: warning: unused parameter 'aitlist' [-Wunused-parameter]
  439 |         virtual void getAITApplications(std::map<int, std::string> &aitlist) {};
      |                                         ~~~~~~~~~~~~~~~~~~~~~~~~~~~~^~~~~~~

../../git/lib/service/servicedvb.cpp: In member function 'virtual int eStaticServiceDVBInformation::getLength(const eServiceReference&)':
../../git/lib/service/servicedvb.cpp:89:70: warning: unused parameter 'ref' [-Wunused-parameter]
   89 | int eStaticServiceDVBInformation::getLength(const eServiceReference &ref)
      |                                             ~~~~~~~~~~~~~~~~~~~~~~~~~^~~

../../git/lib/service/servicedvb.cpp: In member function 'virtual int eStaticServiceDVBInformation::isPlayable(const eServiceReference&, const eServiceReference&, bool)':
../../git/lib/service/servicedvb.cpp:94:114: warning: unused parameter 'simulate' [-Wunused-parameter]
   94 | int eStaticServiceDVBInformation::isPlayable(const eServiceReference &ref, const eServiceReference &ignore, bool simulate)
      |                                                                                                             ~~~~~^~~~~~~~

../../git/lib/service/servicedvb.cpp: In member function 'virtual int eStaticServiceDVBBouquetInformation::getLength(const eServiceReference&)':
../../git/lib/service/servicedvb.cpp:304:77: warning: unused parameter 'ref' [-Wunused-parameter]
  304 | int eStaticServiceDVBBouquetInformation::getLength(const eServiceReference &ref)
      |                                                    ~~~~~~~~~~~~~~~~~~~~~~~~~^~~

In file included from ../../git/lib/driver/rc.cpp:1:
../../git/lib/driver/rc.h: In member function 'virtual void eRCDevice::setExclusive(bool)':
../../git/lib/driver/rc.h:58:40: warning: unused parameter 'b' [-Wunused-parameter]
   58 |         virtual void setExclusive(bool b) { };
      |                                   ~~~~~^


mv -f service/.deps/libenigma_service_a-event.Tpo service/.deps/libenigma_service_a-event.Po


In file included from ../../git/lib/service/servicewebts.h:6,
                 from ../../git/lib/service/servicewebts.cpp:9:
../../git/lib/service/iservice.h: In member function 'virtual void iServiceInformation::getAITApplications(std::map<int, std::__cxx11::basic_string<char> >&)':
../../git/lib/service/iservice.h:439:69: warning: unused parameter 'aitlist' [-Wunused-parameter]
  439 |         virtual void getAITApplications(std::map<int, std::string> &aitlist) {};
      |                                         ~~~~~~~~~~~~~~~~~~~~~~~~~~~~^~~~~~~

mv -f gdi/.deps/libenigma_gdi_a-drawing.Tpo gdi/.deps/libenigma_gdi_a-drawing.Po

NOTE: enigma-info-6-r0 do_package_write_ipk: Using umask 0o002 (not 22) for sstate packaging
depbase=`echo gui/einputstring.o | sed 's|[^/]*$|.deps/&|;s|\.o$||'`;\
arm-oe-linux-gnueabi-g++  -march=armv7ve -mfpu=neon-vfpv4 -mfloat-abi=hard -D_TIME_BITS=64 -D_FILE_OFFSET_BITS=64 --sysroot=/home/pli/builds/openpli-scarthgap-build-1-30-2025/openpli-oe-core/build/tmp/work/osmio4k-oe-linux-gnueabi/enigma2/3.12+git/recipe-sysroot -std=gnu++17 -DHAVE_CONFIG_H -I. -I../../git/lib -I..  -I.. -I../../git -I../../git/include -DPY_SSIZE_T_CLEAN -include Python.h -include ../enigma2_config.h -I/home/pli/builds/openpli-scarthgap-build-1-30-2025/openpli-oe-core/build/tmp/work/osmio4k-oe-linux-gnueabi/enigma2/3.12+git/recipe-sysroot/usr/include/python3.12  -Os -pipe -g -feliminate-unused-debug-types -fcanon-prefix-map  -fmacro-prefix-map=/home/pli/builds/openpli-scarthgap-build-1-30-2025/openpli-oe-core/build/tmp/work/osmio4k-oe-linux-gnueabi/enigma2/3.12+git/git=/usr/src/debug/enigma2/3.12+git  -fdebug-prefix-map=/home/pli/builds/openpli-scarthgap-build-1-30-2025/openpli-oe-core/build/tmp/work/osmio4k-oe-linux-gnueabi/enigma2/3.12+git/git=/usr/src/debug/enigma2/3.12+git  -fmacro-prefix-map=/home/pli/builds/openpli-scarthgap-build-1-30-2025/openpli-oe-core/build/tmp/work/osmio4k-oe-linux-gnueabi/enigma2/3.12+git/build=/usr/src/debug/enigma2/3.12+git  -fdebug-prefix-map=/home/pli/builds/openpli-scarthgap-build-1-30-2025/openpli-oe-core/build/tmp/work/osmio4k-oe-linux-gnueabi/enigma2/3.12+git/build=/usr/src/debug/enigma2/3.12+git  -fdebug-prefix-map=/home/pli/builds/openpli-scarthgap-build-1-30-2025/openpli-oe-core/build/tmp/work/osmio4k-oe-linux-gnueabi/enigma2/3.12+git/recipe-sysroot=  -fmacro-prefix-map=/home/pli/builds/openpli-scarthgap-build-1-30-2025/openpli-oe-core/build/tmp/work/osmio4k-oe-linux-gnueabi/enigma2/3.12+git/recipe-sysroot=  -fdebug-prefix-map=/home/pli/builds/openpli-scarthgap-build-1-30-2025/openpli-oe-core/build/tmp/work/osmio4k-oe-linux-gnueabi/enigma2/3.12+git/recipe-sysroot-native=  -fvisibility-inlines-hidden -Wattribute-alias -Wattribute-alias=1 -Wall -Wextra -Werror 	-Wformat=2 -Wformat-overflow=2 -Wformat-nonliteral -Wformat-security 	-Wimplicit-fallthrough=5 -Wduplicated-branches -Wtrampolines 	-Wdangling-else -Wshift-overflow=2 -Wswitch 	-Wunused-but-set-parameter -Wunused-const-variable=1 -Wuninitialized 	-Wstringop-overflow=3 -Woverlength-strings 	-Wunsafe-loop-optimizations -Wpointer-arith 	-Wfloat-equal -Wlogical-op 	-Wno-error=cast-align=strict -Wno-error=ignored-qualifiers 	-Wno-error=cast-function-type -Wno-error=deprecated-declarations 	-Wno-error=stringop-truncation -Wno-error=shadow -Wno-error=cast-qual 	-Wno-error=aggregate-return -Wno-error=missing-field-initializers 	-Wno-error=packed -Wno-error=vla -Wno-error=clobbered -Wno-error=unused-parameter 	-I/home/pli/builds/openpli-scarthgap-build-1-30-2025/openpli-oe-core/build/tmp/work/osmio4k-oe-linux-gnueabi/enigma2/3.12+git/recipe-sysroot/usr/include/freetype2 -I/home/pli/builds/openpli-scarthgap-build-1-30-2025/openpli-oe-core/build/tmp/work/osmio4k-oe-linux-gnueabi/enigma2/3.12+git/recipe-sysroot/usr/include/fribidi -I/home/pli/builds/openpli-scarthgap-build-1-30-2025/openpli-oe-core/build/tmp/work/osmio4k-oe-linux-gnueabi/enigma2/3.12+git/recipe-sysroot/usr/include/glib-2.0 -I/home/pli/builds/openpli-scarthgap-build-1-30-2025/openpli-oe-core/build/tmp/work/osmio4k-oe-linux-gnueabi/enigma2/3.12+git/recipe-sysroot/usr/lib/glib-2.0/include -I/home/pli/builds/openpli-scarthgap-build-1-30-2025/openpli-oe-core/build/tmp/work/osmio4k-oe-linux-gnueabi/enigma2/3.12+git/recipe-sysroot/usr/include/libpng16 -I/home/pli/builds/openpli-scarthgap-build-1-30-2025/openpli-oe-core/build/tmp/work/osmio4k-oe-linux-gnueabi/enigma2/3.12+git/recipe-sysroot/usr/include/libxml2 -I/home/pli/builds/openpli-scarthgap-build-1-30-2025/openpli-oe-core/build/tmp/work/osmio4k-oe-linux-gnueabi/enigma2/3.12+git/recipe-sysroot/usr/include/sigc++-3.0 -I/home/pli/builds/openpli-scarthgap-build-1-30-2025/openpli-oe-core/build/tmp/work/osmio4k-oe-linux-gnueabi/enigma2/3.12+git/recipe-sysroot/usr/lib/sigc++-3.0/include -fno-rtti -fno-exceptions -rdynamic -funwind-tables  -fopenmp  -MT gui/einputstring.o -MD -MP -MF $depbase.Tpo -c -o gui/einputstring.o ../../git/lib/gui/einputstring.cpp &&\
mv -f $depbase.Tpo $depbase.Po

depbase=`echo gui/elabel.o | sed 's|[^/]*$|.deps/&|;s|\.o$||'`;\
arm-oe-linux-gnueabi-g++  -march=armv7ve -mfpu=neon-vfpv4 -mfloat-abi=hard -D_TIME_BITS=64 -D_FILE_OFFSET_BITS=64 --sysroot=/home/pli/builds/openpli-scarthgap-build-1-30-2025/openpli-oe-core/build/tmp/work/osmio4k-oe-linux-gnueabi/enigma2/3.12+git/recipe-sysroot -std=gnu++17 -DHAVE_CONFIG_H -I. -I../../git/lib -I..  -I.. -I../../git -I../../git/include -DPY_SSIZE_T_CLEAN -include Python.h -include ../enigma2_config.h -I/home/pli/builds/openpli-scarthgap-build-1-30-2025/openpli-oe-core/build/tmp/work/osmio4k-oe-linux-gnueabi/enigma2/3.12+git/recipe-sysroot/usr/include/python3.12  -Os -pipe -g -feliminate-unused-debug-types -fcanon-prefix-map  -fmacro-prefix-map=/home/pli/builds/openpli-scarthgap-build-1-30-2025/openpli-oe-core/build/tmp/work/osmio4k-oe-linux-gnueabi/enigma2/3.12+git/git=/usr/src/debug/enigma2/3.12+git  -fdebug-prefix-map=/home/pli/builds/openpli-scarthgap-build-1-30-2025/openpli-oe-core/build/tmp/work/osmio4k-oe-linux-gnueabi/enigma2/3.12+git/git=/usr/src/debug/enigma2/3.12+git  -fmacro-prefix-map=/home/pli/builds/openpli-scarthgap-build-1-30-2025/openpli-oe-core/build/tmp/work/osmio4k-oe-linux-gnueabi/enigma2/3.12+git/build=/usr/src/debug/enigma2/3.12+git  -fdebug-prefix-map=/home/pli/builds/openpli-scarthgap-build-1-30-2025/openpli-oe-core/build/tmp/work/osmio4k-oe-linux-gnueabi/enigma2/3.12+git/build=/usr/src/debug/enigma2/3.12+git  -fdebug-prefix-map=/home/pli/builds/openpli-scarthgap-build-1-30-2025/openpli-oe-core/build/tmp/work/osmio4k-oe-linux-gnueabi/enigma2/3.12+git/recipe-sysroot=  -fmacro-prefix-map=/home/pli/builds/openpli-scarthgap-build-1-30-2025/openpli-oe-core/build/tmp/work/osmio4k-oe-linux-gnueabi/enigma2/3.12+git/recipe-sysroot=  -fdebug-prefix-map=/home/pli/builds/openpli-scarthgap-build-1-30-2025/openpli-oe-core/build/tmp/work/osmio4k-oe-linux-gnueabi/enigma2/3.12+git/recipe-sysroot-native=  -fvisibility-inlines-hidden -Wattribute-alias -Wattribute-alias=1 -Wall -Wextra -Werror 	-Wformat=2 -Wformat-overflow=2 -Wformat-nonliteral -Wformat-security 	-Wimplicit-fallthrough=5 -Wduplicated-branches -Wtrampolines 	-Wdangling-else -Wshift-overflow=2 -Wswitch 	-Wunused-but-set-parameter -Wunused-const-variable=1 -Wuninitialized 	-Wstringop-overflow=3 -Woverlength-strings 	-Wunsafe-loop-optimizations -Wpointer-arith 	-Wfloat-equal -Wlogical-op 	-Wno-error=cast-align=strict -Wno-error=ignored-qualifiers 	-Wno-error=cast-function-type -Wno-error=deprecated-declarations 	-Wno-error=stringop-truncation -Wno-error=shadow -Wno-error=cast-qual 	-Wno-error=aggregate-return -Wno-error=missing-field-initializers 	-Wno-error=packed -Wno-error=vla -Wno-error=clobbered -Wno-error=unused-parameter 	-I/home/pli/builds/openpli-scarthgap-build-1-30-2025/openpli-oe-core/build/tmp/work/osmio4k-oe-linux-gnueabi/enigma2/3.12+git/recipe-sysroot/usr/include/freetype2 -I/home/pli/builds/openpli-scarthgap-build-1-30-2025/openpli-oe-core/build/tmp/work/osmio4k-oe-linux-gnueabi/enigma2/3.12+git/recipe-sysroot/usr/include/fribidi -I/home/pli/builds/openpli-scarthgap-build-1-30-2025/openpli-oe-core/build/tmp/work/osmio4k-oe-linux-gnueabi/enigma2/3.12+git/recipe-sysroot/usr/include/glib-2.0 -I/home/pli/builds/openpli-scarthgap-build-1-30-2025/openpli-oe-core/build/tmp/work/osmio4k-oe-linux-gnueabi/enigma2/3.12+git/recipe-sysroot/usr/lib/glib-2.0/include -I/home/pli/builds/openpli-scarthgap-build-1-30-2025/openpli-oe-core/build/tmp/work/osmio4k-oe-linux-gnueabi/enigma2/3.12+git/recipe-sysroot/usr/include/libpng16 -I/home/pli/builds/openpli-scarthgap-build-1-30-2025/openpli-oe-core/build/tmp/work/osmio4k-oe-linux-gnueabi/enigma2/3.12+git/recipe-sysroot/usr/include/libxml2 -I/home/pli/builds/openpli-scarthgap-build-1-30-2025/openpli-oe-core/build/tmp/work/osmio4k-oe-linux-gnueabi/enigma2/3.12+git/recipe-sysroot/usr/include/sigc++-3.0 -I/home/pli/builds/openpli-scarthgap-build-1-30-2025/openpli-oe-core/build/tmp/work/osmio4k-oe-linux-gnueabi/enigma2/3.12+git/recipe-sysroot/usr/lib/sigc++-3.0/include -fno-rtti -fno-exceptions -rdynamic -funwind-tables  -fopenmp  -MT gui/elabel.o -MD -MP -MF $depbase.Tpo -c -o gui/elabel.o ../../git/lib/gui/elabel.cpp &&\
mv -f $depbase.Tpo $depbase.Po


In file included from ../../git/lib/nav/core.h:5,
                 from ../../git/lib/nav/core.cpp:1:
../../git/lib/service/iservice.h: In member function 'virtual void iServiceInformation::getAITApplications(std::map<int, std::__cxx11::basic_string<char> >&)':
../../git/lib/service/iservice.h:439:69: warning: unused parameter 'aitlist' [-Wunused-parameter]
  439 |         virtual void getAITApplications(std::map<int, std::string> &aitlist) {};
      |                                         ~~~~~~~~~~~~~~~~~~~~~~~~~~~~^~~~~~~


NOTE: recipe enigma-info-6-r0: task do_package_write_ipk: Succeeded
In file included from ../../git/lib/service/service.h:6,
                 from ../../git/lib/service/servicedvd.cpp:7:
../../git/lib/service/iservice.h: In member function 'virtual void iServiceInformation::getAITApplications(std::map<int, std::__cxx11::basic_string<char> >&)':
../../git/lib/service/iservice.h:439:69: warning: unused parameter 'aitlist' [-Wunused-parameter]
  439 |         virtual void getAITApplications(std::map<int, std::string> &aitlist) {};
      |                                         ~~~~~~~~~~~~~~~~~~~~~~~~~~~~^~~~~~~

In file included from ../../git/lib/nav/core.h:5,
                 from ../../git/lib/nav/pcore.h:4,
                 from ../../git/lib/nav/pcore.cpp:1:
../../git/lib/service/iservice.h: In member function 'virtual void iServiceInformation::getAITApplications(std::map<int, std::__cxx11::basic_string<char> >&)':
../../git/lib/service/iservice.h:439:69: warning: unused parameter 'aitlist' [-Wunused-parameter]
  439 |         virtual void getAITApplications(std::map<int, std::string> &aitlist) {};
      |                                         ~~~~~~~~~~~~~~~~~~~~~~~~~~~~^~~~~~~

NOTE: Running task 6354 of 6378 (/home/pli/builds/openpli-scarthgap-build-1-30-2025/openpli-oe-core/meta-openpli/recipes-openpli/enigma2/enigma-info.bb:do_rm_work)
In file included from ../../git/lib/driver/rcinput.h:4,
                 from ../../git/lib/driver/rcinput.cpp:1:
../../git/lib/driver/rc.h: In member function 'virtual void eRCDevice::setExclusive(bool)':
../../git/lib/driver/rc.h:58:40: warning: unused parameter 'b' [-Wunused-parameter]
   58 |         virtual void setExclusive(bool b) { };
      |                                   ~~~~~^

../../git/lib/service/servicedvb.cpp: In member function 'virtual int eStaticServiceDVBPVRInformation::isPlayable(const eServiceReference&, const eServiceReference&, bool)':
../../git/lib/service/servicedvb.cpp:326:49: warning: unused parameter 'ref' [-Wunused-parameter]
  326 |         int isPlayable(const eServiceReference &ref, const eServiceReference &ignore, bool simulate) { return 1; }
      |                        ~~~~~~~~~~~~~~~~~~~~~~~~~^~~

../../git/lib/service/servicedvb.cpp:326:79: warning: unused parameter 'ignore' [-Wunused-parameter]
  326 |         int isPlayable(const eServiceReference &ref, const eServiceReference &ignore, bool simulate) { return 1; }
      |                                                      ~~~~~~~~~~~~~~~~~~~~~~~~~^~~~~~

../../git/lib/service/servicedvb.cpp:326:92: warning: unused parameter 'simulate' [-Wunused-parameter]
  326 |         int isPlayable(const eServiceReference &ref, const eServiceReference &ignore, bool simulate) { return 1; }
      |                                                                                       ~~~~~^~~~~~~~

../../git/lib/service/servicedvb.cpp: In member function 'virtual int eStaticServiceDVBPVRInformation::getInfo(const eServiceReference&, int)':
../../git/lib/service/servicedvb.cpp:429:71: warning: unused parameter 'ref' [-Wunused-parameter]
  429 | int eStaticServiceDVBPVRInformation::getInfo(const eServiceReference &ref, int w)
      |                                              ~~~~~~~~~~~~~~~~~~~~~~~~~^~~

../../git/lib/service/servicedvb.cpp: In member function 'virtual std::string eStaticServiceDVBPVRInformation::getInfoString(const eServiceReference&, int)':
../../git/lib/service/servicedvb.cpp:451:85: warning: unused parameter 'ref' [-Wunused-parameter]
  451 | std::string eStaticServiceDVBPVRInformation::getInfoString(const eServiceReference &ref,int w)
      |                                                            ~~~~~~~~~~~~~~~~~~~~~~~~~^~~

../../git/lib/service/servicedvb.cpp: In member function 'virtual ePtr<iDVBTransponderData> eStaticServiceDVBPVRInformation::getTransponderData(const eServiceReference&)':
../../git/lib/service/servicedvb.cpp:466:104: warning: unused parameter 'r' [-Wunused-parameter]
  466 | ePtr<iDVBTransponderData> eStaticServiceDVBPVRInformation::getTransponderData(const eServiceReference &r)
      |                                                                               ~~~~~~~~~~~~~~~~~~~~~~~~~^

../../git/lib/service/servicedvb.cpp: In member function 'virtual long long int eStaticServiceDVBPVRInformation::getFileSize(const eServiceReference&)':
../../git/lib/service/servicedvb.cpp:472:81: warning: unused parameter 'ref' [-Wunused-parameter]
  472 | long long eStaticServiceDVBPVRInformation::getFileSize(const eServiceReference &ref)
      |                                                        ~~~~~~~~~~~~~~~~~~~~~~~~~^~~

In file included from ../../git/lib/dvb/dvb.h:12,
                 from ../../git/lib/dvb/pmt.h:8,
                 from ../../git/lib/service/servicedvb.h:7,
                 from ../../git/lib/service/servicem2ts.h:4,
                 from ../../git/lib/service/servicem2ts.cpp:6:
../../git/lib/dvb/tstools.h: In member function 'virtual RESULT eTSFileSectionReader::setBufferSize(int)':
../../git/lib/dvb/tstools.h:29:34: warning: unused parameter 'size' [-Wunused-parameter]
   29 |         RESULT setBufferSize(int size) { return 0; }
      |                              ~~~~^~~~

../../git/lib/service/servicefs.cpp: In member function 'virtual int eStaticServiceFSInformation::getLength(const eServiceReference&)':
../../git/lib/service/servicefs.cpp:20:48: warning: unused parameter 'ref' [-Wunused-parameter]
   20 |         int getLength(const eServiceReference &ref) { return -1; }
      |                       ~~~~~~~~~~~~~~~~~~~~~~~~~^~~

../../git/lib/service/servicefs.cpp: In member function 'virtual RESULT eServiceFactoryFS::play(const eServiceReference&, ePtr<iPlayableService>&)':
../../git/lib/service/servicefs.cpp:59:57: warning: unused parameter 'ref' [-Wunused-parameter]
   59 | RESULT eServiceFactoryFS::play(const eServiceReference &ref, ePtr<iPlayableService> &ptr)
      |                                ~~~~~~~~~~~~~~~~~~~~~~~~~^~~

../../git/lib/service/servicefs.cpp: In member function 'virtual RESULT eServiceFactoryFS::record(const eServiceReference&, ePtr<iRecordableService>&)':
../../git/lib/service/servicefs.cpp:65:59: warning: unused parameter 'ref' [-Wunused-parameter]
   65 | RESULT eServiceFactoryFS::record(const eServiceReference &ref, ePtr<iRecordableService> &ptr)
      |                                  ~~~~~~~~~~~~~~~~~~~~~~~~~^~~

../../git/lib/service/servicefs.cpp: In member function 'virtual RESULT eServiceFactoryFS::info(const eServiceReference&, ePtr<iStaticServiceInformation>&)':
../../git/lib/service/servicefs.cpp:77:57: warning: unused parameter 'ref' [-Wunused-parameter]
   77 | RESULT eServiceFactoryFS::info(const eServiceReference &ref, ePtr<iStaticServiceInformation> &ptr)
      |                                ~~~~~~~~~~~~~~~~~~~~~~~~~^~~

../../git/lib/service/servicedvb.cpp: In member function 'virtual RESULT eDVBServicePlay::setTrickmode(int)':
../../git/lib/service/servicedvb.cpp:1708:42: warning: unused parameter 'trick' [-Wunused-parameter]
 1708 | RESULT eDVBServicePlay::setTrickmode(int trick)
      |                                      ~~~~^~~~~

In file included from ../../git/lib/dvb/dvb.h:12,
                 from ../../git/lib/dvb/pmt.h:8,
                 from ../../git/lib/service/servicedvbstream.h:6:
../../git/lib/dvb/tstools.h: In member function 'virtual RESULT eTSFileSectionReader::setBufferSize(int)':
../../git/lib/dvb/tstools.h:29:34: warning: unused parameter 'size' [-Wunused-parameter]
   29 |         RESULT setBufferSize(int size) { return 0; }
      |                              ~~~~^~~~

../../git/lib/service/servicedvb.cpp: In member function 'virtual int eDVBServicePlay::setBufferSize(int)':
../../git/lib/service/servicedvb.cpp:1837:40: warning: unused parameter 'size' [-Wunused-parameter]
 1837 | int eDVBServicePlay::setBufferSize(int size)
      |                                    ~~~~^~~~

mv -f gdi/.deps/libenigma_gdi_a-gpixmap.Tpo gdi/.deps/libenigma_gdi_a-gpixmap.Po

depbase=`echo gui/elistbox.o | sed 's|[^/]*$|.deps/&|;s|\.o$||'`;\
arm-oe-linux-gnueabi-g++  -march=armv7ve -mfpu=neon-vfpv4 -mfloat-abi=hard -D_TIME_BITS=64 -D_FILE_OFFSET_BITS=64 --sysroot=/home/pli/builds/openpli-scarthgap-build-1-30-2025/openpli-oe-core/build/tmp/work/osmio4k-oe-linux-gnueabi/enigma2/3.12+git/recipe-sysroot -std=gnu++17 -DHAVE_CONFIG_H -I. -I../../git/lib -I..  -I.. -I../../git -I../../git/include -DPY_SSIZE_T_CLEAN -include Python.h -include ../enigma2_config.h -I/home/pli/builds/openpli-scarthgap-build-1-30-2025/openpli-oe-core/build/tmp/work/osmio4k-oe-linux-gnueabi/enigma2/3.12+git/recipe-sysroot/usr/include/python3.12  -Os -pipe -g -feliminate-unused-debug-types -fcanon-prefix-map  -fmacro-prefix-map=/home/pli/builds/openpli-scarthgap-build-1-30-2025/openpli-oe-core/build/tmp/work/osmio4k-oe-linux-gnueabi/enigma2/3.12+git/git=/usr/src/debug/enigma2/3.12+git  -fdebug-prefix-map=/home/pli/builds/openpli-scarthgap-build-1-30-2025/openpli-oe-core/build/tmp/work/osmio4k-oe-linux-gnueabi/enigma2/3.12+git/git=/usr/src/debug/enigma2/3.12+git  -fmacro-prefix-map=/home/pli/builds/openpli-scarthgap-build-1-30-2025/openpli-oe-core/build/tmp/work/osmio4k-oe-linux-gnueabi/enigma2/3.12+git/build=/usr/src/debug/enigma2/3.12+git  -fdebug-prefix-map=/home/pli/builds/openpli-scarthgap-build-1-30-2025/openpli-oe-core/build/tmp/work/osmio4k-oe-linux-gnueabi/enigma2/3.12+git/build=/usr/src/debug/enigma2/3.12+git  -fdebug-prefix-map=/home/pli/builds/openpli-scarthgap-build-1-30-2025/openpli-oe-core/build/tmp/work/osmio4k-oe-linux-gnueabi/enigma2/3.12+git/recipe-sysroot=  -fmacro-prefix-map=/home/pli/builds/openpli-scarthgap-build-1-30-2025/openpli-oe-core/build/tmp/work/osmio4k-oe-linux-gnueabi/enigma2/3.12+git/recipe-sysroot=  -fdebug-prefix-map=/home/pli/builds/openpli-scarthgap-build-1-30-2025/openpli-oe-core/build/tmp/work/osmio4k-oe-linux-gnueabi/enigma2/3.12+git/recipe-sysroot-native=  -fvisibility-inlines-hidden -Wattribute-alias -Wattribute-alias=1 -Wall -Wextra -Werror 	-Wformat=2 -Wformat-overflow=2 -Wformat-nonliteral -Wformat-security 	-Wimplicit-fallthrough=5 -Wduplicated-branches -Wtrampolines 	-Wdangling-else -Wshift-overflow=2 -Wswitch 	-Wunused-but-set-parameter -Wunused-const-variable=1 -Wuninitialized 	-Wstringop-overflow=3 -Woverlength-strings 	-Wunsafe-loop-optimizations -Wpointer-arith 	-Wfloat-equal -Wlogical-op 	-Wno-error=cast-align=strict -Wno-error=ignored-qualifiers 	-Wno-error=cast-function-type -Wno-error=deprecated-declarations 	-Wno-error=stringop-truncation -Wno-error=shadow -Wno-error=cast-qual 	-Wno-error=aggregate-return -Wno-error=missing-field-initializers 	-Wno-error=packed -Wno-error=vla -Wno-error=clobbered -Wno-error=unused-parameter 	-I/home/pli/builds/openpli-scarthgap-build-1-30-2025/openpli-oe-core/build/tmp/work/osmio4k-oe-linux-gnueabi/enigma2/3.12+git/recipe-sysroot/usr/include/freetype2 -I/home/pli/builds/openpli-scarthgap-build-1-30-2025/openpli-oe-core/build/tmp/work/osmio4k-oe-linux-gnueabi/enigma2/3.12+git/recipe-sysroot/usr/include/fribidi -I/home/pli/builds/openpli-scarthgap-build-1-30-2025/openpli-oe-core/build/tmp/work/osmio4k-oe-linux-gnueabi/enigma2/3.12+git/recipe-sysroot/usr/include/glib-2.0 -I/home/pli/builds/openpli-scarthgap-build-1-30-2025/openpli-oe-core/build/tmp/work/osmio4k-oe-linux-gnueabi/enigma2/3.12+git/recipe-sysroot/usr/lib/glib-2.0/include -I/home/pli/builds/openpli-scarthgap-build-1-30-2025/openpli-oe-core/build/tmp/work/osmio4k-oe-linux-gnueabi/enigma2/3.12+git/recipe-sysroot/usr/include/libpng16 -I/home/pli/builds/openpli-scarthgap-build-1-30-2025/openpli-oe-core/build/tmp/work/osmio4k-oe-linux-gnueabi/enigma2/3.12+git/recipe-sysroot/usr/include/libxml2 -I/home/pli/builds/openpli-scarthgap-build-1-30-2025/openpli-oe-core/build/tmp/work/osmio4k-oe-linux-gnueabi/enigma2/3.12+git/recipe-sysroot/usr/include/sigc++-3.0 -I/home/pli/builds/openpli-scarthgap-build-1-30-2025/openpli-oe-core/build/tmp/work/osmio4k-oe-linux-gnueabi/enigma2/3.12+git/recipe-sysroot/usr/lib/sigc++-3.0/include -fno-rtti -fno-exceptions -rdynamic -funwind-tables  -fopenmp  -MT gui/elistbox.o -MD -MP -MF $depbase.Tpo -c -o gui/elistbox.o ../../git/lib/gui/elistbox.cpp &&\
mv -f $depbase.Tpo $depbase.Po

In file included from ../../git/lib/gui/esubtitle.h:5,
                 from ../../git/lib/service/servicedvd.cpp:10:
../../git/lib/gui/ewidget.h: In member function 'void eWidget::setPositionNotifyChild(int)':
../../git/lib/gui/ewidget.h:151:41: warning: unused parameter 'n' [-Wunused-parameter]
  151 |         void setPositionNotifyChild(int n) { m_notify_child_on_position_change = 1; }
      |                                     ~~~~^

In file included from ../../git/lib/dvb/dvb.h:12,
                 from ../../git/lib/service/servicets.h:7:
../../git/lib/dvb/tstools.h: In member function 'virtual RESULT eTSFileSectionReader::setBufferSize(int)':
../../git/lib/dvb/tstools.h:29:34: warning: unused parameter 'size' [-Wunused-parameter]
   29 |         RESULT setBufferSize(int size) { return 0; }
      |                              ~~~~^~~~

mv -f driver/.deps/libenigma_driver_a-misc_options.Tpo driver/.deps/libenigma_driver_a-misc_options.Po

depbase=`echo gui/elistboxcontent.o | sed 's|[^/]*$|.deps/&|;s|\.o$||'`;\
arm-oe-linux-gnueabi-g++  -march=armv7ve -mfpu=neon-vfpv4 -mfloat-abi=hard -D_TIME_BITS=64 -D_FILE_OFFSET_BITS=64 --sysroot=/home/pli/builds/openpli-scarthgap-build-1-30-2025/openpli-oe-core/build/tmp/work/osmio4k-oe-linux-gnueabi/enigma2/3.12+git/recipe-sysroot -std=gnu++17 -DHAVE_CONFIG_H -I. -I../../git/lib -I..  -I.. -I../../git -I../../git/include -DPY_SSIZE_T_CLEAN -include Python.h -include ../enigma2_config.h -I/home/pli/builds/openpli-scarthgap-build-1-30-2025/openpli-oe-core/build/tmp/work/osmio4k-oe-linux-gnueabi/enigma2/3.12+git/recipe-sysroot/usr/include/python3.12  -Os -pipe -g -feliminate-unused-debug-types -fcanon-prefix-map  -fmacro-prefix-map=/home/pli/builds/openpli-scarthgap-build-1-30-2025/openpli-oe-core/build/tmp/work/osmio4k-oe-linux-gnueabi/enigma2/3.12+git/git=/usr/src/debug/enigma2/3.12+git  -fdebug-prefix-map=/home/pli/builds/openpli-scarthgap-build-1-30-2025/openpli-oe-core/build/tmp/work/osmio4k-oe-linux-gnueabi/enigma2/3.12+git/git=/usr/src/debug/enigma2/3.12+git  -fmacro-prefix-map=/home/pli/builds/openpli-scarthgap-build-1-30-2025/openpli-oe-core/build/tmp/work/osmio4k-oe-linux-gnueabi/enigma2/3.12+git/build=/usr/src/debug/enigma2/3.12+git  -fdebug-prefix-map=/home/pli/builds/openpli-scarthgap-build-1-30-2025/openpli-oe-core/build/tmp/work/osmio4k-oe-linux-gnueabi/enigma2/3.12+git/build=/usr/src/debug/enigma2/3.12+git  -fdebug-prefix-map=/home/pli/builds/openpli-scarthgap-build-1-30-2025/openpli-oe-core/build/tmp/work/osmio4k-oe-linux-gnueabi/enigma2/3.12+git/recipe-sysroot=  -fmacro-prefix-map=/home/pli/builds/openpli-scarthgap-build-1-30-2025/openpli-oe-core/build/tmp/work/osmio4k-oe-linux-gnueabi/enigma2/3.12+git/recipe-sysroot=  -fdebug-prefix-map=/home/pli/builds/openpli-scarthgap-build-1-30-2025/openpli-oe-core/build/tmp/work/osmio4k-oe-linux-gnueabi/enigma2/3.12+git/recipe-sysroot-native=  -fvisibility-inlines-hidden -Wattribute-alias -Wattribute-alias=1 -Wall -Wextra -Werror 	-Wformat=2 -Wformat-overflow=2 -Wformat-nonliteral -Wformat-security 	-Wimplicit-fallthrough=5 -Wduplicated-branches -Wtrampolines 	-Wdangling-else -Wshift-overflow=2 -Wswitch 	-Wunused-but-set-parameter -Wunused-const-variable=1 -Wuninitialized 	-Wstringop-overflow=3 -Woverlength-strings 	-Wunsafe-loop-optimizations -Wpointer-arith 	-Wfloat-equal -Wlogical-op 	-Wno-error=cast-align=strict -Wno-error=ignored-qualifiers 	-Wno-error=cast-function-type -Wno-error=deprecated-declarations 	-Wno-error=stringop-truncation -Wno-error=shadow -Wno-error=cast-qual 	-Wno-error=aggregate-return -Wno-error=missing-field-initializers 	-Wno-error=packed -Wno-error=vla -Wno-error=clobbered -Wno-error=unused-parameter 	-I/home/pli/builds/openpli-scarthgap-build-1-30-2025/openpli-oe-core/build/tmp/work/osmio4k-oe-linux-gnueabi/enigma2/3.12+git/recipe-sysroot/usr/include/freetype2 -I/home/pli/builds/openpli-scarthgap-build-1-30-2025/openpli-oe-core/build/tmp/work/osmio4k-oe-linux-gnueabi/enigma2/3.12+git/recipe-sysroot/usr/include/fribidi -I/home/pli/builds/openpli-scarthgap-build-1-30-2025/openpli-oe-core/build/tmp/work/osmio4k-oe-linux-gnueabi/enigma2/3.12+git/recipe-sysroot/usr/include/glib-2.0 -I/home/pli/builds/openpli-scarthgap-build-1-30-2025/openpli-oe-core/build/tmp/work/osmio4k-oe-linux-gnueabi/enigma2/3.12+git/recipe-sysroot/usr/lib/glib-2.0/include -I/home/pli/builds/openpli-scarthgap-build-1-30-2025/openpli-oe-core/build/tmp/work/osmio4k-oe-linux-gnueabi/enigma2/3.12+git/recipe-sysroot/usr/include/libpng16 -I/home/pli/builds/openpli-scarthgap-build-1-30-2025/openpli-oe-core/build/tmp/work/osmio4k-oe-linux-gnueabi/enigma2/3.12+git/recipe-sysroot/usr/include/libxml2 -I/home/pli/builds/openpli-scarthgap-build-1-30-2025/openpli-oe-core/build/tmp/work/osmio4k-oe-linux-gnueabi/enigma2/3.12+git/recipe-sysroot/usr/include/sigc++-3.0 -I/home/pli/builds/openpli-scarthgap-build-1-30-2025/openpli-oe-core/build/tmp/work/osmio4k-oe-linux-gnueabi/enigma2/3.12+git/recipe-sysroot/usr/lib/sigc++-3.0/include -fno-rtti -fno-exceptions -rdynamic -funwind-tables  -fopenmp  -MT gui/elistboxcontent.o -MD -MP -MF $depbase.Tpo -c -o gui/elistboxcontent.o ../../git/lib/gui/elistboxcontent.cpp &&\
mv -f $depbase.Tpo $depbase.Po

In file included from ../../git/lib/driver/hdmi_cec.h:4,
                 from ../../git/lib/driver/hdmi_cec.cpp:12:
../../git/lib/driver/rc.h: In member function 'virtual void eRCDevice::setExclusive(bool)':
../../git/lib/driver/rc.h:58:40: warning: unused parameter 'b' [-Wunused-parameter]
   58 |         virtual void setExclusive(bool b) { };
      |                                   ~~~~~^

In file included from ../../git/lib/dvb/dvb.h:12,
                 from ../../git/lib/dvb/pmt.h:8,
                 from ../../git/lib/service/servicedvbstream.h:6,
                 from ../../git/lib/dvb/streamserver.h:5,
                 from ../../git/lib/dvb/encoder.h:7,
                 from ../../git/lib/service/servicehdmi.cpp:8:
../../git/lib/dvb/tstools.h: In member function 'virtual RESULT eTSFileSectionReader::setBufferSize(int)':
../../git/lib/dvb/tstools.h:29:34: warning: unused parameter 'size' [-Wunused-parameter]
   29 |         RESULT setBufferSize(int size) { return 0; }
      |                              ~~~~^~~~

mv -f gdi/.deps/libenigma_gdi_a-font.Tpo gdi/.deps/libenigma_gdi_a-font.Po

depbase=`echo gui/epixmap.o | sed 's|[^/]*$|.deps/&|;s|\.o$||'`;\
arm-oe-linux-gnueabi-g++  -march=armv7ve -mfpu=neon-vfpv4 -mfloat-abi=hard -D_TIME_BITS=64 -D_FILE_OFFSET_BITS=64 --sysroot=/home/pli/builds/openpli-scarthgap-build-1-30-2025/openpli-oe-core/build/tmp/work/osmio4k-oe-linux-gnueabi/enigma2/3.12+git/recipe-sysroot -std=gnu++17 -DHAVE_CONFIG_H -I. -I../../git/lib -I..  -I.. -I../../git -I../../git/include -DPY_SSIZE_T_CLEAN -include Python.h -include ../enigma2_config.h -I/home/pli/builds/openpli-scarthgap-build-1-30-2025/openpli-oe-core/build/tmp/work/osmio4k-oe-linux-gnueabi/enigma2/3.12+git/recipe-sysroot/usr/include/python3.12  -Os -pipe -g -feliminate-unused-debug-types -fcanon-prefix-map  -fmacro-prefix-map=/home/pli/builds/openpli-scarthgap-build-1-30-2025/openpli-oe-core/build/tmp/work/osmio4k-oe-linux-gnueabi/enigma2/3.12+git/git=/usr/src/debug/enigma2/3.12+git  -fdebug-prefix-map=/home/pli/builds/openpli-scarthgap-build-1-30-2025/openpli-oe-core/build/tmp/work/osmio4k-oe-linux-gnueabi/enigma2/3.12+git/git=/usr/src/debug/enigma2/3.12+git  -fmacro-prefix-map=/home/pli/builds/openpli-scarthgap-build-1-30-2025/openpli-oe-core/build/tmp/work/osmio4k-oe-linux-gnueabi/enigma2/3.12+git/build=/usr/src/debug/enigma2/3.12+git  -fdebug-prefix-map=/home/pli/builds/openpli-scarthgap-build-1-30-2025/openpli-oe-core/build/tmp/work/osmio4k-oe-linux-gnueabi/enigma2/3.12+git/build=/usr/src/debug/enigma2/3.12+git  -fdebug-prefix-map=/home/pli/builds/openpli-scarthgap-build-1-30-2025/openpli-oe-core/build/tmp/work/osmio4k-oe-linux-gnueabi/enigma2/3.12+git/recipe-sysroot=  -fmacro-prefix-map=/home/pli/builds/openpli-scarthgap-build-1-30-2025/openpli-oe-core/build/tmp/work/osmio4k-oe-linux-gnueabi/enigma2/3.12+git/recipe-sysroot=  -fdebug-prefix-map=/home/pli/builds/openpli-scarthgap-build-1-30-2025/openpli-oe-core/build/tmp/work/osmio4k-oe-linux-gnueabi/enigma2/3.12+git/recipe-sysroot-native=  -fvisibility-inlines-hidden -Wattribute-alias -Wattribute-alias=1 -Wall -Wextra -Werror 	-Wformat=2 -Wformat-overflow=2 -Wformat-nonliteral -Wformat-security 	-Wimplicit-fallthrough=5 -Wduplicated-branches -Wtrampolines 	-Wdangling-else -Wshift-overflow=2 -Wswitch 	-Wunused-but-set-parameter -Wunused-const-variable=1 -Wuninitialized 	-Wstringop-overflow=3 -Woverlength-strings 	-Wunsafe-loop-optimizations -Wpointer-arith 	-Wfloat-equal -Wlogical-op 	-Wno-error=cast-align=strict -Wno-error=ignored-qualifiers 	-Wno-error=cast-function-type -Wno-error=deprecated-declarations 	-Wno-error=stringop-truncation -Wno-error=shadow -Wno-error=cast-qual 	-Wno-error=aggregate-return -Wno-error=missing-field-initializers 	-Wno-error=packed -Wno-error=vla -Wno-error=clobbered -Wno-error=unused-parameter 	-I/home/pli/builds/openpli-scarthgap-build-1-30-2025/openpli-oe-core/build/tmp/work/osmio4k-oe-linux-gnueabi/enigma2/3.12+git/recipe-sysroot/usr/include/freetype2 -I/home/pli/builds/openpli-scarthgap-build-1-30-2025/openpli-oe-core/build/tmp/work/osmio4k-oe-linux-gnueabi/enigma2/3.12+git/recipe-sysroot/usr/include/fribidi -I/home/pli/builds/openpli-scarthgap-build-1-30-2025/openpli-oe-core/build/tmp/work/osmio4k-oe-linux-gnueabi/enigma2/3.12+git/recipe-sysroot/usr/include/glib-2.0 -I/home/pli/builds/openpli-scarthgap-build-1-30-2025/openpli-oe-core/build/tmp/work/osmio4k-oe-linux-gnueabi/enigma2/3.12+git/recipe-sysroot/usr/lib/glib-2.0/include -I/home/pli/builds/openpli-scarthgap-build-1-30-2025/openpli-oe-core/build/tmp/work/osmio4k-oe-linux-gnueabi/enigma2/3.12+git/recipe-sysroot/usr/include/libpng16 -I/home/pli/builds/openpli-scarthgap-build-1-30-2025/openpli-oe-core/build/tmp/work/osmio4k-oe-linux-gnueabi/enigma2/3.12+git/recipe-sysroot/usr/include/libxml2 -I/home/pli/builds/openpli-scarthgap-build-1-30-2025/openpli-oe-core/build/tmp/work/osmio4k-oe-linux-gnueabi/enigma2/3.12+git/recipe-sysroot/usr/include/sigc++-3.0 -I/home/pli/builds/openpli-scarthgap-build-1-30-2025/openpli-oe-core/build/tmp/work/osmio4k-oe-linux-gnueabi/enigma2/3.12+git/recipe-sysroot/usr/lib/sigc++-3.0/include -fno-rtti -fno-exceptions -rdynamic -funwind-tables  -fopenmp  -MT gui/epixmap.o -MD -MP -MF $depbase.Tpo -c -o gui/epixmap.o ../../git/lib/gui/epixmap.cpp &&\
mv -f $depbase.Tpo $depbase.Po

NOTE: recipe enigma-info-6-r0: task do_rm_work: Started
mv -f driver/.deps/libenigma_driver_a-rfmod.Tpo driver/.deps/libenigma_driver_a-rfmod.Po

mv -f service/.deps/libenigma_service_a-servicepeer.Tpo service/.deps/libenigma_service_a-servicepeer.Po

../../git/lib/service/servicets.h: In member function 'virtual RESULT eServiceTS::setTarget(int, bool)':
../../git/lib/service/servicets.h:59:30: warning: unused parameter 'target' [-Wunused-parameter]
   59 |         RESULT setTarget(int target, bool noaudio = false) { return -1; };
      |                          ~~~~^~~~~~

../../git/lib/service/servicets.h:59:43: warning: unused parameter 'noaudio' [-Wunused-parameter]
   59 |         RESULT setTarget(int target, bool noaudio = false) { return -1; };
      |                                      ~~~~~^~~~~~~~~~~~~~~

../../git/lib/service/servicets.h: In member function 'virtual RESULT eServiceTS::setSlowMotion(int)':
../../git/lib/service/servicets.h:60:34: warning: unused parameter 'ratio' [-Wunused-parameter]
   60 |         RESULT setSlowMotion(int ratio) { return -1; };
      |                              ~~~~^~~~~

../../git/lib/service/servicets.h: In member function 'virtual RESULT eServiceTS::setFastForward(int)':
../../git/lib/service/servicets.h:61:35: warning: unused parameter 'ratio' [-Wunused-parameter]
   61 |         RESULT setFastForward(int ratio) { return -1; };
      |                               ~~~~^~~~~

depbase=`echo gui/epositiongauge.o | sed 's|[^/]*$|.deps/&|;s|\.o$||'`;\
arm-oe-linux-gnueabi-g++  -march=armv7ve -mfpu=neon-vfpv4 -mfloat-abi=hard -D_TIME_BITS=64 -D_FILE_OFFSET_BITS=64 --sysroot=/home/pli/builds/openpli-scarthgap-build-1-30-2025/openpli-oe-core/build/tmp/work/osmio4k-oe-linux-gnueabi/enigma2/3.12+git/recipe-sysroot -std=gnu++17 -DHAVE_CONFIG_H -I. -I../../git/lib -I..  -I.. -I../../git -I../../git/include -DPY_SSIZE_T_CLEAN -include Python.h -include ../enigma2_config.h -I/home/pli/builds/openpli-scarthgap-build-1-30-2025/openpli-oe-core/build/tmp/work/osmio4k-oe-linux-gnueabi/enigma2/3.12+git/recipe-sysroot/usr/include/python3.12  -Os -pipe -g -feliminate-unused-debug-types -fcanon-prefix-map  -fmacro-prefix-map=/home/pli/builds/openpli-scarthgap-build-1-30-2025/openpli-oe-core/build/tmp/work/osmio4k-oe-linux-gnueabi/enigma2/3.12+git/git=/usr/src/debug/enigma2/3.12+git  -fdebug-prefix-map=/home/pli/builds/openpli-scarthgap-build-1-30-2025/openpli-oe-core/build/tmp/work/osmio4k-oe-linux-gnueabi/enigma2/3.12+git/git=/usr/src/debug/enigma2/3.12+git  -fmacro-prefix-map=/home/pli/builds/openpli-scarthgap-build-1-30-2025/openpli-oe-core/build/tmp/work/osmio4k-oe-linux-gnueabi/enigma2/3.12+git/build=/usr/src/debug/enigma2/3.12+git  -fdebug-prefix-map=/home/pli/builds/openpli-scarthgap-build-1-30-2025/openpli-oe-core/build/tmp/work/osmio4k-oe-linux-gnueabi/enigma2/3.12+git/build=/usr/src/debug/enigma2/3.12+git  -fdebug-prefix-map=/home/pli/builds/openpli-scarthgap-build-1-30-2025/openpli-oe-core/build/tmp/work/osmio4k-oe-linux-gnueabi/enigma2/3.12+git/recipe-sysroot=  -fmacro-prefix-map=/home/pli/builds/openpli-scarthgap-build-1-30-2025/openpli-oe-core/build/tmp/work/osmio4k-oe-linux-gnueabi/enigma2/3.12+git/recipe-sysroot=  -fdebug-prefix-map=/home/pli/builds/openpli-scarthgap-build-1-30-2025/openpli-oe-core/build/tmp/work/osmio4k-oe-linux-gnueabi/enigma2/3.12+git/recipe-sysroot-native=  -fvisibility-inlines-hidden -Wattribute-alias -Wattribute-alias=1 -Wall -Wextra -Werror 	-Wformat=2 -Wformat-overflow=2 -Wformat-nonliteral -Wformat-security 	-Wimplicit-fallthrough=5 -Wduplicated-branches -Wtrampolines 	-Wdangling-else -Wshift-overflow=2 -Wswitch 	-Wunused-but-set-parameter -Wunused-const-variable=1 -Wuninitialized 	-Wstringop-overflow=3 -Woverlength-strings 	-Wunsafe-loop-optimizations -Wpointer-arith 	-Wfloat-equal -Wlogical-op 	-Wno-error=cast-align=strict -Wno-error=ignored-qualifiers 	-Wno-error=cast-function-type -Wno-error=deprecated-declarations 	-Wno-error=stringop-truncation -Wno-error=shadow -Wno-error=cast-qual 	-Wno-error=aggregate-return -Wno-error=missing-field-initializers 	-Wno-error=packed -Wno-error=vla -Wno-error=clobbered -Wno-error=unused-parameter 	-I/home/pli/builds/openpli-scarthgap-build-1-30-2025/openpli-oe-core/build/tmp/work/osmio4k-oe-linux-gnueabi/enigma2/3.12+git/recipe-sysroot/usr/include/freetype2 -I/home/pli/builds/openpli-scarthgap-build-1-30-2025/openpli-oe-core/build/tmp/work/osmio4k-oe-linux-gnueabi/enigma2/3.12+git/recipe-sysroot/usr/include/fribidi -I/home/pli/builds/openpli-scarthgap-build-1-30-2025/openpli-oe-core/build/tmp/work/osmio4k-oe-linux-gnueabi/enigma2/3.12+git/recipe-sysroot/usr/include/glib-2.0 -I/home/pli/builds/openpli-scarthgap-build-1-30-2025/openpli-oe-core/build/tmp/work/osmio4k-oe-linux-gnueabi/enigma2/3.12+git/recipe-sysroot/usr/lib/glib-2.0/include -I/home/pli/builds/openpli-scarthgap-build-1-30-2025/openpli-oe-core/build/tmp/work/osmio4k-oe-linux-gnueabi/enigma2/3.12+git/recipe-sysroot/usr/include/libpng16 -I/home/pli/builds/openpli-scarthgap-build-1-30-2025/openpli-oe-core/build/tmp/work/osmio4k-oe-linux-gnueabi/enigma2/3.12+git/recipe-sysroot/usr/include/libxml2 -I/home/pli/builds/openpli-scarthgap-build-1-30-2025/openpli-oe-core/build/tmp/work/osmio4k-oe-linux-gnueabi/enigma2/3.12+git/recipe-sysroot/usr/include/sigc++-3.0 -I/home/pli/builds/openpli-scarthgap-build-1-30-2025/openpli-oe-core/build/tmp/work/osmio4k-oe-linux-gnueabi/enigma2/3.12+git/recipe-sysroot/usr/lib/sigc++-3.0/include -fno-rtti -fno-exceptions -rdynamic -funwind-tables  -fopenmp  -MT gui/epositiongauge.o -MD -MP -MF $depbase.Tpo -c -o gui/epositiongauge.o ../../git/lib/gui/epositiongauge.cpp &&\
mv -f $depbase.Tpo $depbase.Po

../../git/lib/service/servicets.h: In member function 'virtual void eServiceTS::setQpipMode(bool, bool)':
../../git/lib/service/servicets.h:68:31: warning: unused parameter 'value' [-Wunused-parameter]
   68 |         void setQpipMode(bool value, bool audio) { }
      |                          ~~~~~^~~~~

../../git/lib/service/servicets.h:68:43: warning: unused parameter 'audio' [-Wunused-parameter]
   68 |         void setQpipMode(bool value, bool audio) { }
      |                                      ~~~~~^~~~~

../../git/lib/service/servicets.h: In member function 'virtual RESULT eServiceTS::selectChannel(int)':
../../git/lib/service/servicets.h:102:34: warning: unused parameter 'i' [-Wunused-parameter]
  102 |         RESULT selectChannel(int i) { return 0; };
      |                              ~~~~^

depbase=`echo gui/eslider.o | sed 's|[^/]*$|.deps/&|;s|\.o$||'`;\
arm-oe-linux-gnueabi-g++  -march=armv7ve -mfpu=neon-vfpv4 -mfloat-abi=hard -D_TIME_BITS=64 -D_FILE_OFFSET_BITS=64 --sysroot=/home/pli/builds/openpli-scarthgap-build-1-30-2025/openpli-oe-core/build/tmp/work/osmio4k-oe-linux-gnueabi/enigma2/3.12+git/recipe-sysroot -std=gnu++17 -DHAVE_CONFIG_H -I. -I../../git/lib -I..  -I.. -I../../git -I../../git/include -DPY_SSIZE_T_CLEAN -include Python.h -include ../enigma2_config.h -I/home/pli/builds/openpli-scarthgap-build-1-30-2025/openpli-oe-core/build/tmp/work/osmio4k-oe-linux-gnueabi/enigma2/3.12+git/recipe-sysroot/usr/include/python3.12  -Os -pipe -g -feliminate-unused-debug-types -fcanon-prefix-map  -fmacro-prefix-map=/home/pli/builds/openpli-scarthgap-build-1-30-2025/openpli-oe-core/build/tmp/work/osmio4k-oe-linux-gnueabi/enigma2/3.12+git/git=/usr/src/debug/enigma2/3.12+git  -fdebug-prefix-map=/home/pli/builds/openpli-scarthgap-build-1-30-2025/openpli-oe-core/build/tmp/work/osmio4k-oe-linux-gnueabi/enigma2/3.12+git/git=/usr/src/debug/enigma2/3.12+git  -fmacro-prefix-map=/home/pli/builds/openpli-scarthgap-build-1-30-2025/openpli-oe-core/build/tmp/work/osmio4k-oe-linux-gnueabi/enigma2/3.12+git/build=/usr/src/debug/enigma2/3.12+git  -fdebug-prefix-map=/home/pli/builds/openpli-scarthgap-build-1-30-2025/openpli-oe-core/build/tmp/work/osmio4k-oe-linux-gnueabi/enigma2/3.12+git/build=/usr/src/debug/enigma2/3.12+git  -fdebug-prefix-map=/home/pli/builds/openpli-scarthgap-build-1-30-2025/openpli-oe-core/build/tmp/work/osmio4k-oe-linux-gnueabi/enigma2/3.12+git/recipe-sysroot=  -fmacro-prefix-map=/home/pli/builds/openpli-scarthgap-build-1-30-2025/openpli-oe-core/build/tmp/work/osmio4k-oe-linux-gnueabi/enigma2/3.12+git/recipe-sysroot=  -fdebug-prefix-map=/home/pli/builds/openpli-scarthgap-build-1-30-2025/openpli-oe-core/build/tmp/work/osmio4k-oe-linux-gnueabi/enigma2/3.12+git/recipe-sysroot-native=  -fvisibility-inlines-hidden -Wattribute-alias -Wattribute-alias=1 -Wall -Wextra -Werror 	-Wformat=2 -Wformat-overflow=2 -Wformat-nonliteral -Wformat-security 	-Wimplicit-fallthrough=5 -Wduplicated-branches -Wtrampolines 	-Wdangling-else -Wshift-overflow=2 -Wswitch 	-Wunused-but-set-parameter -Wunused-const-variable=1 -Wuninitialized 	-Wstringop-overflow=3 -Woverlength-strings 	-Wunsafe-loop-optimizations -Wpointer-arith 	-Wfloat-equal -Wlogical-op 	-Wno-error=cast-align=strict -Wno-error=ignored-qualifiers 	-Wno-error=cast-function-type -Wno-error=deprecated-declarations 	-Wno-error=stringop-truncation -Wno-error=shadow -Wno-error=cast-qual 	-Wno-error=aggregate-return -Wno-error=missing-field-initializers 	-Wno-error=packed -Wno-error=vla -Wno-error=clobbered -Wno-error=unused-parameter 	-I/home/pli/builds/openpli-scarthgap-build-1-30-2025/openpli-oe-core/build/tmp/work/osmio4k-oe-linux-gnueabi/enigma2/3.12+git/recipe-sysroot/usr/include/freetype2 -I/home/pli/builds/openpli-scarthgap-build-1-30-2025/openpli-oe-core/build/tmp/work/osmio4k-oe-linux-gnueabi/enigma2/3.12+git/recipe-sysroot/usr/include/fribidi -I/home/pli/builds/openpli-scarthgap-build-1-30-2025/openpli-oe-core/build/tmp/work/osmio4k-oe-linux-gnueabi/enigma2/3.12+git/recipe-sysroot/usr/include/glib-2.0 -I/home/pli/builds/openpli-scarthgap-build-1-30-2025/openpli-oe-core/build/tmp/work/osmio4k-oe-linux-gnueabi/enigma2/3.12+git/recipe-sysroot/usr/lib/glib-2.0/include -I/home/pli/builds/openpli-scarthgap-build-1-30-2025/openpli-oe-core/build/tmp/work/osmio4k-oe-linux-gnueabi/enigma2/3.12+git/recipe-sysroot/usr/include/libpng16 -I/home/pli/builds/openpli-scarthgap-build-1-30-2025/openpli-oe-core/build/tmp/work/osmio4k-oe-linux-gnueabi/enigma2/3.12+git/recipe-sysroot/usr/include/libxml2 -I/home/pli/builds/openpli-scarthgap-build-1-30-2025/openpli-oe-core/build/tmp/work/osmio4k-oe-linux-gnueabi/enigma2/3.12+git/recipe-sysroot/usr/include/sigc++-3.0 -I/home/pli/builds/openpli-scarthgap-build-1-30-2025/openpli-oe-core/build/tmp/work/osmio4k-oe-linux-gnueabi/enigma2/3.12+git/recipe-sysroot/usr/lib/sigc++-3.0/include -fno-rtti -fno-exceptions -rdynamic -funwind-tables  -fopenmp  -MT gui/eslider.o -MD -MP -MF $depbase.Tpo -c -o gui/eslider.o ../../git/lib/gui/eslider.cpp &&\
mv -f $depbase.Tpo $depbase.Po

In file included from ../../git/lib/dvb/dvb.h:12,
                 from ../../git/lib/service/servicewebts.h:7:
../../git/lib/dvb/tstools.h: In member function 'virtual RESULT eTSFileSectionReader::setBufferSize(int)':
../../git/lib/dvb/tstools.h:29:34: warning: unused parameter 'size' [-Wunused-parameter]
   29 |         RESULT setBufferSize(int size) { return 0; }
      |                              ~~~~^~~~

make[4]: *** [Makefile:1889: dvb/scan.o] Error 1
make[4]: *** Waiting for unfinished jobs....

../../git/lib/service/servicets.cpp: In member function 'virtual RESULT eServiceFactoryTS::record(const eServiceReference&, ePtr<iRecordableService>&)':
../../git/lib/service/servicets.cpp:52:59: warning: unused parameter 'ref' [-Wunused-parameter]
   52 | RESULT eServiceFactoryTS::record(const eServiceReference &ref, ePtr<iRecordableService> &ptr)
      |                                  ~~~~~~~~~~~~~~~~~~~~~~~~~^~~

../../git/lib/service/servicets.cpp: In member function 'virtual RESULT eServiceFactoryTS::info(const eServiceReference&, ePtr<iStaticServiceInformation>&)':
../../git/lib/service/servicets.cpp:64:57: warning: unused parameter 'ref' [-Wunused-parameter]
   64 | RESULT eServiceFactoryTS::info(const eServiceReference &ref, ePtr<iStaticServiceInformation> &ptr)
      |                                ~~~~~~~~~~~~~~~~~~~~~~~~~^~~

+ do_rm_work

++ PATH=/home/pli/builds/openpli-scarthgap-build-1-30-2025/openpli-oe-core/build/tmp/hosttools

++ command -v rm

+ RM_BIN=/home/pli/builds/openpli-scarthgap-build-1-30-2025/openpli-oe-core/build/tmp/hosttools/rm
+ '[' -z /home/pli/builds/openpli-scarthgap-build-1-30-2025/openpli-oe-core/build/tmp/hosttools/rm ']'
+ mkdir -p /home/pli/builds/openpli-scarthgap-build-1-30-2025/openpli-oe-core/build/tmp/work/osmio4k-oe-linux-gnueabi/enigma-info/6/pseudo/

+ excludes=temp

++ dirname /home/pli/builds/openpli-scarthgap-build-1-30-2025/openpli-oe-core/build/tmp/stamps/osmio4k-oe-linux-gnueabi/enigma-info/6

+ STAMPDIR=/home/pli/builds/openpli-scarthgap-build-1-30-2025/openpli-oe-core/build/tmp/stamps/osmio4k-oe-linux-gnueabi/enigma-info
+ test -d /home/pli/builds/openpli-scarthgap-build-1-30-2025/openpli-oe-core/build/tmp/stamps/osmio4k-oe-linux-gnueabi/enigma-info
+ cd /home/pli/builds/openpli-scarthgap-build-1-30-2025/openpli-oe-core/build/tmp/stamps/osmio4k-oe-linux-gnueabi/enigma-info

++ basename /home/pli/builds/openpli-scarthgap-build-1-30-2025/openpli-oe-core/build/tmp/stamps/osmio4k-oe-linux-gnueabi/enigma-info/6

+ for i in `basename /home/pli/builds/openpli-scarthgap-build-1-30-2025/openpli-oe-core/build/tmp/stamps/osmio4k-oe-linux-gnueabi/enigma-info/6`*
+ case $i in
+ for j in do_create_runtime_spdx do_create_spdx do_deploy_source_date_epoch do_package do_package_qa do_package_write_ipk do_packagedata do_populate_lic do_populate_sysroot do_recipe_qa do_shared_workdir
+ case $i in
+ for j in do_create_runtime_spdx do_create_spdx do_deploy_source_date_epoch do_package do_package_qa do_package_write_ipk do_packagedata do_populate_lic do_populate_sysroot do_recipe_qa do_shared_workdir
+ case $i in
+ for j in do_create_runtime_spdx do_create_spdx do_deploy_source_date_epoch do_package do_package_qa do_package_write_ipk do_packagedata do_populate_lic do_populate_sysroot do_recipe_qa do_shared_workdir
+ case $i in
+ for j in do_create_runtime_spdx do_create_spdx do_deploy_source_date_epoch do_package do_package_qa do_package_write_ipk do_packagedata do_populate_lic do_populate_sysroot do_recipe_qa do_shared_workdir
+ case $i in
+ for j in do_create_runtime_spdx do_create_spdx do_deploy_source_date_epoch do_package do_package_qa do_package_write_ipk do_packagedata do_populate_lic do_populate_sysroot do_recipe_qa do_shared_workdir
+ case $i in
+ for j in do_create_runtime_spdx do_create_spdx do_deploy_source_date_epoch do_package do_package_qa do_package_write_ipk do_packagedata do_populate_lic do_populate_sysroot do_recipe_qa do_shared_workdir
+ case $i in
+ for j in do_create_runtime_spdx do_create_spdx do_deploy_source_date_epoch do_package do_package_qa do_package_write_ipk do_packagedata do_populate_lic do_populate_sysroot do_recipe_qa do_shared_workdir
+ case $i in
+ for j in do_create_runtime_spdx do_create_spdx do_deploy_source_date_epoch do_package do_package_qa do_package_write_ipk do_packagedata do_populate_lic do_populate_sysroot do_recipe_qa do_shared_workdir
+ case $i in
+ for j in do_create_runtime_spdx do_create_spdx do_deploy_source_date_epoch do_package do_package_qa do_package_write_ipk do_packagedata do_populate_lic do_populate_sysroot do_recipe_qa do_shared_workdir
+ case $i in
+ for j in do_create_runtime_spdx do_create_spdx do_deploy_source_date_epoch do_package do_package_qa do_package_write_ipk do_packagedata do_populate_lic do_populate_sysroot do_recipe_qa do_shared_workdir
+ case $i in
+ for j in do_create_runtime_spdx do_create_spdx do_deploy_source_date_epoch do_package do_package_qa do_package_write_ipk do_packagedata do_populate_lic do_populate_sysroot do_recipe_qa do_shared_workdir
+ case $i in
+ /home/pli/builds/openpli-scarthgap-build-1-30-2025/openpli-oe-core/build/tmp/hosttools/rm -f -- 6.do_collect_spdx_deps.d14dbb08b275bd60099cd1fad392ebe8764943f75e62133ab5c33b13b7b7c4d1

+ for i in `basename /home/pli/builds/openpli-scarthgap-build-1-30-2025/openpli-oe-core/build/tmp/stamps/osmio4k-oe-linux-gnueabi/enigma-info/6`*

+ case $i in

+ for i in `basename /home/pli/builds/openpli-scarthgap-build-1-30-2025/openpli-oe-core/build/tmp/stamps/osmio4k-oe-linux-gnueabi/enigma-info/6`*

+ case $i in

+ for j in do_create_runtime_spdx do_create_spdx do_deploy_source_date_epoch do_package do_package_qa do_package_write_ipk do_packagedata do_populate_lic do_populate_sysroot do_recipe_qa do_shared_workdir

+ case $i in

++ sed -e s#do_create_runtime_spdx#do_create_runtime_spdx_setscene#

++ echo 6.do_create_runtime_spdx.3dc7ef457624d2529263a5a37cde6ec571ce39a3e7e983943b6cb98ef553558c

+ mv 6.do_create_runtime_spdx.3dc7ef457624d2529263a5a37cde6ec571ce39a3e7e983943b6cb98ef553558c 6.do_create_runtime_spdx_setscene.3dc7ef457624d2529263a5a37cde6ec571ce39a3e7e983943b6cb98ef553558c

../../git/lib/service/servicets.cpp: In member function 'virtual RESULT eServiceTS::getLength(pts_t&)':
../../git/lib/service/servicets.cpp:358:37: warning: unused parameter 'pts' [-Wunused-parameter]
  358 | RESULT eServiceTS::getLength(pts_t &pts)
      |                              ~~~~~~~^~~

../../git/lib/service/servicets.cpp: In member function 'virtual RESULT eServiceTS::seekTo(pts_t)':
../../git/lib/service/servicets.cpp:363:33: warning: unused parameter 'to' [-Wunused-parameter]
  363 | RESULT eServiceTS::seekTo(pts_t to)
      |                           ~~~~~~^~

../../git/lib/service/servicets.cpp: In member function 'virtual RESULT eServiceTS::seekRelative(int, pts_t)':
../../git/lib/service/servicets.cpp:368:37: warning: unused parameter 'direction' [-Wunused-parameter]
  368 | RESULT eServiceTS::seekRelative(int direction, pts_t to)
      |                                 ~~~~^~~~~~~~~

../../git/lib/service/servicets.cpp:368:54: warning: unused parameter 'to' [-Wunused-parameter]
  368 | RESULT eServiceTS::seekRelative(int direction, pts_t to)
      |                                                ~~~~~~^~

../../git/lib/service/servicets.cpp: In member function 'virtual RESULT eServiceTS::getPlayPosition(pts_t&)':
../../git/lib/service/servicets.cpp:373:43: warning: unused parameter 'pts' [-Wunused-parameter]
  373 | RESULT eServiceTS::getPlayPosition(pts_t &pts)
      |                                    ~~~~~~~^~~

../../git/lib/service/servicets.cpp: In member function 'virtual RESULT eServiceTS::setTrickmode(int)':
../../git/lib/service/servicets.cpp:378:37: warning: unused parameter 'trick' [-Wunused-parameter]
  378 | RESULT eServiceTS::setTrickmode(int trick)
      |                                 ~~~~^~~~~

../../git/lib/service/servicets.cpp: In member function 'virtual int eServiceTS::getInfo(int)':
../../git/lib/service/servicets.cpp:403:29: warning: unused parameter 'w' [-Wunused-parameter]
  403 | int eServiceTS::getInfo(int w)
      |                         ~~~~^

../../git/lib/service/servicets.cpp: In member function 'virtual std::string eServiceTS::getInfoString(int)':
../../git/lib/service/servicets.cpp:408:43: warning: unused parameter 'w' [-Wunused-parameter]
  408 | std::string eServiceTS::getInfoString(int w)
      |                                       ~~~~^

../../git/lib/service/servicem2ts.cpp: In member function 'virtual int eStaticServiceM2TSInformation::isPlayable(const eServiceReference&, const eServiceReference&, bool)':
../../git/lib/service/servicem2ts.cpp:51:49: warning: unused parameter 'ref' [-Wunused-parameter]
   51 |         int isPlayable(const eServiceReference &ref, const eServiceReference &ignore, bool simulate) { return 1; }
      |                        ~~~~~~~~~~~~~~~~~~~~~~~~~^~~

../../git/lib/service/servicem2ts.cpp:51:79: warning: unused parameter 'ignore' [-Wunused-parameter]
   51 |         int isPlayable(const eServiceReference &ref, const eServiceReference &ignore, bool simulate) { return 1; }
      |                                                      ~~~~~~~~~~~~~~~~~~~~~~~~~^~~~~~

../../git/lib/service/servicem2ts.cpp:51:92: warning: unused parameter 'simulate' [-Wunused-parameter]
   51 |         int isPlayable(const eServiceReference &ref, const eServiceReference &ignore, bool simulate) { return 1; }
      |                                                                                       ~~~~~^~~~~~~~

+ break
+ /home/pli/builds/openpli-scarthgap-build-1-30-2025/openpli-oe-core/build/tmp/hosttools/rm -f -- 6.do_create_runtime_spdx.3dc7ef457624d2529263a5a37cde6ec571ce39a3e7e983943b6cb98ef553558c

../../git/lib/service/servicewebts.h: In member function 'virtual int eStaticServiceWebTSInfo::isPlayable(const eServiceReference&, const eServiceReference&, bool)':
../../git/lib/service/servicewebts.h:53:49: warning: unused parameter 'ref' [-Wunused-parameter]
   53 |         int isPlayable(const eServiceReference &ref, const eServiceReference &ignore, bool simulate) { return 1; }
      |                        ~~~~~~~~~~~~~~~~~~~~~~~~~^~~

../../git/lib/service/servicewebts.h:53:79: warning: unused parameter 'ignore' [-Wunused-parameter]
   53 |         int isPlayable(const eServiceReference &ref, const eServiceReference &ignore, bool simulate) { return 1; }
      |                                                      ~~~~~~~~~~~~~~~~~~~~~~~~~^~~~~~

../../git/lib/service/servicewebts.h:53:92: warning: unused parameter 'simulate' [-Wunused-parameter]
   53 |         int isPlayable(const eServiceReference &ref, const eServiceReference &ignore, bool simulate) { return 1; }
      |                                                                                       ~~~~~^~~~~~~~

../../git/lib/service/servicem2ts.cpp: In member function 'virtual int eStaticServiceM2TSInformation::getInfo(const eServiceReference&, int)':
../../git/lib/service/servicem2ts.cpp:115:69: warning: unused parameter 'ref' [-Wunused-parameter]
  115 | int eStaticServiceM2TSInformation::getInfo(const eServiceReference &ref, int w)
      |                                            ~~~~~~~~~~~~~~~~~~~~~~~~~^~~

../../git/lib/service/servicem2ts.cpp: In member function 'virtual std::string eStaticServiceM2TSInformation::getInfoString(const eServiceReference&, int)':
../../git/lib/service/servicem2ts.cpp:135:83: warning: unused parameter 'ref' [-Wunused-parameter]
  135 | std::string eStaticServiceM2TSInformation::getInfoString(const eServiceReference &ref,int w)
      |                                                          ~~~~~~~~~~~~~~~~~~~~~~~~~^~~

../../git/lib/service/servicem2ts.cpp: In member function 'virtual long long int eStaticServiceM2TSInformation::getFileSize(const eServiceReference&)':
../../git/lib/service/servicem2ts.cpp:150:79: warning: unused parameter 'ref' [-Wunused-parameter]
  150 | long long eStaticServiceM2TSInformation::getFileSize(const eServiceReference &ref)
      |                                                      ~~~~~~~~~~~~~~~~~~~~~~~~~^~~

+ for i in `basename /home/pli/builds/openpli-scarthgap-build-1-30-2025/openpli-oe-core/build/tmp/stamps/osmio4k-oe-linux-gnueabi/enigma-info/6`*
+ case $i in
+ for i in `basename /home/pli/builds/openpli-scarthgap-build-1-30-2025/openpli-oe-core/build/tmp/stamps/osmio4k-oe-linux-gnueabi/enigma-info/6`*
+ case $i in
+ for i in `basename /home/pli/builds/openpli-scarthgap-build-1-30-2025/openpli-oe-core/build/tmp/stamps/osmio4k-oe-linux-gnueabi/enigma-info/6`*
+ case $i in
+ for i in `basename /home/pli/builds/openpli-scarthgap-build-1-30-2025/openpli-oe-core/build/tmp/stamps/osmio4k-oe-linux-gnueabi/enigma-info/6`*
+ case $i in
+ for i in `basename /home/pli/builds/openpli-scarthgap-build-1-30-2025/openpli-oe-core/build/tmp/stamps/osmio4k-oe-linux-gnueabi/enigma-info/6`*
+ case $i in
+ for i in `basename /home/pli/builds/openpli-scarthgap-build-1-30-2025/openpli-oe-core/build/tmp/stamps/osmio4k-oe-linux-gnueabi/enigma-info/6`*
+ case $i in
+ for i in `basename /home/pli/builds/openpli-scarthgap-build-1-30-2025/openpli-oe-core/build/tmp/stamps/osmio4k-oe-linux-gnueabi/enigma-info/6`*
+ case $i in
+ for i in `basename /home/pli/builds/openpli-scarthgap-build-1-30-2025/openpli-oe-core/build/tmp/stamps/osmio4k-oe-linux-gnueabi/enigma-info/6`*
+ case $i in
+ for i in `basename /home/pli/builds/openpli-scarthgap-build-1-30-2025/openpli-oe-core/build/tmp/stamps/osmio4k-oe-linux-gnueabi/enigma-info/6`*
+ case $i in
+ for i in `basename /home/pli/builds/openpli-scarthgap-build-1-30-2025/openpli-oe-core/build/tmp/stamps/osmio4k-oe-linux-gnueabi/enigma-info/6`*
+ case $i in
+ for i in `basename /home/pli/builds/openpli-scarthgap-build-1-30-2025/openpli-oe-core/build/tmp/stamps/osmio4k-oe-linux-gnueabi/enigma-info/6`*
+ case $i in
+ for i in `basename /home/pli/builds/openpli-scarthgap-build-1-30-2025/openpli-oe-core/build/tmp/stamps/osmio4k-oe-linux-gnueabi/enigma-info/6`*
+ case $i in
+ for i in `basename /home/pli/builds/openpli-scarthgap-build-1-30-2025/openpli-oe-core/build/tmp/stamps/osmio4k-oe-linux-gnueabi/enigma-info/6`*
+ case $i in
+ for i in `basename /home/pli/builds/openpli-scarthgap-build-1-30-2025/openpli-oe-core/build/tmp/stamps/osmio4k-oe-linux-gnueabi/enigma-info/6`*
+ case $i in
+ for i in `basename /home/pli/builds/openpli-scarthgap-build-1-30-2025/openpli-oe-core/build/tmp/stamps/osmio4k-oe-linux-gnueabi/enigma-info/6`*
+ case $i in
+ for i in `basename /home/pli/builds/openpli-scarthgap-build-1-30-2025/openpli-oe-core/build/tmp/stamps/osmio4k-oe-linux-gnueabi/enigma-info/6`*
+ case $i in
+ for i in `basename /home/pli/builds/openpli-scarthgap-build-1-30-2025/openpli-oe-core/build/tmp/stamps/osmio4k-oe-linux-gnueabi/enigma-info/6`*
+ case $i in
+ for i in `basename /home/pli/builds/openpli-scarthgap-build-1-30-2025/openpli-oe-core/build/tmp/stamps/osmio4k-oe-linux-gnueabi/enigma-info/6`*
+ case $i in
+ for i in `basename /home/pli/builds/openpli-scarthgap-build-1-30-2025/openpli-oe-core/build/tmp/stamps/osmio4k-oe-linux-gnueabi/enigma-info/6`*
+ case $i in
+ for i in `basename /home/pli/builds/openpli-scarthgap-build-1-30-2025/openpli-oe-core/build/tmp/stamps/osmio4k-oe-linux-gnueabi/enigma-info/6`*
+ case $i in
+ for i in `basename /home/pli/builds/openpli-scarthgap-build-1-30-2025/openpli-oe-core/build/tmp/stamps/osmio4k-oe-linux-gnueabi/enigma-info/6`*
+ case $i in
+ for i in `basename /home/pli/builds/openpli-scarthgap-build-1-30-2025/openpli-oe-core/build/tmp/stamps/osmio4k-oe-linux-gnueabi/enigma-info/6`*
+ case $i in
+ for i in `basename /home/pli/builds/openpli-scarthgap-build-1-30-2025/openpli-oe-core/build/tmp/stamps/osmio4k-oe-linux-gnueabi/enigma-info/6`*
+ case $i in
+ for i in `basename /home/pli/builds/openpli-scarthgap-build-1-30-2025/openpli-oe-core/build/tmp/stamps/osmio4k-oe-linux-gnueabi/enigma-info/6`*
+ case $i in
+ for i in `basename /home/pli/builds/openpli-scarthgap-build-1-30-2025/openpli-oe-core/build/tmp/stamps/osmio4k-oe-linux-gnueabi/enigma-info/6`*
+ case $i in
+ for i in `basename /home/pli/builds/openpli-scarthgap-build-1-30-2025/openpli-oe-core/build/tmp/stamps/osmio4k-oe-linux-gnueabi/enigma-info/6`*
+ case $i in
+ for i in `basename /home/pli/builds/openpli-scarthgap-build-1-30-2025/openpli-oe-core/build/tmp/stamps/osmio4k-oe-linux-gnueabi/enigma-info/6`*
+ case $i in
+ for j in do_create_runtime_spdx do_create_spdx do_deploy_source_date_epoch do_package do_package_qa do_package_write_ipk do_packagedata do_populate_lic do_populate_sysroot do_recipe_qa do_shared_workdir
+ case $i in
+ for j in do_create_runtime_spdx do_create_spdx do_deploy_source_date_epoch do_package do_package_qa do_package_write_ipk do_packagedata do_populate_lic do_populate_sysroot do_recipe_qa do_shared_workdir
+ case $i in

++ echo 6.do_create_spdx.68ca379b952ed82e7f5b3c243cc3d49a768c99c43230dd96bf12e11b79de7003

++ sed -e s#do_create_spdx#do_create_spdx_setscene#

../../git/lib/service/servicem2ts.cpp: In member function 'virtual RESULT eStaticServiceM2TSInformation::getEvent(const eServiceReference&, ePtr<eServiceEvent>&, time_t)':
../../git/lib/service/servicem2ts.cpp:155:111: warning: unused parameter 'start_time' [-Wunused-parameter]
  155 | RESULT eStaticServiceM2TSInformation::getEvent(const eServiceReference &ref, ePtr<eServiceEvent> &evt, time_t start_time)
      |                                                                                                        ~~~~~~~^~~~~~~~~~

../../git/lib/service/servicewebts.h: In member function 'virtual RESULT eServiceWebTS::setTarget(int, bool)':
../../git/lib/service/servicewebts.h:90:30: warning: unused parameter 'target' [-Wunused-parameter]
   90 |         RESULT setTarget(int target, bool noaudio = false) { return -1; };
      |                          ~~~~^~~~~~

../../git/lib/service/servicewebts.h:90:43: warning: unused parameter 'noaudio' [-Wunused-parameter]
   90 |         RESULT setTarget(int target, bool noaudio = false) { return -1; };
      |                                      ~~~~~^~~~~~~~~~~~~~~

../../git/lib/service/servicewebts.h: In member function 'virtual RESULT eServiceWebTS::setSlowMotion(int)':
../../git/lib/service/servicewebts.h:91:34: warning: unused parameter 'ratio' [-Wunused-parameter]
   91 |         RESULT setSlowMotion(int ratio) { return -1; };
      |                              ~~~~^~~~~

../../git/lib/service/servicewebts.h: In member function 'virtual RESULT eServiceWebTS::setFastForward(int)':
../../git/lib/service/servicewebts.h:92:35: warning: unused parameter 'ratio' [-Wunused-parameter]
   92 |         RESULT setFastForward(int ratio) { return -1; };
      |                               ~~~~^~~~~

+ mv 6.do_create_spdx.68ca379b952ed82e7f5b3c243cc3d49a768c99c43230dd96bf12e11b79de7003 6.do_create_spdx_setscene.68ca379b952ed82e7f5b3c243cc3d49a768c99c43230dd96bf12e11b79de7003

../../git/lib/service/servicewebts.h: In member function 'virtual void eServiceWebTS::setQpipMode(bool, bool)':
../../git/lib/service/servicewebts.h:99:31: warning: unused parameter 'value' [-Wunused-parameter]
   99 |         void setQpipMode(bool value, bool audio) { }
      |                          ~~~~~^~~~~

../../git/lib/service/servicewebts.h:99:43: warning: unused parameter 'audio' [-Wunused-parameter]
   99 |         void setQpipMode(bool value, bool audio) { }
      |                                      ~~~~~^~~~~

+ break

+ /home/pli/builds/openpli-scarthgap-build-1-30-2025/openpli-oe-core/build/tmp/hosttools/rm -f -- 6.do_create_spdx.68ca379b952ed82e7f5b3c243cc3d49a768c99c43230dd96bf12e11b79de7003

In file included from ../../git/lib/gui/elabel.h:4,
                 from ../../git/lib/gui/ebutton.h:4,
                 from ../../git/lib/gui/ebutton.cpp:1:
../../git/lib/gui/ewidget.h: In member function 'void eWidget::setPositionNotifyChild(int)':
../../git/lib/gui/ewidget.h:151:41: warning: unused parameter 'n' [-Wunused-parameter]
  151 |         void setPositionNotifyChild(int n) { m_notify_child_on_position_change = 1; }
      |                                     ~~~~^

../../git/lib/service/servicewebts.h: In member function 'virtual RESULT eServiceWebTS::selectChannel(int)':
../../git/lib/service/servicewebts.h:134:34: warning: unused parameter 'i' [-Wunused-parameter]
  134 |         RESULT selectChannel(int i) { return 0; };
      |                              ~~~~^

+ for i in `basename /home/pli/builds/openpli-scarthgap-build-1-30-2025/openpli-oe-core/build/tmp/stamps/osmio4k-oe-linux-gnueabi/enigma-info/6`*
+ case $i in
+ for i in `basename /home/pli/builds/openpli-scarthgap-build-1-30-2025/openpli-oe-core/build/tmp/stamps/osmio4k-oe-linux-gnueabi/enigma-info/6`*
+ case $i in
+ for i in `basename /home/pli/builds/openpli-scarthgap-build-1-30-2025/openpli-oe-core/build/tmp/stamps/osmio4k-oe-linux-gnueabi/enigma-info/6`*
+ case $i in
+ for i in `basename /home/pli/builds/openpli-scarthgap-build-1-30-2025/openpli-oe-core/build/tmp/stamps/osmio4k-oe-linux-gnueabi/enigma-info/6`*
+ case $i in
+ for i in `basename /home/pli/builds/openpli-scarthgap-build-1-30-2025/openpli-oe-core/build/tmp/stamps/osmio4k-oe-linux-gnueabi/enigma-info/6`*
+ case $i in
+ for i in `basename /home/pli/builds/openpli-scarthgap-build-1-30-2025/openpli-oe-core/build/tmp/stamps/osmio4k-oe-linux-gnueabi/enigma-info/6`*
+ case $i in
+ for i in `basename /home/pli/builds/openpli-scarthgap-build-1-30-2025/openpli-oe-core/build/tmp/stamps/osmio4k-oe-linux-gnueabi/enigma-info/6`*
+ case $i in
+ for i in `basename /home/pli/builds/openpli-scarthgap-build-1-30-2025/openpli-oe-core/build/tmp/stamps/osmio4k-oe-linux-gnueabi/enigma-info/6`*
+ case $i in
+ for i in `basename /home/pli/builds/openpli-scarthgap-build-1-30-2025/openpli-oe-core/build/tmp/stamps/osmio4k-oe-linux-gnueabi/enigma-info/6`*
+ case $i in
+ for i in `basename /home/pli/builds/openpli-scarthgap-build-1-30-2025/openpli-oe-core/build/tmp/stamps/osmio4k-oe-linux-gnueabi/enigma-info/6`*
+ case $i in
+ for i in `basename /home/pli/builds/openpli-scarthgap-build-1-30-2025/openpli-oe-core/build/tmp/stamps/osmio4k-oe-linux-gnueabi/enigma-info/6`*
+ case $i in
+ for i in `basename /home/pli/builds/openpli-scarthgap-build-1-30-2025/openpli-oe-core/build/tmp/stamps/osmio4k-oe-linux-gnueabi/enigma-info/6`*
+ case $i in
+ for i in `basename /home/pli/builds/openpli-scarthgap-build-1-30-2025/openpli-oe-core/build/tmp/stamps/osmio4k-oe-linux-gnueabi/enigma-info/6`*
+ case $i in
+ for i in `basename /home/pli/builds/openpli-scarthgap-build-1-30-2025/openpli-oe-core/build/tmp/stamps/osmio4k-oe-linux-gnueabi/enigma-info/6`*
+ case $i in
+ for i in `basename /home/pli/builds/openpli-scarthgap-build-1-30-2025/openpli-oe-core/build/tmp/stamps/osmio4k-oe-linux-gnueabi/enigma-info/6`*
+ case $i in
+ for i in `basename /home/pli/builds/openpli-scarthgap-build-1-30-2025/openpli-oe-core/build/tmp/stamps/osmio4k-oe-linux-gnueabi/enigma-info/6`*
+ case $i in
+ for i in `basename /home/pli/builds/openpli-scarthgap-build-1-30-2025/openpli-oe-core/build/tmp/stamps/osmio4k-oe-linux-gnueabi/enigma-info/6`*
+ case $i in
+ for i in `basename /home/pli/builds/openpli-scarthgap-build-1-30-2025/openpli-oe-core/build/tmp/stamps/osmio4k-oe-linux-gnueabi/enigma-info/6`*
+ case $i in
+ for i in `basename /home/pli/builds/openpli-scarthgap-build-1-30-2025/openpli-oe-core/build/tmp/stamps/osmio4k-oe-linux-gnueabi/enigma-info/6`*
+ case $i in
+ for i in `basename /home/pli/builds/openpli-scarthgap-build-1-30-2025/openpli-oe-core/build/tmp/stamps/osmio4k-oe-linux-gnueabi/enigma-info/6`*
+ case $i in
+ for i in `basename /home/pli/builds/openpli-scarthgap-build-1-30-2025/openpli-oe-core/build/tmp/stamps/osmio4k-oe-linux-gnueabi/enigma-info/6`*
+ case $i in
+ for i in `basename /home/pli/builds/openpli-scarthgap-build-1-30-2025/openpli-oe-core/build/tmp/stamps/osmio4k-oe-linux-gnueabi/enigma-info/6`*
+ case $i in
+ for i in `basename /home/pli/builds/openpli-scarthgap-build-1-30-2025/openpli-oe-core/build/tmp/stamps/osmio4k-oe-linux-gnueabi/enigma-info/6`*
+ case $i in
+ for i in `basename /home/pli/builds/openpli-scarthgap-build-1-30-2025/openpli-oe-core/build/tmp/stamps/osmio4k-oe-linux-gnueabi/enigma-info/6`*
+ case $i in
+ for i in `basename /home/pli/builds/openpli-scarthgap-build-1-30-2025/openpli-oe-core/build/tmp/stamps/osmio4k-oe-linux-gnueabi/enigma-info/6`*
+ case $i in
+ for i in `basename /home/pli/builds/openpli-scarthgap-build-1-30-2025/openpli-oe-core/build/tmp/stamps/osmio4k-oe-linux-gnueabi/enigma-info/6`*
+ case $i in
+ for i in `basename /home/pli/builds/openpli-scarthgap-build-1-30-2025/openpli-oe-core/build/tmp/stamps/osmio4k-oe-linux-gnueabi/enigma-info/6`*
+ case $i in
+ for j in do_create_runtime_spdx do_create_spdx do_deploy_source_date_epoch do_package do_package_qa do_package_write_ipk do_packagedata do_populate_lic do_populate_sysroot do_recipe_qa do_shared_workdir
+ case $i in
+ for j in do_create_runtime_spdx do_create_spdx do_deploy_source_date_epoch do_package do_package_qa do_package_write_ipk do_packagedata do_populate_lic do_populate_sysroot do_recipe_qa do_shared_workdir
+ case $i in
+ for j in do_create_runtime_spdx do_create_spdx do_deploy_source_date_epoch do_package do_package_qa do_package_write_ipk do_packagedata do_populate_lic do_populate_sysroot do_recipe_qa do_shared_workdir
+ case $i in
+ for j in do_create_runtime_spdx do_create_spdx do_deploy_source_date_epoch do_package do_package_qa do_package_write_ipk do_packagedata do_populate_lic do_populate_sysroot do_recipe_qa do_shared_workdir
+ case $i in
+ for j in do_create_runtime_spdx do_create_spdx do_deploy_source_date_epoch do_package do_package_qa do_package_write_ipk do_packagedata do_populate_lic do_populate_sysroot do_recipe_qa do_shared_workdir
+ case $i in
+ for j in do_create_runtime_spdx do_create_spdx do_deploy_source_date_epoch do_package do_package_qa do_package_write_ipk do_packagedata do_populate_lic do_populate_sysroot do_recipe_qa do_shared_workdir
+ case $i in
+ for j in do_create_runtime_spdx do_create_spdx do_deploy_source_date_epoch do_package do_package_qa do_package_write_ipk do_packagedata do_populate_lic do_populate_sysroot do_recipe_qa do_shared_workdir
+ case $i in
+ for j in do_create_runtime_spdx do_create_spdx do_deploy_source_date_epoch do_package do_package_qa do_package_write_ipk do_packagedata do_populate_lic do_populate_sysroot do_recipe_qa do_shared_workdir
+ case $i in
+ for j in do_create_runtime_spdx do_create_spdx do_deploy_source_date_epoch do_package do_package_qa do_package_write_ipk do_packagedata do_populate_lic do_populate_sysroot do_recipe_qa do_shared_workdir
+ case $i in
+ for j in do_create_runtime_spdx do_create_spdx do_deploy_source_date_epoch do_package do_package_qa do_package_write_ipk do_packagedata do_populate_lic do_populate_sysroot do_recipe_qa do_shared_workdir
+ case $i in
+ for j in do_create_runtime_spdx do_create_spdx do_deploy_source_date_epoch do_package do_package_qa do_package_write_ipk do_packagedata do_populate_lic do_populate_sysroot do_recipe_qa do_shared_workdir
+ case $i in

+ /home/pli/builds/openpli-scarthgap-build-1-30-2025/openpli-oe-core/build/tmp/hosttools/rm -f -- 6.do_deploy.c88e68c1110ce32b17ea4da96128bc8cb480d0e368d635092fc82f2bbd197380

../../git/lib/service/servicem2ts.cpp: In member function 'virtual RESULT eServiceFactoryM2TS::record(const eServiceReference&, ePtr<iRecordableService>&)':
../../git/lib/service/servicem2ts.cpp:368:61: warning: unused parameter 'ref' [-Wunused-parameter]
  368 | RESULT eServiceFactoryM2TS::record(const eServiceReference &ref, ePtr<iRecordableService> &ptr)
      |                                    ~~~~~~~~~~~~~~~~~~~~~~~~~^~~

+ for i in `basename /home/pli/builds/openpli-scarthgap-build-1-30-2025/openpli-oe-core/build/tmp/stamps/osmio4k-oe-linux-gnueabi/enigma-info/6`*

../../git/lib/service/servicem2ts.cpp: In member function 'virtual RESULT eServiceFactoryM2TS::list(const eServiceReference&, ePtr<iListableService>&)':
../../git/lib/service/servicem2ts.cpp:374:59: warning: unused parameter 'ref' [-Wunused-parameter]
  374 | RESULT eServiceFactoryM2TS::list(const eServiceReference &ref, ePtr<iListableService> &ptr)
      |                                  ~~~~~~~~~~~~~~~~~~~~~~~~~^~~

+ case $i in

+ for i in `basename /home/pli/builds/openpli-scarthgap-build-1-30-2025/openpli-oe-core/build/tmp/stamps/osmio4k-oe-linux-gnueabi/enigma-info/6`*

+ case $i in

+ for i in `basename /home/pli/builds/openpli-scarthgap-build-1-30-2025/openpli-oe-core/build/tmp/stamps/osmio4k-oe-linux-gnueabi/enigma-info/6`*

+ case $i in

+ for i in `basename /home/pli/builds/openpli-scarthgap-build-1-30-2025/openpli-oe-core/build/tmp/stamps/osmio4k-oe-linux-gnueabi/enigma-info/6`*

+ case $i in

../../git/lib/service/servicem2ts.cpp: In member function 'virtual RESULT eServiceFactoryM2TS::offlineOperations(const eServiceReference&, ePtr<iServiceOfflineOperations>&)':
../../git/lib/service/servicem2ts.cpp:386:72: warning: unused parameter 'ref' [-Wunused-parameter]
  386 | RESULT eServiceFactoryM2TS::offlineOperations(const eServiceReference &ref, ePtr<iServiceOfflineOperations> &ptr)
      |                                               ~~~~~~~~~~~~~~~~~~~~~~~~~^~~

+ for i in `basename /home/pli/builds/openpli-scarthgap-build-1-30-2025/openpli-oe-core/build/tmp/stamps/osmio4k-oe-linux-gnueabi/enigma-info/6`*

+ case $i in

+ for i in `basename /home/pli/builds/openpli-scarthgap-build-1-30-2025/openpli-oe-core/build/tmp/stamps/osmio4k-oe-linux-gnueabi/enigma-info/6`*

+ case $i in

+ for i in `basename /home/pli/builds/openpli-scarthgap-build-1-30-2025/openpli-oe-core/build/tmp/stamps/osmio4k-oe-linux-gnueabi/enigma-info/6`*

+ case $i in

+ for i in `basename /home/pli/builds/openpli-scarthgap-build-1-30-2025/openpli-oe-core/build/tmp/stamps/osmio4k-oe-linux-gnueabi/enigma-info/6`*

+ case $i in

+ for i in `basename /home/pli/builds/openpli-scarthgap-build-1-30-2025/openpli-oe-core/build/tmp/stamps/osmio4k-oe-linux-gnueabi/enigma-info/6`*

../../git/lib/service/servicem2ts.cpp: In member function 'virtual ePtr<iTsSource> eServiceM2TS::createTsSource(eServiceReferenceDVB&, int)':
../../git/lib/service/servicem2ts.cpp:397:77: warning: unused parameter 'packetsize' [-Wunused-parameter]
  397 | ePtr<iTsSource> eServiceM2TS::createTsSource(eServiceReferenceDVB &ref, int packetsize)
      |                                                                         ~~~~^~~~~~~~~~

+ case $i in

+ for i in `basename /home/pli/builds/openpli-scarthgap-build-1-30-2025/openpli-oe-core/build/tmp/stamps/osmio4k-oe-linux-gnueabi/enigma-info/6`*

+ case $i in

+ for i in `basename /home/pli/builds/openpli-scarthgap-build-1-30-2025/openpli-oe-core/build/tmp/stamps/osmio4k-oe-linux-gnueabi/enigma-info/6`*

+ case $i in

+ for i in `basename /home/pli/builds/openpli-scarthgap-build-1-30-2025/openpli-oe-core/build/tmp/stamps/osmio4k-oe-linux-gnueabi/enigma-info/6`*

+ case $i in

+ for i in `basename /home/pli/builds/openpli-scarthgap-build-1-30-2025/openpli-oe-core/build/tmp/stamps/osmio4k-oe-linux-gnueabi/enigma-info/6`*

+ case $i in

+ for i in `basename /home/pli/builds/openpli-scarthgap-build-1-30-2025/openpli-oe-core/build/tmp/stamps/osmio4k-oe-linux-gnueabi/enigma-info/6`*

+ case $i in

+ for i in `basename /home/pli/builds/openpli-scarthgap-build-1-30-2025/openpli-oe-core/build/tmp/stamps/osmio4k-oe-linux-gnueabi/enigma-info/6`*

+ case $i in

+ for i in `basename /home/pli/builds/openpli-scarthgap-build-1-30-2025/openpli-oe-core/build/tmp/stamps/osmio4k-oe-linux-gnueabi/enigma-info/6`*

+ case $i in

+ for i in `basename /home/pli/builds/openpli-scarthgap-build-1-30-2025/openpli-oe-core/build/tmp/stamps/osmio4k-oe-linux-gnueabi/enigma-info/6`*

+ case $i in

+ for i in `basename /home/pli/builds/openpli-scarthgap-build-1-30-2025/openpli-oe-core/build/tmp/stamps/osmio4k-oe-linux-gnueabi/enigma-info/6`*

+ case $i in

+ for i in `basename /home/pli/builds/openpli-scarthgap-build-1-30-2025/openpli-oe-core/build/tmp/stamps/osmio4k-oe-linux-gnueabi/enigma-info/6`*

+ case $i in

+ for i in `basename /home/pli/builds/openpli-scarthgap-build-1-30-2025/openpli-oe-core/build/tmp/stamps/osmio4k-oe-linux-gnueabi/enigma-info/6`*

+ case $i in

+ for i in `basename /home/pli/builds/openpli-scarthgap-build-1-30-2025/openpli-oe-core/build/tmp/stamps/osmio4k-oe-linux-gnueabi/enigma-info/6`*

+ case $i in

+ for i in `basename /home/pli/builds/openpli-scarthgap-build-1-30-2025/openpli-oe-core/build/tmp/stamps/osmio4k-oe-linux-gnueabi/enigma-info/6`*

+ case $i in

+ for i in `basename /home/pli/builds/openpli-scarthgap-build-1-30-2025/openpli-oe-core/build/tmp/stamps/osmio4k-oe-linux-gnueabi/enigma-info/6`*

+ case $i in

+ for i in `basename /home/pli/builds/openpli-scarthgap-build-1-30-2025/openpli-oe-core/build/tmp/stamps/osmio4k-oe-linux-gnueabi/enigma-info/6`*

+ case $i in

+ for i in `basename /home/pli/builds/openpli-scarthgap-build-1-30-2025/openpli-oe-core/build/tmp/stamps/osmio4k-oe-linux-gnueabi/enigma-info/6`*

+ case $i in

+ for i in `basename /home/pli/builds/openpli-scarthgap-build-1-30-2025/openpli-oe-core/build/tmp/stamps/osmio4k-oe-linux-gnueabi/enigma-info/6`*

+ case $i in

+ for i in `basename /home/pli/builds/openpli-scarthgap-build-1-30-2025/openpli-oe-core/build/tmp/stamps/osmio4k-oe-linux-gnueabi/enigma-info/6`*

+ case $i in

+ for i in `basename /home/pli/builds/openpli-scarthgap-build-1-30-2025/openpli-oe-core/build/tmp/stamps/osmio4k-oe-linux-gnueabi/enigma-info/6`*

+ case $i in

+ for i in `basename /home/pli/builds/openpli-scarthgap-build-1-30-2025/openpli-oe-core/build/tmp/stamps/osmio4k-oe-linux-gnueabi/enigma-info/6`*

+ case $i in

+ /home/pli/builds/openpli-scarthgap-build-1-30-2025/openpli-oe-core/build/tmp/hosttools/rm -f -- 6.do_package.497157b1b04e9782cbe572b5fdcfb86e9f904f379d4d2f95e94dbf57d9735424

+ for i in `basename /home/pli/builds/openpli-scarthgap-build-1-30-2025/openpli-oe-core/build/tmp/stamps/osmio4k-oe-linux-gnueabi/enigma-info/6`*

+ case $i in

+ for j in do_create_runtime_spdx do_create_spdx do_deploy_source_date_epoch do_package do_package_qa do_package_write_ipk do_packagedata do_populate_lic do_populate_sysroot do_recipe_qa do_shared_workdir

+ case $i in

+ for j in do_create_runtime_spdx do_create_spdx do_deploy_source_date_epoch do_package do_package_qa do_package_write_ipk do_packagedata do_populate_lic do_populate_sysroot do_recipe_qa do_shared_workdir

+ case $i in

+ for j in do_create_runtime_spdx do_create_spdx do_deploy_source_date_epoch do_package do_package_qa do_package_write_ipk do_packagedata do_populate_lic do_populate_sysroot do_recipe_qa do_shared_workdir

+ case $i in

+ for j in do_create_runtime_spdx do_create_spdx do_deploy_source_date_epoch do_package do_package_qa do_package_write_ipk do_packagedata do_populate_lic do_populate_sysroot do_recipe_qa do_shared_workdir

+ case $i in

+ for j in do_create_runtime_spdx do_create_spdx do_deploy_source_date_epoch do_package do_package_qa do_package_write_ipk do_packagedata do_populate_lic do_populate_sysroot do_recipe_qa do_shared_workdir

+ case $i in

+ for j in do_create_runtime_spdx do_create_spdx do_deploy_source_date_epoch do_package do_package_qa do_package_write_ipk do_packagedata do_populate_lic do_populate_sysroot do_recipe_qa do_shared_workdir

+ case $i in

+ for j in do_create_runtime_spdx do_create_spdx do_deploy_source_date_epoch do_package do_package_qa do_package_write_ipk do_packagedata do_populate_lic do_populate_sysroot do_recipe_qa do_shared_workdir

+ case $i in

++ echo 6.do_packagedata.18f467803b186db2ca7fe56ab4c51f5d3e1b9d70f8da75f39684b6c9baced13d.osmio4k

++ sed -e s#do_packagedata#do_packagedata_setscene#

+ mv 6.do_packagedata.18f467803b186db2ca7fe56ab4c51f5d3e1b9d70f8da75f39684b6c9baced13d.osmio4k 6.do_packagedata_setscene.18f467803b186db2ca7fe56ab4c51f5d3e1b9d70f8da75f39684b6c9baced13d.osmio4k

+ break
+ /home/pli/builds/openpli-scarthgap-build-1-30-2025/openpli-oe-core/build/tmp/hosttools/rm -f -- 6.do_packagedata.18f467803b186db2ca7fe56ab4c51f5d3e1b9d70f8da75f39684b6c9baced13d.osmio4k

+ for i in `basename /home/pli/builds/openpli-scarthgap-build-1-30-2025/openpli-oe-core/build/tmp/stamps/osmio4k-oe-linux-gnueabi/enigma-info/6`*
+ case $i in
+ for i in `basename /home/pli/builds/openpli-scarthgap-build-1-30-2025/openpli-oe-core/build/tmp/stamps/osmio4k-oe-linux-gnueabi/enigma-info/6`*
+ case $i in
+ for i in `basename /home/pli/builds/openpli-scarthgap-build-1-30-2025/openpli-oe-core/build/tmp/stamps/osmio4k-oe-linux-gnueabi/enigma-info/6`*
+ case $i in
+ for i in `basename /home/pli/builds/openpli-scarthgap-build-1-30-2025/openpli-oe-core/build/tmp/stamps/osmio4k-oe-linux-gnueabi/enigma-info/6`*
+ case $i in
+ for i in `basename /home/pli/builds/openpli-scarthgap-build-1-30-2025/openpli-oe-core/build/tmp/stamps/osmio4k-oe-linux-gnueabi/enigma-info/6`*
+ case $i in
+ for i in `basename /home/pli/builds/openpli-scarthgap-build-1-30-2025/openpli-oe-core/build/tmp/stamps/osmio4k-oe-linux-gnueabi/enigma-info/6`*
+ case $i in
+ for i in `basename /home/pli/builds/openpli-scarthgap-build-1-30-2025/openpli-oe-core/build/tmp/stamps/osmio4k-oe-linux-gnueabi/enigma-info/6`*
+ case $i in
+ for i in `basename /home/pli/builds/openpli-scarthgap-build-1-30-2025/openpli-oe-core/build/tmp/stamps/osmio4k-oe-linux-gnueabi/enigma-info/6`*
+ case $i in
+ for i in `basename /home/pli/builds/openpli-scarthgap-build-1-30-2025/openpli-oe-core/build/tmp/stamps/osmio4k-oe-linux-gnueabi/enigma-info/6`*
+ case $i in
+ for i in `basename /home/pli/builds/openpli-scarthgap-build-1-30-2025/openpli-oe-core/build/tmp/stamps/osmio4k-oe-linux-gnueabi/enigma-info/6`*
+ case $i in
+ for i in `basename /home/pli/builds/openpli-scarthgap-build-1-30-2025/openpli-oe-core/build/tmp/stamps/osmio4k-oe-linux-gnueabi/enigma-info/6`*
+ case $i in
+ for i in `basename /home/pli/builds/openpli-scarthgap-build-1-30-2025/openpli-oe-core/build/tmp/stamps/osmio4k-oe-linux-gnueabi/enigma-info/6`*
+ case $i in
+ for i in `basename /home/pli/builds/openpli-scarthgap-build-1-30-2025/openpli-oe-core/build/tmp/stamps/osmio4k-oe-linux-gnueabi/enigma-info/6`*
+ case $i in
+ for i in `basename /home/pli/builds/openpli-scarthgap-build-1-30-2025/openpli-oe-core/build/tmp/stamps/osmio4k-oe-linux-gnueabi/enigma-info/6`*
+ case $i in
+ for i in `basename /home/pli/builds/openpli-scarthgap-build-1-30-2025/openpli-oe-core/build/tmp/stamps/osmio4k-oe-linux-gnueabi/enigma-info/6`*
+ case $i in
+ for i in `basename /home/pli/builds/openpli-scarthgap-build-1-30-2025/openpli-oe-core/build/tmp/stamps/osmio4k-oe-linux-gnueabi/enigma-info/6`*
+ case $i in
+ for i in `basename /home/pli/builds/openpli-scarthgap-build-1-30-2025/openpli-oe-core/build/tmp/stamps/osmio4k-oe-linux-gnueabi/enigma-info/6`*
+ case $i in
+ for i in `basename /home/pli/builds/openpli-scarthgap-build-1-30-2025/openpli-oe-core/build/tmp/stamps/osmio4k-oe-linux-gnueabi/enigma-info/6`*
+ case $i in
+ for i in `basename /home/pli/builds/openpli-scarthgap-build-1-30-2025/openpli-oe-core/build/tmp/stamps/osmio4k-oe-linux-gnueabi/enigma-info/6`*
+ case $i in
+ for i in `basename /home/pli/builds/openpli-scarthgap-build-1-30-2025/openpli-oe-core/build/tmp/stamps/osmio4k-oe-linux-gnueabi/enigma-info/6`*
+ case $i in
+ for i in `basename /home/pli/builds/openpli-scarthgap-build-1-30-2025/openpli-oe-core/build/tmp/stamps/osmio4k-oe-linux-gnueabi/enigma-info/6`*
+ case $i in
+ for i in `basename /home/pli/builds/openpli-scarthgap-build-1-30-2025/openpli-oe-core/build/tmp/stamps/osmio4k-oe-linux-gnueabi/enigma-info/6`*
+ case $i in
+ for i in `basename /home/pli/builds/openpli-scarthgap-build-1-30-2025/openpli-oe-core/build/tmp/stamps/osmio4k-oe-linux-gnueabi/enigma-info/6`*
+ case $i in
+ for i in `basename /home/pli/builds/openpli-scarthgap-build-1-30-2025/openpli-oe-core/build/tmp/stamps/osmio4k-oe-linux-gnueabi/enigma-info/6`*
+ case $i in
+ for i in `basename /home/pli/builds/openpli-scarthgap-build-1-30-2025/openpli-oe-core/build/tmp/stamps/osmio4k-oe-linux-gnueabi/enigma-info/6`*
+ case $i in
+ for i in `basename /home/pli/builds/openpli-scarthgap-build-1-30-2025/openpli-oe-core/build/tmp/stamps/osmio4k-oe-linux-gnueabi/enigma-info/6`*
+ case $i in
+ for i in `basename /home/pli/builds/openpli-scarthgap-build-1-30-2025/openpli-oe-core/build/tmp/stamps/osmio4k-oe-linux-gnueabi/enigma-info/6`*
+ case $i in
+ for j in do_create_runtime_spdx do_create_spdx do_deploy_source_date_epoch do_package do_package_qa do_package_write_ipk do_packagedata do_populate_lic do_populate_sysroot do_recipe_qa do_shared_workdir
+ case $i in
+ for j in do_create_runtime_spdx do_create_spdx do_deploy_source_date_epoch do_package do_package_qa do_package_write_ipk do_packagedata do_populate_lic do_populate_sysroot do_recipe_qa do_shared_workdir
+ case $i in
+ for j in do_create_runtime_spdx do_create_spdx do_deploy_source_date_epoch do_package do_package_qa do_package_write_ipk do_packagedata do_populate_lic do_populate_sysroot do_recipe_qa do_shared_workdir
+ case $i in
+ for j in do_create_runtime_spdx do_create_spdx do_deploy_source_date_epoch do_package do_package_qa do_package_write_ipk do_packagedata do_populate_lic do_populate_sysroot do_recipe_qa do_shared_workdir
+ case $i in
+ for j in do_create_runtime_spdx do_create_spdx do_deploy_source_date_epoch do_package do_package_qa do_package_write_ipk do_packagedata do_populate_lic do_populate_sysroot do_recipe_qa do_shared_workdir
+ case $i in

++ echo 6.do_package_qa.4e7d790e5c5b06c1a85fde1c6a1b3eaeaf398037a2b9af422d17121141664519

++ sed -e s#do_package_qa#do_package_qa_setscene#

+ mv 6.do_package_qa.4e7d790e5c5b06c1a85fde1c6a1b3eaeaf398037a2b9af422d17121141664519 6.do_package_qa_setscene.4e7d790e5c5b06c1a85fde1c6a1b3eaeaf398037a2b9af422d17121141664519

+ break
+ /home/pli/builds/openpli-scarthgap-build-1-30-2025/openpli-oe-core/build/tmp/hosttools/rm -f -- 6.do_package_qa.4e7d790e5c5b06c1a85fde1c6a1b3eaeaf398037a2b9af422d17121141664519

+ for i in `basename /home/pli/builds/openpli-scarthgap-build-1-30-2025/openpli-oe-core/build/tmp/stamps/osmio4k-oe-linux-gnueabi/enigma-info/6`*
+ case $i in
+ for i in `basename /home/pli/builds/openpli-scarthgap-build-1-30-2025/openpli-oe-core/build/tmp/stamps/osmio4k-oe-linux-gnueabi/enigma-info/6`*
+ case $i in
+ for i in `basename /home/pli/builds/openpli-scarthgap-build-1-30-2025/openpli-oe-core/build/tmp/stamps/osmio4k-oe-linux-gnueabi/enigma-info/6`*
+ case $i in
+ for i in `basename /home/pli/builds/openpli-scarthgap-build-1-30-2025/openpli-oe-core/build/tmp/stamps/osmio4k-oe-linux-gnueabi/enigma-info/6`*
+ case $i in
+ for i in `basename /home/pli/builds/openpli-scarthgap-build-1-30-2025/openpli-oe-core/build/tmp/stamps/osmio4k-oe-linux-gnueabi/enigma-info/6`*
+ case $i in
+ for i in `basename /home/pli/builds/openpli-scarthgap-build-1-30-2025/openpli-oe-core/build/tmp/stamps/osmio4k-oe-linux-gnueabi/enigma-info/6`*
+ case $i in
+ for i in `basename /home/pli/builds/openpli-scarthgap-build-1-30-2025/openpli-oe-core/build/tmp/stamps/osmio4k-oe-linux-gnueabi/enigma-info/6`*
+ case $i in
+ for i in `basename /home/pli/builds/openpli-scarthgap-build-1-30-2025/openpli-oe-core/build/tmp/stamps/osmio4k-oe-linux-gnueabi/enigma-info/6`*
+ case $i in
+ for i in `basename /home/pli/builds/openpli-scarthgap-build-1-30-2025/openpli-oe-core/build/tmp/stamps/osmio4k-oe-linux-gnueabi/enigma-info/6`*
+ case $i in
+ for i in `basename /home/pli/builds/openpli-scarthgap-build-1-30-2025/openpli-oe-core/build/tmp/stamps/osmio4k-oe-linux-gnueabi/enigma-info/6`*
+ case $i in
+ for i in `basename /home/pli/builds/openpli-scarthgap-build-1-30-2025/openpli-oe-core/build/tmp/stamps/osmio4k-oe-linux-gnueabi/enigma-info/6`*
+ case $i in
+ for i in `basename /home/pli/builds/openpli-scarthgap-build-1-30-2025/openpli-oe-core/build/tmp/stamps/osmio4k-oe-linux-gnueabi/enigma-info/6`*
+ case $i in
+ for i in `basename /home/pli/builds/openpli-scarthgap-build-1-30-2025/openpli-oe-core/build/tmp/stamps/osmio4k-oe-linux-gnueabi/enigma-info/6`*
+ case $i in
+ for i in `basename /home/pli/builds/openpli-scarthgap-build-1-30-2025/openpli-oe-core/build/tmp/stamps/osmio4k-oe-linux-gnueabi/enigma-info/6`*
+ case $i in
+ for i in `basename /home/pli/builds/openpli-scarthgap-build-1-30-2025/openpli-oe-core/build/tmp/stamps/osmio4k-oe-linux-gnueabi/enigma-info/6`*
+ case $i in
+ for i in `basename /home/pli/builds/openpli-scarthgap-build-1-30-2025/openpli-oe-core/build/tmp/stamps/osmio4k-oe-linux-gnueabi/enigma-info/6`*
+ case $i in
+ for i in `basename /home/pli/builds/openpli-scarthgap-build-1-30-2025/openpli-oe-core/build/tmp/stamps/osmio4k-oe-linux-gnueabi/enigma-info/6`*
+ case $i in
+ for i in `basename /home/pli/builds/openpli-scarthgap-build-1-30-2025/openpli-oe-core/build/tmp/stamps/osmio4k-oe-linux-gnueabi/enigma-info/6`*
+ case $i in
+ for i in `basename /home/pli/builds/openpli-scarthgap-build-1-30-2025/openpli-oe-core/build/tmp/stamps/osmio4k-oe-linux-gnueabi/enigma-info/6`*
+ case $i in
+ for i in `basename /home/pli/builds/openpli-scarthgap-build-1-30-2025/openpli-oe-core/build/tmp/stamps/osmio4k-oe-linux-gnueabi/enigma-info/6`*
+ case $i in
+ for i in `basename /home/pli/builds/openpli-scarthgap-build-1-30-2025/openpli-oe-core/build/tmp/stamps/osmio4k-oe-linux-gnueabi/enigma-info/6`*
+ case $i in
+ for i in `basename /home/pli/builds/openpli-scarthgap-build-1-30-2025/openpli-oe-core/build/tmp/stamps/osmio4k-oe-linux-gnueabi/enigma-info/6`*
+ case $i in
+ for i in `basename /home/pli/builds/openpli-scarthgap-build-1-30-2025/openpli-oe-core/build/tmp/stamps/osmio4k-oe-linux-gnueabi/enigma-info/6`*
+ case $i in
+ for i in `basename /home/pli/builds/openpli-scarthgap-build-1-30-2025/openpli-oe-core/build/tmp/stamps/osmio4k-oe-linux-gnueabi/enigma-info/6`*
+ case $i in
+ for i in `basename /home/pli/builds/openpli-scarthgap-build-1-30-2025/openpli-oe-core/build/tmp/stamps/osmio4k-oe-linux-gnueabi/enigma-info/6`*
+ case $i in
+ for i in `basename /home/pli/builds/openpli-scarthgap-build-1-30-2025/openpli-oe-core/build/tmp/stamps/osmio4k-oe-linux-gnueabi/enigma-info/6`*
+ case $i in
+ for i in `basename /home/pli/builds/openpli-scarthgap-build-1-30-2025/openpli-oe-core/build/tmp/stamps/osmio4k-oe-linux-gnueabi/enigma-info/6`*
+ case $i in
+ for i in `basename /home/pli/builds/openpli-scarthgap-build-1-30-2025/openpli-oe-core/build/tmp/stamps/osmio4k-oe-linux-gnueabi/enigma-info/6`*
+ case $i in
+ for i in `basename /home/pli/builds/openpli-scarthgap-build-1-30-2025/openpli-oe-core/build/tmp/stamps/osmio4k-oe-linux-gnueabi/enigma-info/6`*
+ case $i in
+ for i in `basename /home/pli/builds/openpli-scarthgap-build-1-30-2025/openpli-oe-core/build/tmp/stamps/osmio4k-oe-linux-gnueabi/enigma-info/6`*
+ case $i in
+ for i in `basename /home/pli/builds/openpli-scarthgap-build-1-30-2025/openpli-oe-core/build/tmp/stamps/osmio4k-oe-linux-gnueabi/enigma-info/6`*
+ case $i in
+ for i in `basename /home/pli/builds/openpli-scarthgap-build-1-30-2025/openpli-oe-core/build/tmp/stamps/osmio4k-oe-linux-gnueabi/enigma-info/6`*
+ case $i in
+ for i in `basename /home/pli/builds/openpli-scarthgap-build-1-30-2025/openpli-oe-core/build/tmp/stamps/osmio4k-oe-linux-gnueabi/enigma-info/6`*
+ case $i in
+ for i in `basename /home/pli/builds/openpli-scarthgap-build-1-30-2025/openpli-oe-core/build/tmp/stamps/osmio4k-oe-linux-gnueabi/enigma-info/6`*
+ case $i in
+ for i in `basename /home/pli/builds/openpli-scarthgap-build-1-30-2025/openpli-oe-core/build/tmp/stamps/osmio4k-oe-linux-gnueabi/enigma-info/6`*
+ case $i in
+ for i in `basename /home/pli/builds/openpli-scarthgap-build-1-30-2025/openpli-oe-core/build/tmp/stamps/osmio4k-oe-linux-gnueabi/enigma-info/6`*
+ case $i in
+ for i in `basename /home/pli/builds/openpli-scarthgap-build-1-30-2025/openpli-oe-core/build/tmp/stamps/osmio4k-oe-linux-gnueabi/enigma-info/6`*
+ case $i in
+ for i in `basename /home/pli/builds/openpli-scarthgap-build-1-30-2025/openpli-oe-core/build/tmp/stamps/osmio4k-oe-linux-gnueabi/enigma-info/6`*
+ case $i in
+ for i in `basename /home/pli/builds/openpli-scarthgap-build-1-30-2025/openpli-oe-core/build/tmp/stamps/osmio4k-oe-linux-gnueabi/enigma-info/6`*
+ case $i in
+ for i in `basename /home/pli/builds/openpli-scarthgap-build-1-30-2025/openpli-oe-core/build/tmp/stamps/osmio4k-oe-linux-gnueabi/enigma-info/6`*
+ case $i in
+ for i in `basename /home/pli/builds/openpli-scarthgap-build-1-30-2025/openpli-oe-core/build/tmp/stamps/osmio4k-oe-linux-gnueabi/enigma-info/6`*
+ case $i in
+ for i in `basename /home/pli/builds/openpli-scarthgap-build-1-30-2025/openpli-oe-core/build/tmp/stamps/osmio4k-oe-linux-gnueabi/enigma-info/6`*
+ case $i in
+ for i in `basename /home/pli/builds/openpli-scarthgap-build-1-30-2025/openpli-oe-core/build/tmp/stamps/osmio4k-oe-linux-gnueabi/enigma-info/6`*
+ case $i in
+ for i in `basename /home/pli/builds/openpli-scarthgap-build-1-30-2025/openpli-oe-core/build/tmp/stamps/osmio4k-oe-linux-gnueabi/enigma-info/6`*
+ case $i in
+ for i in `basename /home/pli/builds/openpli-scarthgap-build-1-30-2025/openpli-oe-core/build/tmp/stamps/osmio4k-oe-linux-gnueabi/enigma-info/6`*
+ case $i in

+ for i in `basename /home/pli/builds/openpli-scarthgap-build-1-30-2025/openpli-oe-core/build/tmp/stamps/osmio4k-oe-linux-gnueabi/enigma-info/6`*

+ case $i in

+ for i in `basename /home/pli/builds/openpli-scarthgap-build-1-30-2025/openpli-oe-core/build/tmp/stamps/osmio4k-oe-linux-gnueabi/enigma-info/6`*

+ case $i in

+ for i in `basename /home/pli/builds/openpli-scarthgap-build-1-30-2025/openpli-oe-core/build/tmp/stamps/osmio4k-oe-linux-gnueabi/enigma-info/6`*

+ case $i in

+ for i in `basename /home/pli/builds/openpli-scarthgap-build-1-30-2025/openpli-oe-core/build/tmp/stamps/osmio4k-oe-linux-gnueabi/enigma-info/6`*

+ case $i in

+ for i in `basename /home/pli/builds/openpli-scarthgap-build-1-30-2025/openpli-oe-core/build/tmp/stamps/osmio4k-oe-linux-gnueabi/enigma-info/6`*

+ case $i in

+ for i in `basename /home/pli/builds/openpli-scarthgap-build-1-30-2025/openpli-oe-core/build/tmp/stamps/osmio4k-oe-linux-gnueabi/enigma-info/6`*

+ case $i in

+ for i in `basename /home/pli/builds/openpli-scarthgap-build-1-30-2025/openpli-oe-core/build/tmp/stamps/osmio4k-oe-linux-gnueabi/enigma-info/6`*

+ case $i in

+ for i in `basename /home/pli/builds/openpli-scarthgap-build-1-30-2025/openpli-oe-core/build/tmp/stamps/osmio4k-oe-linux-gnueabi/enigma-info/6`*

+ case $i in

+ for i in `basename /home/pli/builds/openpli-scarthgap-build-1-30-2025/openpli-oe-core/build/tmp/stamps/osmio4k-oe-linux-gnueabi/enigma-info/6`*

+ case $i in

+ for i in `basename /home/pli/builds/openpli-scarthgap-build-1-30-2025/openpli-oe-core/build/tmp/stamps/osmio4k-oe-linux-gnueabi/enigma-info/6`*

+ case $i in

+ for i in `basename /home/pli/builds/openpli-scarthgap-build-1-30-2025/openpli-oe-core/build/tmp/stamps/osmio4k-oe-linux-gnueabi/enigma-info/6`*

+ case $i in

+ for i in `basename /home/pli/builds/openpli-scarthgap-build-1-30-2025/openpli-oe-core/build/tmp/stamps/osmio4k-oe-linux-gnueabi/enigma-info/6`*

+ case $i in

+ for i in `basename /home/pli/builds/openpli-scarthgap-build-1-30-2025/openpli-oe-core/build/tmp/stamps/osmio4k-oe-linux-gnueabi/enigma-info/6`*

+ case $i in

+ for i in `basename /home/pli/builds/openpli-scarthgap-build-1-30-2025/openpli-oe-core/build/tmp/stamps/osmio4k-oe-linux-gnueabi/enigma-info/6`*

+ case $i in

+ for i in `basename /home/pli/builds/openpli-scarthgap-build-1-30-2025/openpli-oe-core/build/tmp/stamps/osmio4k-oe-linux-gnueabi/enigma-info/6`*

+ case $i in

+ for i in `basename /home/pli/builds/openpli-scarthgap-build-1-30-2025/openpli-oe-core/build/tmp/stamps/osmio4k-oe-linux-gnueabi/enigma-info/6`*

+ case $i in

+ for i in `basename /home/pli/builds/openpli-scarthgap-build-1-30-2025/openpli-oe-core/build/tmp/stamps/osmio4k-oe-linux-gnueabi/enigma-info/6`*

+ case $i in

+ for i in `basename /home/pli/builds/openpli-scarthgap-build-1-30-2025/openpli-oe-core/build/tmp/stamps/osmio4k-oe-linux-gnueabi/enigma-info/6`*

+ case $i in

+ for i in `basename /home/pli/builds/openpli-scarthgap-build-1-30-2025/openpli-oe-core/build/tmp/stamps/osmio4k-oe-linux-gnueabi/enigma-info/6`*

+ case $i in

+ for i in `basename /home/pli/builds/openpli-scarthgap-build-1-30-2025/openpli-oe-core/build/tmp/stamps/osmio4k-oe-linux-gnueabi/enigma-info/6`*

+ case $i in

+ for i in `basename /home/pli/builds/openpli-scarthgap-build-1-30-2025/openpli-oe-core/build/tmp/stamps/osmio4k-oe-linux-gnueabi/enigma-info/6`*

+ case $i in

+ for i in `basename /home/pli/builds/openpli-scarthgap-build-1-30-2025/openpli-oe-core/build/tmp/stamps/osmio4k-oe-linux-gnueabi/enigma-info/6`*

+ case $i in

+ for i in `basename /home/pli/builds/openpli-scarthgap-build-1-30-2025/openpli-oe-core/build/tmp/stamps/osmio4k-oe-linux-gnueabi/enigma-info/6`*

+ case $i in

+ for i in `basename /home/pli/builds/openpli-scarthgap-build-1-30-2025/openpli-oe-core/build/tmp/stamps/osmio4k-oe-linux-gnueabi/enigma-info/6`*

+ case $i in

+ for i in `basename /home/pli/builds/openpli-scarthgap-build-1-30-2025/openpli-oe-core/build/tmp/stamps/osmio4k-oe-linux-gnueabi/enigma-info/6`*

+ case $i in

+ for i in `basename /home/pli/builds/openpli-scarthgap-build-1-30-2025/openpli-oe-core/build/tmp/stamps/osmio4k-oe-linux-gnueabi/enigma-info/6`*

+ case $i in

+ for i in `basename /home/pli/builds/openpli-scarthgap-build-1-30-2025/openpli-oe-core/build/tmp/stamps/osmio4k-oe-linux-gnueabi/enigma-info/6`*

+ case $i in

+ for i in `basename /home/pli/builds/openpli-scarthgap-build-1-30-2025/openpli-oe-core/build/tmp/stamps/osmio4k-oe-linux-gnueabi/enigma-info/6`*

+ case $i in

+ for i in `basename /home/pli/builds/openpli-scarthgap-build-1-30-2025/openpli-oe-core/build/tmp/stamps/osmio4k-oe-linux-gnueabi/enigma-info/6`*

+ case $i in

+ for i in `basename /home/pli/builds/openpli-scarthgap-build-1-30-2025/openpli-oe-core/build/tmp/stamps/osmio4k-oe-linux-gnueabi/enigma-info/6`*

+ case $i in

+ for i in `basename /home/pli/builds/openpli-scarthgap-build-1-30-2025/openpli-oe-core/build/tmp/stamps/osmio4k-oe-linux-gnueabi/enigma-info/6`*

+ case $i in

+ for i in `basename /home/pli/builds/openpli-scarthgap-build-1-30-2025/openpli-oe-core/build/tmp/stamps/osmio4k-oe-linux-gnueabi/enigma-info/6`*

+ case $i in

+ for i in `basename /home/pli/builds/openpli-scarthgap-build-1-30-2025/openpli-oe-core/build/tmp/stamps/osmio4k-oe-linux-gnueabi/enigma-info/6`*

+ case $i in

+ for i in `basename /home/pli/builds/openpli-scarthgap-build-1-30-2025/openpli-oe-core/build/tmp/stamps/osmio4k-oe-linux-gnueabi/enigma-info/6`*

+ case $i in

+ for i in `basename /home/pli/builds/openpli-scarthgap-build-1-30-2025/openpli-oe-core/build/tmp/stamps/osmio4k-oe-linux-gnueabi/enigma-info/6`*

+ case $i in

+ for i in `basename /home/pli/builds/openpli-scarthgap-build-1-30-2025/openpli-oe-core/build/tmp/stamps/osmio4k-oe-linux-gnueabi/enigma-info/6`*

+ case $i in

+ for i in `basename /home/pli/builds/openpli-scarthgap-build-1-30-2025/openpli-oe-core/build/tmp/stamps/osmio4k-oe-linux-gnueabi/enigma-info/6`*

+ case $i in

+ for j in do_create_runtime_spdx do_create_spdx do_deploy_source_date_epoch do_package do_package_qa do_package_write_ipk do_packagedata do_populate_lic do_populate_sysroot do_recipe_qa do_shared_workdir

+ case $i in

+ for j in do_create_runtime_spdx do_create_spdx do_deploy_source_date_epoch do_package do_package_qa do_package_write_ipk do_packagedata do_populate_lic do_populate_sysroot do_recipe_qa do_shared_workdir

+ case $i in

+ for j in do_create_runtime_spdx do_create_spdx do_deploy_source_date_epoch do_package do_package_qa do_package_write_ipk do_packagedata do_populate_lic do_populate_sysroot do_recipe_qa do_shared_workdir

+ case $i in

+ for j in do_create_runtime_spdx do_create_spdx do_deploy_source_date_epoch do_package do_package_qa do_package_write_ipk do_packagedata do_populate_lic do_populate_sysroot do_recipe_qa do_shared_workdir

+ case $i in

+ for j in do_create_runtime_spdx do_create_spdx do_deploy_source_date_epoch do_package do_package_qa do_package_write_ipk do_packagedata do_populate_lic do_populate_sysroot do_recipe_qa do_shared_workdir

+ case $i in

+ for j in do_create_runtime_spdx do_create_spdx do_deploy_source_date_epoch do_package do_package_qa do_package_write_ipk do_packagedata do_populate_lic do_populate_sysroot do_recipe_qa do_shared_workdir

+ case $i in

+ for j in do_create_runtime_spdx do_create_spdx do_deploy_source_date_epoch do_package do_package_qa do_package_write_ipk do_packagedata do_populate_lic do_populate_sysroot do_recipe_qa do_shared_workdir

+ case $i in

+ for j in do_create_runtime_spdx do_create_spdx do_deploy_source_date_epoch do_package do_package_qa do_package_write_ipk do_packagedata do_populate_lic do_populate_sysroot do_recipe_qa do_shared_workdir

+ case $i in

In file included from ../../git/lib/gui/epixmap.h:4,
                 from ../../git/lib/gui/ecanvas.h:4,
                 from ../../git/lib/gui/ecanvas.cpp:1:
../../git/lib/gui/ewidget.h: In member function 'void eWidget::setPositionNotifyChild(int)':
../../git/lib/gui/ewidget.h:151:41: warning: unused parameter 'n' [-Wunused-parameter]
  151 |         void setPositionNotifyChild(int n) { m_notify_child_on_position_change = 1; }
      |                                     ~~~~^

+ for j in do_create_runtime_spdx do_create_spdx do_deploy_source_date_epoch do_package do_package_qa do_package_write_ipk do_packagedata do_populate_lic do_populate_sysroot do_recipe_qa do_shared_workdir

+ case $i in

++ echo 6.do_populate_sysroot.fb51d4cd05f184da69de4b57923243438b370a750b504e98d9eda9110fb7b95e

++ sed -e s#do_populate_sysroot#do_populate_sysroot_setscene#

+ mv 6.do_populate_sysroot.fb51d4cd05f184da69de4b57923243438b370a750b504e98d9eda9110fb7b95e 6.do_populate_sysroot_setscene.fb51d4cd05f184da69de4b57923243438b370a750b504e98d9eda9110fb7b95e

In file included from ../../git/lib/gui/egauge.h:4,
                 from ../../git/lib/gui/egauge.cpp:1:
../../git/lib/gui/ewidget.h: In member function 'void eWidget::setPositionNotifyChild(int)':
../../git/lib/gui/ewidget.h:151:41: warning: unused parameter 'n' [-Wunused-parameter]
  151 |         void setPositionNotifyChild(int n) { m_notify_child_on_position_change = 1; }
      |                                     ~~~~^

+ break
+ /home/pli/builds/openpli-scarthgap-build-1-30-2025/openpli-oe-core/build/tmp/hosttools/rm -f -- 6.do_populate_sysroot.fb51d4cd05f184da69de4b57923243438b370a750b504e98d9eda9110fb7b95e

+ for i in `basename /home/pli/builds/openpli-scarthgap-build-1-30-2025/openpli-oe-core/build/tmp/stamps/osmio4k-oe-linux-gnueabi/enigma-info/6`*
+ case $i in
+ for i in `basename /home/pli/builds/openpli-scarthgap-build-1-30-2025/openpli-oe-core/build/tmp/stamps/osmio4k-oe-linux-gnueabi/enigma-info/6`*
+ case $i in
+ for i in `basename /home/pli/builds/openpli-scarthgap-build-1-30-2025/openpli-oe-core/build/tmp/stamps/osmio4k-oe-linux-gnueabi/enigma-info/6`*
+ case $i in
+ for i in `basename /home/pli/builds/openpli-scarthgap-build-1-30-2025/openpli-oe-core/build/tmp/stamps/osmio4k-oe-linux-gnueabi/enigma-info/6`*
+ case $i in
+ for i in `basename /home/pli/builds/openpli-scarthgap-build-1-30-2025/openpli-oe-core/build/tmp/stamps/osmio4k-oe-linux-gnueabi/enigma-info/6`*
+ case $i in
+ for i in `basename /home/pli/builds/openpli-scarthgap-build-1-30-2025/openpli-oe-core/build/tmp/stamps/osmio4k-oe-linux-gnueabi/enigma-info/6`*
+ case $i in
+ for i in `basename /home/pli/builds/openpli-scarthgap-build-1-30-2025/openpli-oe-core/build/tmp/stamps/osmio4k-oe-linux-gnueabi/enigma-info/6`*
+ case $i in
+ for i in `basename /home/pli/builds/openpli-scarthgap-build-1-30-2025/openpli-oe-core/build/tmp/stamps/osmio4k-oe-linux-gnueabi/enigma-info/6`*
+ case $i in
+ for i in `basename /home/pli/builds/openpli-scarthgap-build-1-30-2025/openpli-oe-core/build/tmp/stamps/osmio4k-oe-linux-gnueabi/enigma-info/6`*
+ case $i in
+ for i in `basename /home/pli/builds/openpli-scarthgap-build-1-30-2025/openpli-oe-core/build/tmp/stamps/osmio4k-oe-linux-gnueabi/enigma-info/6`*
+ case $i in
+ for i in `basename /home/pli/builds/openpli-scarthgap-build-1-30-2025/openpli-oe-core/build/tmp/stamps/osmio4k-oe-linux-gnueabi/enigma-info/6`*
+ case $i in
+ for i in `basename /home/pli/builds/openpli-scarthgap-build-1-30-2025/openpli-oe-core/build/tmp/stamps/osmio4k-oe-linux-gnueabi/enigma-info/6`*
+ case $i in
+ for i in `basename /home/pli/builds/openpli-scarthgap-build-1-30-2025/openpli-oe-core/build/tmp/stamps/osmio4k-oe-linux-gnueabi/enigma-info/6`*
+ case $i in
+ for i in `basename /home/pli/builds/openpli-scarthgap-build-1-30-2025/openpli-oe-core/build/tmp/stamps/osmio4k-oe-linux-gnueabi/enigma-info/6`*
+ case $i in
+ for i in `basename /home/pli/builds/openpli-scarthgap-build-1-30-2025/openpli-oe-core/build/tmp/stamps/osmio4k-oe-linux-gnueabi/enigma-info/6`*
+ case $i in
+ for i in `basename /home/pli/builds/openpli-scarthgap-build-1-30-2025/openpli-oe-core/build/tmp/stamps/osmio4k-oe-linux-gnueabi/enigma-info/6`*
+ case $i in
+ for i in `basename /home/pli/builds/openpli-scarthgap-build-1-30-2025/openpli-oe-core/build/tmp/stamps/osmio4k-oe-linux-gnueabi/enigma-info/6`*
+ case $i in
+ for i in `basename /home/pli/builds/openpli-scarthgap-build-1-30-2025/openpli-oe-core/build/tmp/stamps/osmio4k-oe-linux-gnueabi/enigma-info/6`*
+ case $i in
+ for i in `basename /home/pli/builds/openpli-scarthgap-build-1-30-2025/openpli-oe-core/build/tmp/stamps/osmio4k-oe-linux-gnueabi/enigma-info/6`*
+ case $i in
+ for i in `basename /home/pli/builds/openpli-scarthgap-build-1-30-2025/openpli-oe-core/build/tmp/stamps/osmio4k-oe-linux-gnueabi/enigma-info/6`*
+ case $i in
+ for i in `basename /home/pli/builds/openpli-scarthgap-build-1-30-2025/openpli-oe-core/build/tmp/stamps/osmio4k-oe-linux-gnueabi/enigma-info/6`*
+ case $i in
+ for i in `basename /home/pli/builds/openpli-scarthgap-build-1-30-2025/openpli-oe-core/build/tmp/stamps/osmio4k-oe-linux-gnueabi/enigma-info/6`*
+ case $i in
+ for i in `basename /home/pli/builds/openpli-scarthgap-build-1-30-2025/openpli-oe-core/build/tmp/stamps/osmio4k-oe-linux-gnueabi/enigma-info/6`*
+ case $i in
+ for i in `basename /home/pli/builds/openpli-scarthgap-build-1-30-2025/openpli-oe-core/build/tmp/stamps/osmio4k-oe-linux-gnueabi/enigma-info/6`*
+ case $i in
+ for i in `basename /home/pli/builds/openpli-scarthgap-build-1-30-2025/openpli-oe-core/build/tmp/stamps/osmio4k-oe-linux-gnueabi/enigma-info/6`*

+ case $i in
+ for i in `basename /home/pli/builds/openpli-scarthgap-build-1-30-2025/openpli-oe-core/build/tmp/stamps/osmio4k-oe-linux-gnueabi/enigma-info/6`*
+ case $i in
+ for i in `basename /home/pli/builds/openpli-scarthgap-build-1-30-2025/openpli-oe-core/build/tmp/stamps/osmio4k-oe-linux-gnueabi/enigma-info/6`*

+ case $i in

+ for i in `basename /home/pli/builds/openpli-scarthgap-build-1-30-2025/openpli-oe-core/build/tmp/stamps/osmio4k-oe-linux-gnueabi/enigma-info/6`*

+ case $i in

+ for i in `basename /home/pli/builds/openpli-scarthgap-build-1-30-2025/openpli-oe-core/build/tmp/stamps/osmio4k-oe-linux-gnueabi/enigma-info/6`*

+ case $i in

+ for j in do_create_runtime_spdx do_create_spdx do_deploy_source_date_epoch do_package do_package_qa do_package_write_ipk do_packagedata do_populate_lic do_populate_sysroot do_recipe_qa do_shared_workdir

+ case $i in

+ for j in do_create_runtime_spdx do_create_spdx do_deploy_source_date_epoch do_package do_package_qa do_package_write_ipk do_packagedata do_populate_lic do_populate_sysroot do_recipe_qa do_shared_workdir

+ case $i in

+ for j in do_create_runtime_spdx do_create_spdx do_deploy_source_date_epoch do_package do_package_qa do_package_write_ipk do_packagedata do_populate_lic do_populate_sysroot do_recipe_qa do_shared_workdir

+ case $i in

+ for j in do_create_runtime_spdx do_create_spdx do_deploy_source_date_epoch do_package do_package_qa do_package_write_ipk do_packagedata do_populate_lic do_populate_sysroot do_recipe_qa do_shared_workdir

+ case $i in

+ for j in do_create_runtime_spdx do_create_spdx do_deploy_source_date_epoch do_package do_package_qa do_package_write_ipk do_packagedata do_populate_lic do_populate_sysroot do_recipe_qa do_shared_workdir

+ case $i in
+ for j in do_create_runtime_spdx do_create_spdx do_deploy_source_date_epoch do_package do_package_qa do_package_write_ipk do_packagedata do_populate_lic do_populate_sysroot do_recipe_qa do_shared_workdir
+ case $i in
+ for j in do_create_runtime_spdx do_create_spdx do_deploy_source_date_epoch do_package do_package_qa do_package_write_ipk do_packagedata do_populate_lic do_populate_sysroot do_recipe_qa do_shared_workdir
+ case $i in
+ for j in do_create_runtime_spdx do_create_spdx do_deploy_source_date_epoch do_package do_package_qa do_package_write_ipk do_packagedata do_populate_lic do_populate_sysroot do_recipe_qa do_shared_workdir
+ case $i in
+ for j in do_create_runtime_spdx do_create_spdx do_deploy_source_date_epoch do_package do_package_qa do_package_write_ipk do_packagedata do_populate_lic do_populate_sysroot do_recipe_qa do_shared_workdir

+ case $i in
+ for j in do_create_runtime_spdx do_create_spdx do_deploy_source_date_epoch do_package do_package_qa do_package_write_ipk do_packagedata do_populate_lic do_populate_sysroot do_recipe_qa do_shared_workdir

+ case $i in
+ for j in do_create_runtime_spdx do_create_spdx do_deploy_source_date_epoch do_package do_package_qa do_package_write_ipk do_packagedata do_populate_lic do_populate_sysroot do_recipe_qa do_shared_workdir

+ case $i in

+ /home/pli/builds/openpli-scarthgap-build-1-30-2025/openpli-oe-core/build/tmp/hosttools/rm -f -- 6.do_rm_work.da6abdc14f8db7aaec1a1733fded9310e9c59d1a6f3fbe54d9a71d4dc2e0740b

+ for i in `basename /home/pli/builds/openpli-scarthgap-build-1-30-2025/openpli-oe-core/build/tmp/stamps/osmio4k-oe-linux-gnueabi/enigma-info/6`*
+ case $i in
+ cd /home/pli/builds/openpli-scarthgap-build-1-30-2025/openpli-oe-core/build/tmp/work/osmio4k-oe-linux-gnueabi/enigma-info/6
+ for dir in *
+ '[' deploy-ipks = pseudo ']'

+ echo temp

+ grep -q -w deploy-ipks

+ /home/pli/builds/openpli-scarthgap-build-1-30-2025/openpli-oe-core/build/tmp/hosttools/rm -rf -- deploy-ipks

+ for dir in *
+ '[' enigma-info-6 = pseudo ']'

+ echo temp

+ grep -q -w enigma-info-6

+ /home/pli/builds/openpli-scarthgap-build-1-30-2025/openpli-oe-core/build/tmp/hosttools/rm -rf -- enigma-info-6

+ for dir in *
+ '[' image = pseudo ']'

+ grep -q -w image

+ echo temp

+ /home/pli/builds/openpli-scarthgap-build-1-30-2025/openpli-oe-core/build/tmp/hosttools/rm -rf -- image

+ for dir in *
+ '[' package = pseudo ']'
+ echo temp

+ grep -q -w package

+ /home/pli/builds/openpli-scarthgap-build-1-30-2025/openpli-oe-core/build/tmp/hosttools/rm -rf -- package

+ for dir in *
+ '[' packages-split = pseudo ']'

+ grep -q -w packages-split

+ echo temp

+ /home/pli/builds/openpli-scarthgap-build-1-30-2025/openpli-oe-core/build/tmp/hosttools/rm -rf -- packages-split

+ for dir in *
+ '[' pkgdata = pseudo ']'

+ echo temp

+ grep -q -w pkgdata

+ /home/pli/builds/openpli-scarthgap-build-1-30-2025/openpli-oe-core/build/tmp/hosttools/rm -rf -- pkgdata

+ for dir in *
+ '[' pkgdata-pdata-input = pseudo ']'

+ echo temp

+ grep -q -w pkgdata-pdata-input

+ /home/pli/builds/openpli-scarthgap-build-1-30-2025/openpli-oe-core/build/tmp/hosttools/rm -rf -- pkgdata-pdata-input

In file included from ../../git/lib/service/servicets.h:5:
../../git/lib/base/message.h: In instantiation of 'eFixedMessagePump<T>::eFixedMessagePump(eMainloop*, int) [with T = int]':
../../git/lib/service/servicets.cpp:96:55:   required from here
../../git/lib/base/message.h:108:51: warning: unused parameter 'mt' [-Wunused-parameter]
  108 |         eFixedMessagePump(eMainloop *context, int mt):
      |                                               ~~~~^~

+ for dir in *
+ '[' pkgdata-sysroot = pseudo ']'
+ echo temp

+ grep -q -w pkgdata-sysroot

+ /home/pli/builds/openpli-scarthgap-build-1-30-2025/openpli-oe-core/build/tmp/hosttools/rm -rf -- pkgdata-sysroot

In file included from ../../git/lib/service/servicehdmi.cpp:9:
../../git/lib/service/servicehdmi.h: In member function 'virtual int eStaticServiceHDMIInfo::isPlayable(const eServiceReference&, const eServiceReference&, bool)':
../../git/lib/service/servicehdmi.h:36:49: warning: unused parameter 'ref' [-Wunused-parameter]
   36 |         int isPlayable(const eServiceReference &ref, const eServiceReference &ignore, bool simulate) { return 1; }
      |                        ~~~~~~~~~~~~~~~~~~~~~~~~~^~~

../../git/lib/service/servicehdmi.h:36:79: warning: unused parameter 'ignore' [-Wunused-parameter]
   36 |         int isPlayable(const eServiceReference &ref, const eServiceReference &ignore, bool simulate) { return 1; }
      |                                                      ~~~~~~~~~~~~~~~~~~~~~~~~~^~~~~~

../../git/lib/service/servicehdmi.h:36:92: warning: unused parameter 'simulate' [-Wunused-parameter]
   36 |         int isPlayable(const eServiceReference &ref, const eServiceReference &ignore, bool simulate) { return 1; }
      |                                                                                       ~~~~~^~~~~~~~

../../git/lib/service/servicehdmi.h: In member function 'virtual void eServiceHDMI::setQpipMode(bool, bool)':
../../git/lib/service/servicehdmi.h:75:31: warning: unused parameter 'value' [-Wunused-parameter]
   75 |         void setQpipMode(bool value, bool audio) { }
      |                          ~~~~~^~~~~

../../git/lib/service/servicehdmi.h:75:43: warning: unused parameter 'audio' [-Wunused-parameter]
   75 |         void setQpipMode(bool value, bool audio) { }
      |                                      ~~~~~^~~~~

../../git/lib/service/servicehdmi.cpp: In member function 'virtual RESULT eServiceFactoryHDMI::info(const eServiceReference&, ePtr<iStaticServiceInformation>&)':
../../git/lib/service/servicehdmi.cpp:59:59: warning: unused parameter 'ref' [-Wunused-parameter]
   59 | RESULT eServiceFactoryHDMI::info(const eServiceReference &ref, ePtr<iStaticServiceInformation> &ptr)
      |                                  ~~~~~~~~~~~~~~~~~~~~~~~~~^~~

../../git/lib/service/servicehdmi.cpp: In member function 'virtual int eStaticServiceHDMIInfo::getLength(const eServiceReference&)':
../../git/lib/service/servicehdmi.cpp:90:64: warning: unused parameter 'ref' [-Wunused-parameter]
   90 | int eStaticServiceHDMIInfo::getLength(const eServiceReference &ref)
      |                                       ~~~~~~~~~~~~~~~~~~~~~~~~~^~~

../../git/lib/service/servicehdmi.cpp: In member function 'virtual int eStaticServiceHDMIInfo::getInfo(const eServiceReference&, int)':
../../git/lib/service/servicehdmi.cpp:95:62: warning: unused parameter 'ref' [-Wunused-parameter]
   95 | int eStaticServiceHDMIInfo::getInfo(const eServiceReference &ref, int w)
      |                                     ~~~~~~~~~~~~~~~~~~~~~~~~~^~~

../../git/lib/service/servicehdmi.cpp:95:71: warning: unused parameter 'w' [-Wunused-parameter]
   95 | int eStaticServiceHDMIInfo::getInfo(const eServiceReference &ref, int w)
      |                                                                   ~~~~^

../../git/lib/service/servicehdmi.cpp: In member function 'virtual long long int eStaticServiceHDMIInfo::getFileSize(const eServiceReference&)':
../../git/lib/service/servicehdmi.cpp:100:72: warning: unused parameter 'ref' [-Wunused-parameter]
  100 | long long eStaticServiceHDMIInfo::getFileSize(const eServiceReference &ref)
      |                                               ~~~~~~~~~~~~~~~~~~~~~~~~~^~~

In file included from ../../git/lib/dvb/dvb.h:12,
                 from ../../git/lib/dvb/pmt.h:8,
                 from ../../git/lib/dvb/teletext.h:7,
                 from ../../git/lib/gui/esubtitle.h:6:
../../git/lib/dvb/tstools.h: In member function 'virtual RESULT eTSFileSectionReader::setBufferSize(int)':
../../git/lib/dvb/tstools.h:29:34: warning: unused parameter 'size' [-Wunused-parameter]
   29 |         RESULT setBufferSize(int size) { return 0; }
      |                              ~~~~^~~~

../../git/lib/service/servicehdmi.cpp: In member function 'virtual int eServiceHDMI::getInfo(int)':
../../git/lib/service/servicehdmi.cpp:167:31: warning: unused parameter 'w' [-Wunused-parameter]
  167 | int eServiceHDMI::getInfo(int w)
      |                           ~~~~^

../../git/lib/service/servicehdmi.cpp: In member function 'virtual std::string eServiceHDMI::getInfoString(int)':
../../git/lib/service/servicehdmi.cpp:172:45: warning: unused parameter 'w' [-Wunused-parameter]
  172 | std::string eServiceHDMI::getInfoString(int w)
      |                                         ~~~~^

../../git/lib/service/servicehdmi.cpp: In member function 'virtual ePtr<iServiceInfoContainer> eServiceHDMI::getInfoObject(int)':
../../git/lib/service/servicehdmi.cpp:177:61: warning: unused parameter 'w' [-Wunused-parameter]
  177 | ePtr<iServiceInfoContainer> eServiceHDMI::getInfoObject(int w)
      |                                                         ~~~~^

../../git/lib/service/servicehdmi.cpp: In member function 'virtual RESULT eServiceHDMIRecord::prepare(const char*, time_t, time_t, int, const char*, const char*, const char*, bool, bool, int)':
../../git/lib/service/servicehdmi.cpp:195:65: warning: unused parameter 'begTime' [-Wunused-parameter]
  195 | RESULT eServiceHDMIRecord::prepare(const char *filename, time_t begTime, time_t endTime, int eit_event_id, const char *name, const char *descr, const char *tags, bool descramble, bool recordecm, int packetsize)
      |                                                          ~~~~~~~^~~~~~~

../../git/lib/service/servicehdmi.cpp:195:81: warning: unused parameter 'endTime' [-Wunused-parameter]
  195 | RESULT eServiceHDMIRecord::prepare(const char *filename, time_t begTime, time_t endTime, int eit_event_id, const char *name, const char *descr, const char *tags, bool descramble, bool recordecm, int packetsize)
      |                                                                          ~~~~~~~^~~~~~~

../../git/lib/service/servicehdmi.cpp:195:94: warning: unused parameter 'eit_event_id' [-Wunused-parameter]
  195 | RESULT eServiceHDMIRecord::prepare(const char *filename, time_t begTime, time_t endTime, int eit_event_id, const char *name, const char *descr, const char *tags, bool descramble, bool recordecm, int packetsize)
      |                                                                                          ~~~~^~~~~~~~~~~~

../../git/lib/service/servicehdmi.cpp:195:120: warning: unused parameter 'name' [-Wunused-parameter]
  195 | RESULT eServiceHDMIRecord::prepare(const char *filename, time_t begTime, time_t endTime, int eit_event_id, const char *name, const char *descr, const char *tags, bool descramble, bool recordecm, int packetsize)
      |                                                                                                            ~~~~~~~~~~~~^~~~

../../git/lib/service/servicehdmi.cpp:195:138: warning: unused parameter 'descr' [-Wunused-parameter]
  195 | RESULT eServiceHDMIRecord::prepare(const char *filename, time_t begTime, time_t endTime, int eit_event_id, const char *name, const char *descr, const char *tags, bool descramble, bool recordecm, int packetsize)
      |                                                                                                                              ~~~~~~~~~~~~^~~~~

../../git/lib/service/servicehdmi.cpp:195:157: warning: unused parameter 'tags' [-Wunused-parameter]
  195 | RESULT eServiceHDMIRecord::prepare(const char *filename, time_t begTime, time_t endTime, int eit_event_id, const char *name, const char *descr, const char *tags, bool descramble, bool recordecm, int packetsize)
      |                                                                                                                                                 ~~~~~~~~~~~~^~~~

../../git/lib/service/servicehdmi.cpp:195:168: warning: unused parameter 'descramble' [-Wunused-parameter]
  195 | RESULT eServiceHDMIRecord::prepare(const char *filename, time_t begTime, time_t endTime, int eit_event_id, const char *name, const char *descr, const char *tags, bool descramble, bool recordecm, int packetsize)
      |                                                                                                                                                                   ~~~~~^~~~~~~~~~

../../git/lib/service/servicehdmi.cpp:195:185: warning: unused parameter 'recordecm' [-Wunused-parameter]
  195 | RESULT eServiceHDMIRecord::prepare(const char *filename, time_t begTime, time_t endTime, int eit_event_id, const char *name, const char *descr, const char *tags, bool descramble, bool recordecm, int packetsize)
      |                                                                                                                                                                                    ~~~~~^~~~~~~~~

../../git/lib/service/servicehdmi.cpp:195:200: warning: unused parameter 'packetsize' [-Wunused-parameter]
  195 | RESULT eServiceHDMIRecord::prepare(const char *filename, time_t begTime, time_t endTime, int eit_event_id, const char *name, const char *descr, const char *tags, bool descramble, bool recordecm, int packetsize)
      |                                                                                                                                                                                                    ~~~~^~~~~~~~~~

../../git/lib/service/servicehdmi.cpp: In member function 'virtual RESULT eServiceHDMIRecord::prepareStreaming(bool, bool)':
../../git/lib/service/servicehdmi.cpp:206:50: warning: unused parameter 'descramble' [-Wunused-parameter]
  206 | RESULT eServiceHDMIRecord::prepareStreaming(bool descramble, bool includeecm)
      |                                             ~~~~~^~~~~~~~~~

../../git/lib/service/servicehdmi.cpp:206:67: warning: unused parameter 'includeecm' [-Wunused-parameter]
  206 | RESULT eServiceHDMIRecord::prepareStreaming(bool descramble, bool includeecm)
      |                                                              ~~~~~^~~~~~~~~~

+ for dir in *
+ '[' pseudo = pseudo ']'
+ /home/pli/builds/openpli-scarthgap-build-1-30-2025/openpli-oe-core/build/tmp/hosttools/rm -rf -- pseudo

+ for dir in *

+ '[' recipe-sysroot = pseudo ']'

+ echo temp

+ grep -q -w recipe-sysroot

+ /home/pli/builds/openpli-scarthgap-build-1-30-2025/openpli-oe-core/build/tmp/hosttools/rm -rf -- recipe-sysroot

+ for dir in *

+ '[' recipe-sysroot-native = pseudo ']'

+ echo temp

+ grep -q -w recipe-sysroot-native

+ /home/pli/builds/openpli-scarthgap-build-1-30-2025/openpli-oe-core/build/tmp/hosttools/rm -rf -- recipe-sysroot-native

mv -f driver/.deps/libenigma_driver_a-rcinput.Tpo driver/.deps/libenigma_driver_a-rcinput.Po

mv -f driver/.deps/libenigma_driver_a-avswitch.Tpo driver/.deps/libenigma_driver_a-avswitch.Po

+ for dir in *

+ '[' spdx = pseudo ']'

+ echo temp

+ grep -q -w spdx

+ /home/pli/builds/openpli-scarthgap-build-1-30-2025/openpli-oe-core/build/tmp/hosttools/rm -rf -- spdx

+ for dir in *

+ '[' sysroot-destdir = pseudo ']'

+ echo temp

+ grep -q -w sysroot-destdir

+ /home/pli/builds/openpli-scarthgap-build-1-30-2025/openpli-oe-core/build/tmp/hosttools/rm -rf -- sysroot-destdir

+ for dir in *

+ '[' temp = pseudo ']'

+ echo temp

+ grep -q -w temp
+ ret=0
+ trap '' 0
+ exit 0

NOTE: recipe enigma-info-6-r0: task do_rm_work: Succeeded
In file included from ../../git/lib/gui/einput.h:4,
                 from ../../git/lib/gui/einput.cpp:1:
../../git/lib/gui/ewidget.h: In member function 'void eWidget::setPositionNotifyChild(int)':
../../git/lib/gui/ewidget.h:151:41: warning: unused parameter 'n' [-Wunused-parameter]
  151 |         void setPositionNotifyChild(int n) { m_notify_child_on_position_change = 1; }
      |                                     ~~~~^

In file included from ../../git/lib/gui/einput.cpp:2:
../../git/lib/gdi/font.h: At global scope:
../../git/lib/gdi/font.h:194:9: warning: type qualifiers ignored on function return type [-Wignored-qualifiers]
  194 |         const int size() const
      |         ^~~~~

../../git/lib/service/servicewebts.cpp: In member function 'virtual RESULT eServiceFactoryWebTS::record(const eServiceReference&, ePtr<iRecordableService>&)':
../../git/lib/service/servicewebts.cpp:60:62: warning: unused parameter 'ref' [-Wunused-parameter]
   60 | RESULT eServiceFactoryWebTS::record(const eServiceReference &ref, ePtr<iRecordableService> &ptr)
      |                                     ~~~~~~~~~~~~~~~~~~~~~~~~~^~~

../../git/lib/service/servicewebts.cpp: In member function 'virtual RESULT eServiceFactoryWebTS::info(const eServiceReference&, ePtr<iStaticServiceInformation>&)':
../../git/lib/service/servicewebts.cpp:72:60: warning: unused parameter 'ref' [-Wunused-parameter]
   72 | RESULT eServiceFactoryWebTS::info(const eServiceReference &ref, ePtr<iStaticServiceInformation> &ptr)
      |                                   ~~~~~~~~~~~~~~~~~~~~~~~~~^~~

../../git/lib/service/servicewebts.cpp: In member function 'virtual int eStaticServiceWebTSInfo::getLength(const eServiceReference&)':
../../git/lib/service/servicewebts.cpp:107:65: warning: unused parameter 'ref' [-Wunused-parameter]
  107 | int eStaticServiceWebTSInfo::getLength(const eServiceReference &ref)
      |                                        ~~~~~~~~~~~~~~~~~~~~~~~~~^~~

../../git/lib/service/servicewebts.cpp: In member function 'virtual RESULT eStaticServiceWebTSInfo::getEvent(const eServiceReference&, ePtr<eServiceEvent>&, time_t)':
../../git/lib/service/servicewebts.cpp:142:67: warning: unused parameter 'ref' [-Wunused-parameter]
  142 | RESULT eStaticServiceWebTSInfo::getEvent(const eServiceReference &ref, ePtr<eServiceEvent> &evt, time_t start_time)
      |                                          ~~~~~~~~~~~~~~~~~~~~~~~~~^~~

../../git/lib/service/servicewebts.cpp:142:105: warning: unused parameter 'start_time' [-Wunused-parameter]
  142 | RESULT eStaticServiceWebTSInfo::getEvent(const eServiceReference &ref, ePtr<eServiceEvent> &evt, time_t start_time)
      |                                                                                                  ~~~~~~~^~~~~~~~~~

In file included from ../../git/lib/service/servicedvd.cpp:22:
../../git/lib/service/servicedvd.h: In member function 'virtual int eStaticServiceDVDInfo::getLength(const eServiceReference&)':
../../git/lib/service/servicedvd.h:38:48: warning: unused parameter 'ref' [-Wunused-parameter]
   38 |         int getLength(const eServiceReference &ref) { return -1; }
      |                       ~~~~~~~~~~~~~~~~~~~~~~~~~^~~

../../git/lib/service/servicedvd.h: In member function 'virtual int eStaticServiceDVDInfo::isPlayable(const eServiceReference&, const eServiceReference&, bool)':
../../git/lib/service/servicedvd.h:40:49: warning: unused parameter 'ref' [-Wunused-parameter]
   40 |         int isPlayable(const eServiceReference &ref, const eServiceReference &ignore, bool simulate) { return 1; }
      |                        ~~~~~~~~~~~~~~~~~~~~~~~~~^~~

../../git/lib/service/servicedvd.h:40:79: warning: unused parameter 'ignore' [-Wunused-parameter]
   40 |         int isPlayable(const eServiceReference &ref, const eServiceReference &ignore, bool simulate) { return 1; }
      |                                                      ~~~~~~~~~~~~~~~~~~~~~~~~~^~~~~~

../../git/lib/service/servicedvd.h:40:92: warning: unused parameter 'simulate' [-Wunused-parameter]
   40 |         int isPlayable(const eServiceReference &ref, const eServiceReference &ignore, bool simulate) { return 1; }
      |                                                                                       ~~~~~^~~~~~~~

../../git/lib/service/servicedvd.h: In member function 'virtual RESULT eStaticServiceDVDInfo::getEvent(const eServiceReference&, ePtr<eServiceEvent>&, time_t)':
../../git/lib/service/servicedvd.h:42:50: warning: unused parameter 'ref' [-Wunused-parameter]
   42 |         RESULT getEvent(const eServiceReference &ref, ePtr<eServiceEvent> &ptr, time_t start_time) { return -1; }
      |                         ~~~~~~~~~~~~~~~~~~~~~~~~~^~~

../../git/lib/service/servicedvd.h:42:76: warning: unused parameter 'ptr' [-Wunused-parameter]
   42 |         RESULT getEvent(const eServiceReference &ref, ePtr<eServiceEvent> &ptr, time_t start_time) { return -1; }
      |                                                       ~~~~~~~~~~~~~~~~~~~~~^~~

../../git/lib/service/servicedvd.h:42:88: warning: unused parameter 'start_time' [-Wunused-parameter]
   42 |         RESULT getEvent(const eServiceReference &ref, ePtr<eServiceEvent> &ptr, time_t start_time) { return -1; }
      |                                                                                 ~~~~~~~^~~~~~~~~~

../../git/lib/service/servicedvd.h: In member function 'virtual RESULT eServiceDVD::setTarget(int, bool)':
../../git/lib/service/servicedvd.h:68:30: warning: unused parameter 'target' [-Wunused-parameter]
   68 |         RESULT setTarget(int target, bool noaudio = false) { return -1; }
      |                          ~~~~^~~~~~

../../git/lib/service/servicedvd.h:68:43: warning: unused parameter 'noaudio' [-Wunused-parameter]
   68 |         RESULT setTarget(int target, bool noaudio = false) { return -1; }
      |                                      ~~~~~^~~~~~~~~~~~~~~

../../git/lib/service/servicedvd.h: In member function 'virtual void eServiceDVD::setQpipMode(bool, bool)':
../../git/lib/service/servicedvd.h:80:31: warning: unused parameter 'value' [-Wunused-parameter]
   80 |         void setQpipMode(bool value, bool audio) { }
      |                          ~~~~~^~~~~
../../git/lib/service/servicedvd.h:80:43: warning: unused parameter 'audio' [-Wunused-parameter]
   80 |         void setQpipMode(bool value, bool audio) { }
      |                                      ~~~~~^~~~~

../../git/lib/service/servicewebts.cpp: In member function 'virtual RESULT eServiceWebTS::getLength(pts_t&)':
../../git/lib/service/servicewebts.cpp:448:40: warning: unused parameter 'pts' [-Wunused-parameter]
  448 | RESULT eServiceWebTS::getLength(pts_t &pts)
      |                                 ~~~~~~~^~~

../../git/lib/service/servicewebts.cpp: In member function 'virtual RESULT eServiceWebTS::seekTo(pts_t)':
../../git/lib/service/servicewebts.cpp:453:36: warning: unused parameter 'to' [-Wunused-parameter]
  453 | RESULT eServiceWebTS::seekTo(pts_t to)
      |                              ~~~~~~^~

../../git/lib/service/servicewebts.cpp: In member function 'virtual RESULT eServiceWebTS::seekRelative(int, pts_t)':
../../git/lib/service/servicewebts.cpp:458:40: warning: unused parameter 'direction' [-Wunused-parameter]
  458 | RESULT eServiceWebTS::seekRelative(int direction, pts_t to)
      |                                    ~~~~^~~~~~~~~

../../git/lib/service/servicewebts.cpp:458:57: warning: unused parameter 'to' [-Wunused-parameter]
  458 | RESULT eServiceWebTS::seekRelative(int direction, pts_t to)
      |                                                   ~~~~~~^~

../../git/lib/service/servicewebts.cpp: In member function 'virtual RESULT eServiceWebTS::getPlayPosition(pts_t&)':
../../git/lib/service/servicewebts.cpp:463:46: warning: unused parameter 'pts' [-Wunused-parameter]
  463 | RESULT eServiceWebTS::getPlayPosition(pts_t &pts)
      |                                       ~~~~~~~^~~

../../git/lib/service/servicewebts.cpp: In member function 'virtual RESULT eServiceWebTS::setTrickmode(int)':
../../git/lib/service/servicewebts.cpp:468:40: warning: unused parameter 'trick' [-Wunused-parameter]
  468 | RESULT eServiceWebTS::setTrickmode(int trick)
      |                                    ~~~~^~~~~

../../git/lib/service/servicewebts.cpp: In member function 'virtual int eServiceWebTS::getInfo(int)':
../../git/lib/service/servicewebts.cpp:497:32: warning: unused parameter 'w' [-Wunused-parameter]
  497 | int eServiceWebTS::getInfo(int w)
      |                            ~~~~^

In file included from ../../git/lib/gui/einput.cpp:5:
../../git/lib/driver/rc.h: In member function 'virtual void eRCDevice::setExclusive(bool)':
../../git/lib/driver/rc.h:58:40: warning: unused parameter 'b' [-Wunused-parameter]
   58 |         virtual void setExclusive(bool b) { };
      |                                   ~~~~~^

mv -f gdi/.deps/libenigma_gdi_a-grc.Tpo gdi/.deps/libenigma_gdi_a-grc.Po

../../git/lib/service/servicedvd.cpp: In member function 'virtual RESULT eServiceDVD::getCachedSubtitle(iSubtitleOutput::SubtitleTrack&)':
../../git/lib/service/servicedvd.cpp:848:61: warning: unused parameter 'track' [-Wunused-parameter]
  848 | RESULT eServiceDVD::getCachedSubtitle(struct SubtitleTrack &track)
      |                                       ~~~~~~~~~~~~~~~~~~~~~~^~~~~

mv -f service/.deps/libenigma_service_a-servicedvbfcc.Tpo service/.deps/libenigma_service_a-servicedvbfcc.Po

mv -f driver/.deps/libenigma_driver_a-rc.Tpo driver/.deps/libenigma_driver_a-rc.Po

In file included from ../../git/lib/service/servicewebts.h:5:
../../git/lib/base/message.h: In instantiation of 'eFixedMessagePump<T>::eFixedMessagePump(eMainloop*, int) [with T = int]':
../../git/lib/service/servicewebts.cpp:167:79:   required from here
../../git/lib/base/message.h:108:51: warning: unused parameter 'mt' [-Wunused-parameter]
  108 |         eFixedMessagePump(eMainloop *context, int mt):
      |                                               ~~~~^~

In file included from ../../git/lib/gdi/grc.h:21,
                 from ../../git/lib/gui/ewidget.h:4:
../../git/lib/base/message.h: In instantiation of 'eFixedMessagePump<T>::eFixedMessagePump(eMainloop*, int) [with T = int]':
../../git/lib/service/servicedvd.cpp:171:22:   required from here
../../git/lib/base/message.h:108:51: warning: unused parameter 'mt' [-Wunused-parameter]
  108 |         eFixedMessagePump(eMainloop *context, int mt):
      |                                               ~~~~^~

mv -f driver/.deps/libenigma_driver_a-hdmi_cec.Tpo driver/.deps/libenigma_driver_a-hdmi_cec.Po

In file included from /home/pli/builds/openpli-scarthgap-build-1-30-2025/openpli-oe-core/build/tmp/work/osmio4k-oe-linux-gnueabi/enigma2/3.12+git/recipe-sysroot/usr/include/c++/13.3.0/map:62,
                 from ../../git/lib/base/eerror.h:5,
                 from ../../git/lib/base/object.h:10,
                 from ../../git/lib/python/python.h:8,
                 from ../../git/lib/service/iservice.h:5:
/home/pli/builds/openpli-scarthgap-build-1-30-2025/openpli-oe-core/build/tmp/work/osmio4k-oe-linux-gnueabi/enigma2/3.12+git/recipe-sysroot/usr/include/c++/13.3.0/bits/stl_tree.h: In member function 'std::_Rb_tree<_Key, _Val, _KeyOfValue, _Compare, _Alloc>::iterator std::_Rb_tree<_Key, _Val, _KeyOfValue, _Compare, _Alloc>::_M_emplace_hint_unique(const_iterator, _Args&& ...) [with _Args = {const std::piecewise_construct_t&, std::tuple<const int&>, std::tuple<>}; _Key = int; _Val = std::pair<const int, long long int>; _KeyOfValue = std::_Select1st<std::pair<const int, long long int> >; _Compare = std::less<int>; _Alloc = std::allocator<std::pair<const int, long long int> >]':
/home/pli/builds/openpli-scarthgap-build-1-30-2025/openpli-oe-core/build/tmp/work/osmio4k-oe-linux-gnueabi/enigma2/3.12+git/recipe-sysroot/usr/include/c++/13.3.0/bits/stl_tree.h:2458:7: note: parameter passing for argument of type 'std::_Rb_tree<int, std::pair<const int, long long int>, std::_Select1st<std::pair<const int, long long int> >, std::less<int>, std::allocator<std::pair<const int, long long int> > >::const_iterator' changed in GCC 7.1
 2458 |       _Rb_tree<_Key, _Val, _KeyOfValue, _Compare, _Alloc>::
      |       ^~~~~~~~~~~~~~~~~~~~~~~~~~~~~~~~~~~~~~~~~~~~~~~~~~~

In file included from /home/pli/builds/openpli-scarthgap-build-1-30-2025/openpli-oe-core/build/tmp/work/osmio4k-oe-linux-gnueabi/enigma2/3.12+git/recipe-sysroot/usr/include/c++/13.3.0/map:63:
In member function 'std::map<_Key, _Tp, _Compare, _Alloc>::mapped_type& std::map<_Key, _Tp, _Compare, _Alloc>::operator[](const key_type&) [with _Key = int; _Tp = long long int; _Compare = std::less<int>; _Alloc = std::allocator<std::pair<const int, long long int> >]',
    inlined from 'void eDVBServiceRecord::gotNewEvent(int)' at ../../git/lib/service/servicedvbrecord.cpp:571:31:
/home/pli/builds/openpli-scarthgap-build-1-30-2025/openpli-oe-core/build/tmp/work/osmio4k-oe-linux-gnueabi/enigma2/3.12+git/recipe-sysroot/usr/include/c++/13.3.0/bits/stl_map.h:513:44: note: parameter passing for argument of type 'std::_Rb_tree<int, std::pair<const int, long long int>, std::_Select1st<std::pair<const int, long long int> >, std::less<int>, std::allocator<std::pair<const int, long long int> > >::const_iterator' changed in GCC 7.1
  513 |           __i = _M_t._M_emplace_hint_unique(__i, std::piecewise_construct,
      |                 ~~~~~~~~~~~~~~~~~~~~~~~~~~~^~~~~~~~~~~~~~~~~~~~~~~~~~~~~~~
  514 |                                             std::tuple<const key_type&>(__k),
      |                                             ~~~~~~~~~~~~~~~~~~~~~~~~~~~~~~~~~
  515 |                                             std::tuple<>());
      |                                             ~~~~~~~~~~~~~~~

In file included from ../../git/lib/gui/elabel.h:4,
                 from ../../git/lib/gui/elabel.cpp:1:
../../git/lib/gui/ewidget.h: In member function 'void eWidget::setPositionNotifyChild(int)':
../../git/lib/gui/ewidget.h:151:41: warning: unused parameter 'n' [-Wunused-parameter]
  151 |         void setPositionNotifyChild(int n) { m_notify_child_on_position_change = 1; }
      |                                     ~~~~^

In file included from ../../git/lib/gui/elabel.cpp:2:
../../git/lib/gdi/font.h: At global scope:
../../git/lib/gdi/font.h:194:9: warning: type qualifiers ignored on function return type [-Wignored-qualifiers]
  194 |         const int size() const
      |         ^~~~~

In file included from ../../git/lib/gui/einput.h:4,
                 from ../../git/lib/gui/einputnumber.h:4,
                 from ../../git/lib/gui/einputnumber.cpp:1:
../../git/lib/gui/ewidget.h: In member function 'void eWidget::setPositionNotifyChild(int)':
../../git/lib/gui/ewidget.h:151:41: warning: unused parameter 'n' [-Wunused-parameter]
  151 |         void setPositionNotifyChild(int n) { m_notify_child_on_position_change = 1; }
      |                                     ~~~~^

mv -f service/.deps/libenigma_service_a-servicedvbrecord.Tpo service/.deps/libenigma_service_a-servicedvbrecord.Po

In file included from ../../git/lib/gui/einput.h:4,
                 from ../../git/lib/gui/einputstring.h:4,
                 from ../../git/lib/gui/einputstring.cpp:1:
../../git/lib/gui/ewidget.h: In member function 'void eWidget::setPositionNotifyChild(int)':
../../git/lib/gui/ewidget.h:151:41: warning: unused parameter 'n' [-Wunused-parameter]
  151 |         void setPositionNotifyChild(int n) { m_notify_child_on_position_change = 1; }
      |                                     ~~~~^

In file included from ../../git/lib/gui/elistbox.h:4,
                 from ../../git/lib/gui/elistbox.cpp:1:
../../git/lib/gui/ewidget.h: In member function 'void eWidget::setPositionNotifyChild(int)':
../../git/lib/gui/ewidget.h:151:41: warning: unused parameter 'n' [-Wunused-parameter]
  151 |         void setPositionNotifyChild(int n) { m_notify_child_on_position_change = 1; }
      |                                     ~~~~^

mv -f service/.deps/libenigma_service_a-servicefs.Tpo service/.deps/libenigma_service_a-servicefs.Po

In file included from ../../git/lib/gui/elistbox.h:4,
                 from ../../git/lib/gui/elistboxcontent.cpp:1:
../../git/lib/gui/ewidget.h: In member function 'void eWidget::setPositionNotifyChild(int)':
../../git/lib/gui/ewidget.h:151:41: warning: unused parameter 'n' [-Wunused-parameter]
  151 |         void setPositionNotifyChild(int n) { m_notify_child_on_position_change = 1; }
      |                                     ~~~~^

In file included from ../../git/lib/gui/eslider.h:4,
                 from ../../git/lib/gui/eslider.cpp:1:
../../git/lib/gui/ewidget.h: In member function 'void eWidget::setPositionNotifyChild(int)':
../../git/lib/gui/ewidget.h:151:41: warning: unused parameter 'n' [-Wunused-parameter]
  151 |         void setPositionNotifyChild(int n) { m_notify_child_on_position_change = 1; }
      |                                     ~~~~^

In file included from ../../git/lib/gui/epositiongauge.h:4,
                 from ../../git/lib/gui/epositiongauge.cpp:1:
../../git/lib/gui/ewidget.h: In member function 'void eWidget::setPositionNotifyChild(int)':
../../git/lib/gui/ewidget.h:151:41: warning: unused parameter 'n' [-Wunused-parameter]
  151 |         void setPositionNotifyChild(int n) { m_notify_child_on_position_change = 1; }
      |                                     ~~~~^

In file included from ../../git/lib/gui/elistboxcontent.cpp:3:
../../git/lib/gdi/font.h: At global scope:
../../git/lib/gdi/font.h:194:9: warning: type qualifiers ignored on function return type [-Wignored-qualifiers]
  194 |         const int size() const
      |         ^~~~~

../../git/lib/gui/epositiongauge.cpp: In member function 'void ePositionGauge::setInColor(const gRGB&)':
../../git/lib/gui/epositiongauge.cpp:41:45: warning: unused parameter 'color' [-Wunused-parameter]
   41 | void ePositionGauge::setInColor(const gRGB &color)
      |                                 ~~~~~~~~~~~~^~~~~

../../git/lib/gdi/picload.cpp: In function 'unsigned char* jpeg_load(const char*, int*, int*, unsigned int, unsigned int)':
../../git/lib/gdi/picload.cpp:426:82: warning: argument 'max_x' might be clobbered by 'longjmp' or 'vfork' [-Wclobbered]
  426 | static unsigned char *jpeg_load(const char *file, int *ox, int *oy, unsigned int max_x, unsigned int max_y)
      |                                                                     ~~~~~~~~~~~~~^~~~~
../../git/lib/gdi/picload.cpp:426:102: warning: argument 'max_y' might be clobbered by 'longjmp' or 'vfork' [-Wclobbered]
  426 | static unsigned char *jpeg_load(const char *file, int *ox, int *oy, unsigned int max_x, unsigned int max_y)
      |                                                                                         ~~~~~~~~~~~~~^~~~~

In file included from ../../git/lib/gui/epixmap.h:4,
                 from ../../git/lib/gui/epixmap.cpp:2:
../../git/lib/gui/ewidget.h: In member function 'void eWidget::setPositionNotifyChild(int)':
../../git/lib/gui/ewidget.h:151:41: warning: unused parameter 'n' [-Wunused-parameter]
  151 |         void setPositionNotifyChild(int n) { m_notify_child_on_position_change = 1; }
      |                                     ~~~~^

mv -f service/.deps/libenigma_service_a-servicehdmi.Tpo service/.deps/libenigma_service_a-servicehdmi.Po

mv -f service/.deps/libenigma_service_a-servicem2ts.Tpo service/.deps/libenigma_service_a-servicem2ts.Po

mv -f service/.deps/libenigma_service_a-listboxservice.Tpo service/.deps/libenigma_service_a-listboxservice.Po

mv -f service/.deps/libenigma_service_a-servicets.Tpo service/.deps/libenigma_service_a-servicets.Po

mv -f service/.deps/libenigma_service_a-servicedvbstream.Tpo service/.deps/libenigma_service_a-servicedvbstream.Po

mv -f gdi/.deps/libenigma_gdi_a-picload.Tpo gdi/.deps/libenigma_gdi_a-picload.Po

mv -f service/.deps/libenigma_service_a-servicewebts.Tpo service/.deps/libenigma_service_a-servicewebts.Po

mv -f service/.deps/libenigma_service_a-servicedvd.Tpo service/.deps/libenigma_service_a-servicedvd.Po

mv -f service/.deps/libenigma_service_a-servicedvb.Tpo service/.deps/libenigma_service_a-servicedvb.Po

make[4]: Leaving directory '/home/pli/builds/openpli-scarthgap-build-1-30-2025/openpli-oe-core/build/tmp/work/osmio4k-oe-linux-gnueabi/enigma2/3.12+git/build/lib'

make[3]: *** [Makefile:2912: all-recursive] Error 1

make[3]: Leaving directory '/home/pli/builds/openpli-scarthgap-build-1-30-2025/openpli-oe-core/build/tmp/work/osmio4k-oe-linux-gnueabi/enigma2/3.12+git/build/lib'

make[2]: *** [Makefile:1223: all] Error 2

make[2]: Leaving directory '/home/pli/builds/openpli-scarthgap-build-1-30-2025/openpli-oe-core/build/tmp/work/osmio4k-oe-linux-gnueabi/enigma2/3.12+git/build/lib'

make[1]: *** [Makefile:541: all-recursive] Error 1

make[1]: Leaving directory '/home/pli/builds/openpli-scarthgap-build-1-30-2025/openpli-oe-core/build/tmp/work/osmio4k-oe-linux-gnueabi/enigma2/3.12+git/build'

make: *** [Makefile:427: all] Error 2

+ die 'oe_runmake failed'

+ bbfatal_log 'oe_runmake failed'

+ '[' -p /home/pli/builds/openpli-scarthgap-build-1-30-2025/openpli-oe-core/build/tmp/work/osmio4k-oe-linux-gnueabi/enigma2/3.12+git/temp/fifo.2763633 ']'
+ printf '%b\0' 'bbfatal_log oe_runmake failed'

ERROR: enigma2-3.12+git-r0 do_compile: oe_runmake failed
+ exit 1
+ bb_bash_exit_handler 'exit 1'
+ ret=1

+ set +x

WARNING: /home/pli/builds/openpli-scarthgap-build-1-30-2025/openpli-oe-core/build/tmp/work/osmio4k-oe-linux-gnueabi/enigma2/3.12+git/temp/run.do_compile.2763633:200 exit 1 from 'exit 1'
WARNING: Backtrace (BB generated script): 

	#1: bbfatal_log, /home/pli/builds/openpli-scarthgap-build-1-30-2025/openpli-oe-core/build/tmp/work/osmio4k-oe-linux-gnueabi/enigma2/3.12+git/temp/run.do_compile.2763633, line 200
	#2: die, /home/pli/builds/openpli-scarthgap-build-1-30-2025/openpli-oe-core/build/tmp/work/osmio4k-oe-linux-gnueabi/enigma2/3.12+git/temp/run.do_compile.2763633, line 184

	#3: oe_runmake, /home/pli/builds/openpli-scarthgap-build-1-30-2025/openpli-oe-core/build/tmp/work/osmio4k-oe-linux-gnueabi/enigma2/3.12+git/temp/run.do_compile.2763633, line 179
	#4: autotools_do_compile, /home/pli/builds/openpli-scarthgap-build-1-30-2025/openpli-oe-core/build/tmp/work/osmio4k-oe-linux-gnueabi/enigma2/3.12+git/temp/run.do_compile.2763633, line 167
	#5: do_compile, /home/pli/builds/openpli-scarthgap-build-1-30-2025/openpli-oe-core/build/tmp/work/osmio4k-oe-linux-gnueabi/enigma2/3.12+git/temp/run.do_compile.2763633, line 162
	#6: main, /home/pli/builds/openpli-scarthgap-build-1-30-2025/openpli-oe-core/build/tmp/work/osmio4k-oe-linux-gnueabi/enigma2/3.12+git/temp/run.do_compile.2763633, line 214

ERROR: enigma2-3.12+git-r0 do_compile: ExecutionError('/home/pli/builds/openpli-scarthgap-build-1-30-2025/openpli-oe-core/build/tmp/work/osmio4k-oe-linux-gnueabi/enigma2/3.12+git/temp/run.do_compile.2763633', 1, None, None)
ERROR: Logfile of failure stored in: /home/pli/builds/openpli-scarthgap-build-1-30-2025/openpli-oe-core/build/tmp/work/osmio4k-oe-linux-gnueabi/enigma2/3.12+git/temp/log.do_compile.2763633
NOTE: recipe enigma2-3.12+git-r0: task do_compile: Failed
ERROR: Task (/home/pli/builds/openpli-scarthgap-build-1-30-2025/openpli-oe-core/meta-openpli/recipes-openpli/enigma2/enigma2.bb:do_compile) failed with exit code '1'
NOTE: Tasks Summary: Attempted 6354 tasks of which 6342 didn't need to be rerun and 1 failed.

Summary: 1 task failed:
  /home/pli/builds/openpli-scarthgap-build-1-30-2025/openpli-oe-core/meta-openpli/recipes-openpli/enigma2/enigma2.bb:do_compile
Summary: There were 2 ERROR messages, returning a non-zero exit code.
