Loading cache...done.
Loaded 5779 entries from dependency cache.
Parsing recipes...done.
Parsing of 4147 .bb files complete (3808 cached, 339 parsed). 6119 targets, 1101 skipped, 0 masked, 0 errors.
NOTE: Resolving any missing task queue dependencies
NOTE: selecting binutils-cross-arm to satisfy virtual/arm-oe-linux-gnueabi-binutils due to PREFERRED_PROVIDERS
NOTE: selecting pseudo-native to satisfy virtual/fakeroot-native due to PREFERRED_PROVIDERS
NOTE: selecting gcc-runtime to satisfy virtual/arm-oe-linux-gnueabi-compilerlibs due to PREFERRED_PROVIDERS
NOTE: selecting gcc-cross-arm to satisfy virtual/arm-oe-linux-gnueabi-gcc due to PREFERRED_PROVIDERS
NOTE: selecting glibc to satisfy virtual/libc due to PREFERRED_PROVIDERS
NOTE: selecting openssl to satisfy openssl due to PREFERRED_PROVIDERS
NOTE: selecting pkgconfig-native to satisfy pkgconfig-native due to PREFERRED_PROVIDERS
NOTE: selecting linux-edision to satisfy runtime kernel-module-au0828 due to PREFERRED_PROVIDER_virtual/kernel = linux-edision
NOTE: selecting linux-edision to satisfy runtime kernel-module-au8522 due to PREFERRED_PROVIDER_virtual/kernel = linux-edision
NOTE: selecting linux-edision to satisfy runtime kernel-module-dvb-usb-tbsqbox2ci due to PREFERRED_PROVIDER_virtual/kernel = linux-edision
NOTE: selecting linux-edision to satisfy runtime kernel-module-stv0299 due to PREFERRED_PROVIDER_virtual/kernel = linux-edision
NOTE: selecting linux-edision to satisfy runtime kernel-module-dvb-usb-tbs5925 due to PREFERRED_PROVIDER_virtual/kernel = linux-edision
NOTE: selecting linux-edision to satisfy runtime kernel-module-cx24116 due to PREFERRED_PROVIDER_virtual/kernel = linux-edision
NOTE: selecting linux-edision to satisfy runtime kernel-module-lgdt3305 due to PREFERRED_PROVIDER_virtual/kernel = linux-edision
NOTE: selecting linux-edision to satisfy runtime kernel-module-tda10071 due to PREFERRED_PROVIDER_virtual/kernel = linux-edision
NOTE: selecting glibc-locale to satisfy runtime glibc-gconv-utf-16 due to PREFERRED_PROVIDER_virtual/libc-locale = glibc-locale
NOTE: selecting linux-edision to satisfy runtime kernel-module-em28xx due to PREFERRED_PROVIDER_virtual/kernel = linux-edision
NOTE: selecting linux-edision to satisfy runtime kernel-module-tda18271 due to PREFERRED_PROVIDER_virtual/kernel = linux-edision
NOTE: selecting glibc-locale to satisfy runtime glibc-gconv-iso8859-15 due to PREFERRED_PROVIDER_virtual/libc-locale = glibc-locale
NOTE: selecting linux-edision to satisfy runtime kernel-module-au8522-dig due to PREFERRED_PROVIDER_virtual/kernel = linux-edision
NOTE: selecting glibc-locale to satisfy runtime glibc-gconv-cp1250 due to PREFERRED_PROVIDER_virtual/libc-locale = glibc-locale
NOTE: selecting linux-edision to satisfy runtime kernel-module-cx25840 due to PREFERRED_PROVIDER_virtual/kernel = linux-edision
NOTE: selecting linux-edision to satisfy runtime kernel-module-dvb-usb-tbsusb due to PREFERRED_PROVIDER_virtual/kernel = linux-edision
NOTE: selecting enigma2-plugin-systemplugins-servicemp3 to satisfy runtime virtual-enigma2-mediaservice due to PREFERRED_PROVIDER_virtual/enigma2-mediaservice = enigma2-plugin-systemplugins-servicemp3
NOTE: selecting linux-edision to satisfy runtime kernel-module-au8522-decoder due to PREFERRED_PROVIDER_virtual/kernel = linux-edision
NOTE: selecting linux-edision to satisfy runtime kernel-module-si2157 due to PREFERRED_PROVIDER_virtual/kernel = linux-edision
NOTE: selecting linux-edision to satisfy runtime kernel-module-au8522-common due to PREFERRED_PROVIDER_virtual/kernel = linux-edision
NOTE: selecting linux-edision to satisfy runtime kernel-module-udf due to PREFERRED_PROVIDER_virtual/kernel = linux-edision
NOTE: selecting linux-edision to satisfy runtime kernel-module-cx231xx-dvb due to PREFERRED_PROVIDER_virtual/kernel = linux-edision
NOTE: selecting linux-edision to satisfy runtime kernel-module-cx231xx due to PREFERRED_PROVIDER_virtual/kernel = linux-edision
NOTE: selecting linux-edision to satisfy runtime kernel-module-stv090x due to PREFERRED_PROVIDER_virtual/kernel = linux-edision
NOTE: selecting linux-edision to satisfy runtime kernel-module-xc5000 due to PREFERRED_PROVIDER_virtual/kernel = linux-edision
NOTE: selecting linux-edision to satisfy runtime kernel-module-cx2341x due to PREFERRED_PROVIDER_virtual/kernel = linux-edision
NOTE: selecting linux-edision to satisfy runtime kernel-module-tda18271c2dd due to PREFERRED_PROVIDER_virtual/kernel = linux-edision
NOTE: selecting linux-edision to satisfy runtime kernel-module-stv0288 due to PREFERRED_PROVIDER_virtual/kernel = linux-edision
NOTE: selecting edision-blindscan-utils-osmio4k to satisfy runtime virtual-blindscan-dvbc due to PREFERRED_PROVIDER_virtual/blindscan-dvbs = edision-blindscan-utils-osmio4k
NOTE: selecting linux-edision to satisfy runtime kernel-module-stb6100 due to PREFERRED_PROVIDER_virtual/kernel = linux-edision
NOTE: selecting linux-edision to satisfy runtime kernel-module-tveeprom due to PREFERRED_PROVIDER_virtual/kernel = linux-edision
NOTE: selecting linux-edision to satisfy runtime kernel-module-cx231xx-alsa due to PREFERRED_PROVIDER_virtual/kernel = linux-edision
NOTE: selecting linux-edision to satisfy runtime kernel-module-lgdt3306a due to PREFERRED_PROVIDER_virtual/kernel = linux-edision
NOTE: selecting linux-edision to satisfy runtime kernel-module-stb6000 due to PREFERRED_PROVIDER_virtual/kernel = linux-edision
NOTE: selecting libtool-native to satisfy libtool-native due to PREFERRED_RPROVIDER
NOTE: selecting glibc to satisfy runtime ldconfig due to PREFERRED_PROVIDER_virtual/libc = glibc
NOTE: selecting openssl to satisfy runtime openssl due to PREFERRED_PROVIDER_openssl = openssl
NOTE: selecting libgcc to satisfy runtime libgcc due to PREFERRED_PROVIDER_libgcc = libgcc
NOTE: selecting linux-libc-headers to satisfy runtime linux-libc-headers-dev due to PREFERRED_PROVIDER_linux-libc-headers = linux-libc-headers
NOTE: selecting glibc to satisfy runtime glibc-dev due to PREFERRED_PROVIDER_virtual/libc = glibc
NOTE: selecting glibc to satisfy runtime glibc due to PREFERRED_PROVIDER_virtual/libc = glibc
NOTE: selecting glibc to satisfy runtime glibc-utils due to PREFERRED_PROVIDER_virtual/libc = glibc
NOTE: selecting openssl to satisfy runtime openssl-ossl-module-legacy due to PREFERRED_PROVIDER_openssl = openssl
NOTE: selecting openssl to satisfy runtime openssl-conf due to PREFERRED_PROVIDER_openssl = openssl
NOTE: selecting openssl to satisfy runtime openssl-dev due to PREFERRED_PROVIDER_openssl = openssl
NOTE: selecting gcc-cross-arm to satisfy virtual/arm-oe-linux-gnueabi-g++ due to PREFERRED_PROVIDERS
NOTE: selecting libgcc to satisfy libgcc due to PREFERRED_PROVIDERS
NOTE: selecting linux-libc-headers to satisfy linux-libc-headers due to PREFERRED_PROVIDERS
NOTE: selecting openssl-native to satisfy openssl-native due to PREFERRED_PROVIDERS
NOTE: selecting opkg-utils-native to satisfy virtual/update-alternatives-native due to PREFERRED_PROVIDERS
NOTE: selecting glibc to satisfy virtual/libintl due to PREFERRED_PROVIDERS
NOTE: selecting opkg-utils to satisfy virtual/update-alternatives due to PREFERRED_PROVIDERS
NOTE: selecting libxcrypt to satisfy virtual/crypt due to PREFERRED_PROVIDERS
NOTE: selecting libgcc-initial to satisfy libgcc-initial due to PREFERRED_PROVIDERS
NOTE: selecting glibc to satisfy virtual/libiconv due to PREFERRED_PROVIDERS
NOTE: selecting pigz-native to satisfy gzip-native due to PREFERRED_PROVIDERS
NOTE: selecting linux-edision to satisfy virtual/kernel due to PREFERRED_PROVIDERS
NOTE: selecting linux-edision to satisfy runtime kernel-image-zimage due to PREFERRED_PROVIDER_virtual/kernel = linux-edision
NOTE: selecting linux-edision to satisfy runtime kernel-image due to PREFERRED_PROVIDER_virtual/kernel = linux-edision
NOTE: selecting linux-edision to satisfy runtime kernel-base due to PREFERRED_PROVIDER_virtual/kernel = linux-edision
NOTE: selecting enigma2-plugin-systemplugins-servicemp3 to satisfy runtime enigma2-plugin-systemplugins-servicemp3-dev due to PREFERRED_PROVIDER_virtual/enigma2-mediaservice = enigma2-plugin-systemplugins-servicemp3
NOTE: selecting enigma2-plugin-systemplugins-servicemp3 to satisfy runtime enigma2-plugin-systemplugins-servicemp3 due to PREFERRED_PROVIDER_virtual/enigma2-mediaservice = enigma2-plugin-systemplugins-servicemp3
NOTE: selecting openssl to satisfy runtime openssl-bin due to PREFERRED_PROVIDER_openssl = openssl
NOTE: selecting gettext to satisfy runtime gettext due to PREFERRED_PROVIDER_virtual/gettext = gettext
NOTE: selecting gettext to satisfy runtime gettext-dev due to PREFERRED_PROVIDER_virtual/gettext = gettext
NOTE: selecting opkg-utils to satisfy runtime update-alternatives-opkg due to PREFERRED_PROVIDER_virtual/update-alternatives = opkg-utils
NOTE: selecting libxcrypt to satisfy runtime libxcrypt due to PREFERRED_PROVIDER_virtual/crypt = libxcrypt
NOTE: selecting libxcrypt to satisfy runtime libxcrypt-dev due to PREFERRED_PROVIDER_virtual/crypt = libxcrypt
NOTE: selecting initscripts to satisfy initd-functions due to PREFERRED_RPROVIDER
NOTE: selecting libid3tag to satisfy libid3tag due to PREFERRED_RPROVIDER
NOTE: selecting coreutils to satisfy runtime coreutils due to PREFERRED_PROVIDER_coreutils = coreutils
NOTE: selecting gdk-pixbuf to satisfy gdk-pixbuf due to PREFERRED_PROVIDERS
NOTE: selecting coreutils to satisfy runtime coreutils-stdbuf due to PREFERRED_PROVIDER_coreutils = coreutils
NOTE: selecting coreutils to satisfy runtime coreutils-dev due to PREFERRED_PROVIDER_coreutils = coreutils
NOTE: selecting libtool to satisfy libtool due to PREFERRED_RPROVIDER
NOTE: selecting openssl-native to satisfy runtime openssl-native due to PREFERRED_PROVIDER_openssl-native = openssl-native
NOTE: selecting libtool to satisfy libltdl due to PREFERRED_RPROVIDER
NOTE: selecting gdk-pixbuf to satisfy runtime gdk-pixbuf-dev due to PREFERRED_PROVIDER_gdk-pixbuf = gdk-pixbuf
NOTE: selecting gdk-pixbuf to satisfy runtime gdk-pixbuf due to PREFERRED_PROVIDER_gdk-pixbuf = gdk-pixbuf
NOTE: selecting gdk-pixbuf to satisfy runtime gdk-pixbuf-bin due to PREFERRED_PROVIDER_gdk-pixbuf = gdk-pixbuf
NOTE: selecting eudev to satisfy udev due to PREFERRED_PROVIDERS
NOTE: selecting eudev to satisfy runtime eudev due to PREFERRED_PROVIDER_udev = eudev
NOTE: selecting eudev to satisfy runtime eudev-dev due to PREFERRED_PROVIDER_udev = eudev
NOTE: selecting eudev to satisfy runtime udev due to PREFERRED_PROVIDER_udev = eudev

Build Configuration:
BB_VERSION           = "2.8.0"
BUILD_SYS            = "x86_64-linux"
NATIVELSBSTRING      = "ubuntu-22.04"
TARGET_SYS           = "arm-oe-linux-gnueabi"
MACHINE              = "osmio4k"
DISTRO               = "openpli"
DISTRO_VERSION       = "6"
TUNE_FEATURES        = "arm armv7ve vfp neon vfpv4 callconvention-hard"
TARGET_FPU           = "hard"
meta-local           = "scarthgap:80548be6c9393f991f736639201dcf7b3f71c95f"
meta-oe              
meta-filesystems     
meta-multimedia      
meta-networking      
meta-python          
meta-webserver       = "HEAD:dda0d53326017d6758ec6bdfdaf2f484c089d13f"
meta                 = "HEAD:660e00469f9c99fe733cc8b37f67438a96ff2e97"
meta-openpli         = "scarthgap:80548be6c9393f991f736639201dcf7b3f71c95f"
meta-dream           = "HEAD:b40fe70ab719350ceed6f5f7c73eae313a80b8da"
meta-vuplus          = "HEAD:8bfcd7ed4dc69b4bd9c40bf76e9620a3bd451b57"
meta-xsarius         = "HEAD:e10197ccdae08ef1ade44d3aab16fd0acb9fa6b0"
meta-qviart          = "HEAD:6dad0fda275752670e492e71b4c29279b226a6eb"
meta-xp              = "HEAD:82930eb2d1d76875164e4fcf29f921875798f40a"
meta-xtrend          = "HEAD:a9b042d17e24218c7d7b36fbbafe740602b0a0da"
meta-formuler        = "HEAD:b42d543b15ced9b1f19fe30f7363cd3688f83520"
meta-gfutures        = "HEAD:7e664f21e246439ef371f38bd3b4d7ff9ebbdcdc"
meta-xpeedc          = "HEAD:c1660ed5f0c9521c77a4402008602f9f04df099f"
meta-zgemma          = "HEAD:8b43ea420f2d8036da597797d050b49b5c62260d"
meta-edision         = "HEAD:307e3be3fa70d164221035a62084ae08e36656fe"
meta-miraclebox      = "HEAD:2fff6ab1fdb1eb700095d407be58103e45a85798"
meta-spycat          = "HEAD:fdff357376eadff1fdbfdf25af68229784e2337a"
meta-gi              = "HEAD:6ea9c3c6e3ea34042f4bc2ea28bd2403abdff64d"
meta-sab             = "HEAD:81b01f342a5f1b0067bb869fbc5f8781139a20fd"
meta-gigablue        = "HEAD:d026514473ab895b647219a9d7935edce51884e9"
meta-amiko           = "HEAD:634b0697dd869fba2360bfbe8103e4993d577e15"
meta-axas            = "HEAD:c9ba78a480ca908c7e1db9c4a808c3b5b8554e20"
meta-maxytec         = "HEAD:3ec2230d5242bfe262ae6b88afd21b9ad4bd6efe"
meta-octagon         = "HEAD:9b4693d8036dfcd6ca9301d38ce4022f26e0d8b4"
meta-uclan           = "HEAD:78341f78d298d1f626daa87819cdb694eadab365"
meta-abcom           = "HEAD:1b8f741c7fd82b98952d018cf6001c4d6722d35e"
meta-qt5             = "HEAD:7acb1aa500254fb516c574b25b9f95b86ed9f584"
meta-clang           = "HEAD:f002eb5ab051443e7b5fbc32a9505d63a67db7b6"
workspace            = "scarthgap:80548be6c9393f991f736639201dcf7b3f71c95f"

Initialising tasks...NOTE: Marking Active Tasks
NOTE: Pruned 7323 inactive tasks, 6378 left
NOTE: Assign Weightings
NOTE: Compute totals (have 1 endpoint(s))
Sstate summary: Wanted 603 Local 580 Mirrors 0 Missed 23 Current 2454 (96% match, 99% complete)
Removing 7 stale sstate objects for arch osmio4k...done.
NOTE: Executing Tasks
NOTE: Setscene tasks completed
NOTE: Running task 1026 of 6378 (/home/pli/builds/openpli-scarthgap-build-1-30-2025/openpli-oe-core/meta-openpli/recipes-openpli/enigma2/enigma-info.bb:do_collect_spdx_deps)
NOTE: recipe enigma-info-6-r0: task do_collect_spdx_deps: Started
NOTE: enigma-info-6-r0 do_collect_spdx_deps: Direct dependencies are ['/home/pli/builds/openpli-scarthgap-build-1-30-2025/openpli-oe-core/openembedded-core/meta/recipes-devtools/quilt/quilt-native_0.67.bb:do_populate_sysroot', 'virtual:native:/home/pli/builds/openpli-scarthgap-build-1-30-2025/openpli-oe-core/openembedded-core/meta/recipes-devtools/patch/patch_2.7.6.bb:do_populate_sysroot']
NOTE: enigma-info-6-r0 do_collect_spdx_deps: Installed into sysroot: ['gettext-minimal-native', 'libtool-native', 'quilt-native', 'texinfo-dummy-native', 'patch-native', 'attr-native']
NOTE: enigma-info-6-r0 do_collect_spdx_deps: Skipping as already exists in sysroot: []


NOTE: recipe enigma-info-6-r0: task do_collect_spdx_deps: Succeeded
NOTE: Running task 2779 of 6378 (/home/pli/builds/openpli-scarthgap-build-1-30-2025/openpli-oe-core/meta-openpli/recipes-openpli/enigma2/enigma-info.bb:do_install)
NOTE: recipe enigma-info-6-r0: task do_install: Started
NOTE: enigma-info-6-r0 do_install: Direct dependencies are ['virtual:native:/home/pli/builds/openpli-scarthgap-build-1-30-2025/openpli-oe-core/openembedded-core/meta/recipes-devtools/pseudo/pseudo_git.bb:do_populate_sysroot']
NOTE: enigma-info-6-r0 do_install: Installed into sysroot: ['pseudo-native', 'xz-native', 'sqlite3-native']
NOTE: enigma-info-6-r0 do_install: Skipping as already exists in sysroot: ['gettext-minimal-native', 'libtool-native', 'texinfo-dummy-native', 'attr-native']

+ cd /home/pli/builds/openpli-scarthgap-build-1-30-2025/openpli-oe-core/build/tmp/work/osmio4k-oe-linux-gnueabi/enigma-info/6/enigma-info-6

+ do_install

++ echo '^/home/pli/builds/openpli-scarthgap-build-1-30-2025/openpli-oe-core/openembedded-core/meta/'

++ cut -c 2-

+ PATTERN=/home/pli/builds/openpli-scarthgap-build-1-30-2025/openpli-oe-core/openembedded-core/meta/

++ ls /home/pli/builds/openpli-scarthgap-build-1-30-2025/openpli-oe-core/openembedded-core/meta/recipes-devtools/python/python3_3.12.8.bb

++ cut -d _ -f 2

++ xargs basename -s .bb

+ PYTHON_FULLVERSION=3.12.8

+ '[' 3.12.8 = '' ']'
+ KERNEL_VERSION=5.15.0

++ cd /home/pli/builds/openpli-scarthgap-build-1-30-2025/openpli-oe-core

++ git submodule

++ grep meta-openembedded

++ cut -d '(' -f 2

++ cut -d ')' -f 1

++ cut -d / -f 3

NOTE: Running task 4241 of 6378 (/home/pli/builds/openpli-scarthgap-build-1-30-2025/openpli-oe-core/meta-openpli/recipes-openpli/enigma2/enigma2.bb:do_deploy_source_date_epoch)
NOTE: recipe enigma2-3.12+git-r0: task do_deploy_source_date_epoch: Started

+ OE_NAME=dda0d53326

++ cd /home/pli/builds/openpli-scarthgap-build-1-30-2025/openpli-oe-core/openembedded-core

++ git describe '--match=yocto*'

++ cut -d - -f 2

+ cd /home/pli/builds/openpli-scarthgap-build-1-30-2025/openpli-oe-core/build/tmp/work/osmio4k-oe-linux-gnueabi/enigma2/3.12+git/deploy-source-date-epoch

+ do_deploy_source_date_epoch
+ mkdir -p /home/pli/builds/openpli-scarthgap-build-1-30-2025/openpli-oe-core/build/tmp/work/osmio4k-oe-linux-gnueabi/enigma2/3.12+git/deploy-source-date-epoch

+ '[' -e /home/pli/builds/openpli-scarthgap-build-1-30-2025/openpli-oe-core/build/tmp/work/osmio4k-oe-linux-gnueabi/enigma2/3.12+git/source-date-epoch/__source_date_epoch.txt ']'

Deploying SDE from /home/pli/builds/openpli-scarthgap-build-1-30-2025/openpli-oe-core/build/tmp/work/osmio4k-oe-linux-gnueabi/enigma2/3.12+git/source-date-epoch/__source_date_epoch.txt -> /home/pli/builds/openpli-scarthgap-build-1-30-2025/openpli-oe-core/build/tmp/work/osmio4k-oe-linux-gnueabi/enigma2/3.12+git/deploy-source-date-epoch.

+ echo 'Deploying SDE from /home/pli/builds/openpli-scarthgap-build-1-30-2025/openpli-oe-core/build/tmp/work/osmio4k-oe-linux-gnueabi/enigma2/3.12+git/source-date-epoch/__source_date_epoch.txt -> /home/pli/builds/openpli-scarthgap-build-1-30-2025/openpli-oe-core/build/tmp/work/osmio4k-oe-linux-gnueabi/enigma2/3.12+git/deploy-source-date-epoch.'
+ cp -p /home/pli/builds/openpli-scarthgap-build-1-30-2025/openpli-oe-core/build/tmp/work/osmio4k-oe-linux-gnueabi/enigma2/3.12+git/source-date-epoch/__source_date_epoch.txt /home/pli/builds/openpli-scarthgap-build-1-30-2025/openpli-oe-core/build/tmp/work/osmio4k-oe-linux-gnueabi/enigma2/3.12+git/deploy-source-date-epoch/__source_date_epoch.txt

+ ret=0

+ trap '' 0

+ exit 0

NOTE: enigma2-3.12+git-r0 do_deploy_source_date_epoch: Using umask 0o002 (not 22) for sstate packaging
+ OE_VERSION=5.0.6

++ echo 6

++ cut -d - -f 1

+ IMAGE_VERSION=6

+ '[' 6 = 6 ']'

++ cd /home/pli/builds/openpli-scarthgap-build-1-30-2025/openpli-oe-core


++ git rev-parse --short HEAD

NOTE: enigma2-3.12+git-r0 do_deploy_source_date_epoch: Removing hardcoded paths from sstate package: 'find /home/pli/builds/openpli-scarthgap-build-1-30-2025/openpli-oe-core/build/tmp/work/osmio4k-oe-linux-gnueabi/enigma2/3.12+git/sstate-build-deploy_source_date_epoch/ \( -name "*.la" -o -name "*-config" -o -name "*_config" -o -name "postinst-*" \) -type f | xargs grep -l -e '/home/pli/builds/openpli-scarthgap-build-1-30-2025/openpli-oe-core/build/tmp/work/osmio4k-oe-linux-gnueabi/enigma2/3.12+git/recipe-sysroot' -e '/home/pli/builds/openpli-scarthgap-build-1-30-2025/openpli-oe-core/build/tmp/work/osmio4k-oe-linux-gnueabi/enigma2/3.12+git/recipe-sysroot-native' -e '/home/pli/builds/openpli-scarthgap-build-1-30-2025/openpli-oe-core/build/tmp/hosttools' | tee /home/pli/builds/openpli-scarthgap-build-1-30-2025/openpli-oe-core/build/tmp/work/osmio4k-oe-linux-gnueabi/enigma2/3.12+git/sstate-build-deploy_source_date_epoch/fixmepath | xargs --no-run-if-empty sed -i -e 's:/home/pli/builds/openpli-scarthgap-build-1-30-2025/openpli-oe-core/build/tmp/work/osmio4k-oe-linux-gnueabi/enigma2/3.12+git/recipe-sysroot-native:FIXMESTAGINGDIRHOST:g' -e 's:/home/pli/builds/openpli-scarthgap-build-1-30-2025/openpli-oe-core/build/tmp/work/osmio4k-oe-linux-gnueabi/enigma2/3.12+git/recipe-sysroot:FIXMESTAGINGDIRTARGET:g' -e 's:/home/pli/builds/openpli-scarthgap-build-1-30-2025/openpli-oe-core/build/tmp/hosttools:FIXME_HOSTTOOLS_DIR:g''


+ OE_REVISION=80548be6

+ IMAGE_TYPE=rev
+ MACHINEBUILD=osmio4k
+ '[' '' = alphatriplehd ']'

+ '[' '' = et1x000 ']'
+ '[' '' = et1x000 ']'

+ '[' '' = h3 ']'

+ '[' '' = h4 ']'
+ '[' '' = h5 ']'

+ '[' '' = h6 ']'

+ '[' '' = h7 ']'
+ '[' '' = h8 ']'

+ '[' '' = h9 ']'

+ '[' '' = h9combo ']'
+ '[' '' = h9combose ']'

+ '[' '' = h9se ']'

+ '[' '' = hd11 ']'

+ '[' '' = hd1100 ']'
+ '[' '' = hd1200 ']'

+ '[' '' = hd1265 ']'

+ '[' '' = hd1500 ']'

+ '[' '' = hd2400 ']'
+ '[' '' = hd500c ']'

+ '[' '' = hd530c ']'

+ '[' '' = hd60 ']'

+ '[' '' = hd66se ']'
+ '[' '' = i55 ']'

+ '[' '' = i55plus ']'

+ '[' '' = i55se ']'

+ '[' '' = lc ']'
+ '[' '' = lunix3-4k ']'

+ '[' '' = multibox ']'

+ '[' '' = multiboxse ']'
+ '[' '' = sh1 ']'

+ '[' '' = vs1000 ']'
+ '[' '' = vs1500 ']'

+ '[' '' = xp1000 ']'

+ '[' '' = xpeedc ']'
+ DRIVERSDATE=N/A

+ '[' osmio4k = vusolo4k -o osmio4k = vusolo2 -o osmio4k = vusolose -o osmio4k = vuduo2 -o osmio4k = vuuno4k -o osmio4k = vuuno4kse -o osmio4k = vuultimo4k -o osmio4k = vuzero4k -o osmio4k = vuduo4k -o osmio4k = vuduo4kse ']'

+ '[' osmio4k = dm8000 ']'
+ '[' osmio4k = hd2400 ']'

+ '[' osmio4k = bre2ze4k ']'

+ '[' osmio4k = et1x000 -o osmio4k = et7000mini ']'

+ '[' osmio4k = gbquad4k -o osmio4k = gbue4k ']'
+ '[' osmio4k = xpeedc ']'

+ '[' Edision = AB-COM ']'

+ '[' Edision = AMIKO ']'

+ '[' Edision = AXAS ']'
+ '[' Edision = Edision ']'

++ grep 'SRCDATE = ' /home/pli/builds/openpli-scarthgap-build-1-30-2025/openpli-oe-core/meta-edision/recipes-bsp/drivers/edision-dvb-modules-osmio4k.bb

++ cut -b 12-19

+ DRIVERSDATE=20211103

+ install -d /home/pli/builds/openpli-scarthgap-build-1-30-2025/openpli-oe-core/build/tmp/work/osmio4k-oe-linux-gnueabi/enigma-info/6/image/usr/lib

+ printf 'architecture='\''armv7vehf-neon-vfpv4'\''\n'

+ printf 'avjack=False\n'

+ printf 'blindscanbinary='\''blindscan'\''\n'

+ printf 'brand='\''edision'\''\n'

+ printf 'ci=False\n'

+ printf 'compiledate='\''20250306'\''\n'

+ printf 'dboxlcd=True\n'

+ printf 'developername='\''TNAP'\''\n'

+ printf 'displaybrand='\''Edision'\''\n'

+ printf 'displaydistro='\''TNAP'\''\n'

+ printf 'displaymodel='\''OS mio 4k'\''\n'

+ printf 'displaytype='\''7segment'\''\n'

+ printf 'distro='\''TNAP'\''\n'

+ printf 'driversdate='\''20211103'\''\n'

+ printf 'dvi=False\n'

+ printf 'feedsurl='\''http://162.216.113.217/tnap6'\''\n'

+ printf 'fhdskin=True\n'

+ printf 'forcemode=no\n'

+ printf 'fpu='\''hard'\''\n'

+ printf 'friendlyfamily='\''osmio4k'\''\n'

+ printf 'hdmi=True\n'

+ printf 'hdmifhdin=False\n'

+ printf 'hdmihdin=False\n'

+ printf 'hdmistandbymode=0\n'

+ printf 'imagebuild='\''80548be6'\''\n'

+ printf 'imagedevbuild='\'''\''\n'

+ printf 'imagedir='\''osmio4k'\''\n'

+ printf 'imagefs='\''emmcimg tar.bz2'\''\n'

+ printf 'imagetype='\''rev'\''\n'

+ printf 'imageversion='\''6'\''\n'

+ printf 'imglanguage=multilang\n'

+ printf 'imgrevision='\''80548be6'\''\n'

+ printf 'imgversion='\''6'\''\n'

+ printf 'kernel='\''5.15.0'\''\n'

+ printf 'kexecmb=False\n'

+ printf 'kernelfile='\''kernel.bin'\''\n'

+ printf 'machine='\''osmio4k'\''\n'

+ printf 'machinebuild='\''osmio4k'\''\n'

+ printf 'mediaservice='\''servicegstreamer'\''\n'

+ printf 'middleflash=False\n'

+ printf 'mkubifs=\n'

+ printf 'model=osmio4k\n'

+ printf 'mtdbootfs='\''mmcblk1p1'\''\n'

+ printf 'mtdkernel='\''mmcblk1p2'\''\n'

+ printf 'mtdrootfs='\''mmcblk1p3'\''\n'

+ printf 'multilib=False\n'

+ printf 'multitranscoding=False\n'

+ printf 'oe='\''dda0d53326 (5.0.6)'\''\n'

+ printf 'platform='\''osmio4k'\''\n'

+ printf 'python='\''3.12.8'\''\n'

+ printf 'rca=False\n'

+ printf 'rcidnum=2\n'

+ printf 'rcname='\''dmm1'\''\n'

+ printf 'rctype=0\n'

+ printf 'rootfile='\''rootfs.tar.bz2'\''\n'

+ printf 'scart=False\n'

+ printf 'noscartswitch=\n'

+ printf 'scartyuv=False\n'

+ printf 'smallflash=False\n'

+ printf 'socfamily='\''bcm72604'\''\n'

+ printf 'svideo=False\n'

+ printf 'timerwakeupmode=0\n'

+ printf 'transcoding=False\n'

+ printf 'ubinize='\'''\''\n'

+ printf 'vfdsymbol=False\n'

+ printf 'wol=False\n'

+ printf 'wwol=False\n'

+ printf 'yocto='\''5.0.6'\''\n'

+ printf 'yuv=False\n'

++ md5sum /home/pli/builds/openpli-scarthgap-build-1-30-2025/openpli-oe-core/build/tmp/work/osmio4k-oe-linux-gnueabi/enigma-info/6/image/usr/lib/enigma.info

++ awk '{print $1}'

+ printf 'checksum=%s\n' 5d19695d36001713f0903c55505e0956

+ ret=0

+ trap '' 0

+ exit 0

+ sstate_archive_package
+ OPT=-cS
+ ZSTD='zstd -8 -T32'
++ command -v pzstd
+ '[' -x /home/pli/builds/openpli-scarthgap-build-1-30-2025/openpli-oe-core/build/tmp/work/osmio4k-oe-linux-gnueabi/enigma2/3.12+git/recipe-sysroot-native/usr/bin/pzstd ']'
+ ZSTD='pzstd -8 -p 32'
++ ls -A
+ '[' deploy-source-date-epoch ']'
+ set +e
+ tar -I 'pzstd -8 -p 32' -cS -f /home/pli/builds/openpli-scarthgap-build-1-30-2025/openpli-oe-core/build/sstate-cache/c3/45/sstate:enigma2:osmio4k-oe-linux-gnueabi:3.12+git:r0:osmio4k:12:c345af7e3b8bc1511da494f5ac02ef2605037fc6a0d8d366facd0b87df5212a8_deploy_source_date_epoch.tar.zstlf0bc6ws deploy-source-date-epoch
+ ret=0
+ '[' 0 -ne 0 ']'
+ set -e
+ chmod 0664 /home/pli/builds/openpli-scarthgap-build-1-30-2025/openpli-oe-core/build/sstate-cache/c3/45/sstate:enigma2:osmio4k-oe-linux-gnueabi:3.12+git:r0:osmio4k:12:c345af7e3b8bc1511da494f5ac02ef2605037fc6a0d8d366facd0b87df5212a8_deploy_source_date_epoch.tar.zstlf0bc6ws
+ ret=0
+ trap '' 0
+ exit 0



NOTE: recipe enigma2-3.12+git-r0: task do_deploy_source_date_epoch: Succeeded
NOTE: Running task 4998 of 6378 (/home/pli/builds/openpli-scarthgap-build-1-30-2025/openpli-oe-core/meta-openpli/recipes-openpli/enigma2/enigma2.bb:do_configure)
+ remove_libtool_la

+ '[' 1 '!=' 0 ']'
+ find /home/pli/builds/openpli-scarthgap-build-1-30-2025/openpli-oe-core/build/tmp/work/osmio4k-oe-linux-gnueabi/enigma-info/6/image -ignore_readdir_race -name '*.la' -delete

+ ret=0

+ trap '' 0
+ exit 0

NOTE: recipe enigma-info-6-r0: task do_install: Succeeded
NOTE: Running task 5092 of 6378 (/home/pli/builds/openpli-scarthgap-build-1-30-2025/openpli-oe-core/meta-openpli/recipes-openpli/enigma2/enigma-info.bb:do_deploy)
NOTE: Running task 5095 of 6378 (/home/pli/builds/openpli-scarthgap-build-1-30-2025/openpli-oe-core/meta-openpli/recipes-openpli/enigma2/enigma-info.bb:do_populate_sysroot)
NOTE: recipe enigma2-3.12+git-r0: task do_configure: Started
NOTE: recipe enigma-info-6-r0: task do_deploy: Started
NOTE: recipe enigma-info-6-r0: task do_populate_sysroot: Started
NOTE: enigma-info-6-r0 do_populate_sysroot: Direct dependencies are ['/home/pli/builds/openpli-scarthgap-build-1-30-2025/openpli-oe-core/openembedded-core/meta/recipes-devtools/binutils/binutils-cross_2.42.bb:do_populate_sysroot', 'virtual:native:/home/pli/builds/openpli-scarthgap-build-1-30-2025/openpli-oe-core/openembedded-core/meta/recipes-devtools/pseudo/pseudo_git.bb:do_populate_sysroot']
NOTE: enigma-info-6-r0 do_populate_sysroot: Installed into sysroot: ['binutils-cross-arm', 'm4-native', 'zlib-native', 'flex-native', 'gnu-config-native']
NOTE: enigma-info-6-r0 do_populate_sysroot: Skipping as already exists in sysroot: ['gettext-minimal-native', 'libtool-native', 'texinfo-dummy-native', 'pseudo-native', 'xz-native', 'attr-native', 'sqlite3-native']


+ do_deploy

+ install -d /home/pli/builds/openpli-scarthgap-build-1-30-2025/openpli-oe-core/build/tmp/deploy/images/osmio4k/../../enigma-info

+ install -m 0644 /home/pli/builds/openpli-scarthgap-build-1-30-2025/openpli-oe-core/build/tmp/work/osmio4k-oe-linux-gnueabi/enigma-info/6/image/usr/lib/enigma.info /home/pli/builds/openpli-scarthgap-build-1-30-2025/openpli-oe-core/build/tmp/deploy/images/osmio4k/../../enigma-info/osmio4k.txt

+ ret=0

+ trap '' 0
+ exit 0

NOTE: recipe enigma-info-6-r0: task do_deploy: Succeeded
NOTE: enigma2-3.12+git-r0 do_configure: Direct dependencies are ['/home/pli/builds/openpli-scarthgap-build-1-30-2025/openpli-oe-core/meta-openembedded/meta-oe/recipes-core/libsigc++-2.0/libsigc++-3_3.6.0.bb:do_populate_sysroot', '/home/pli/builds/openpli-scarthgap-build-1-30-2025/openpli-oe-core/meta-openembedded/meta-oe/recipes-devtools/giflib/giflib_5.2.2.bb:do_populate_sysroot', '/home/pli/builds/openpli-scarthgap-build-1-30-2025/openpli-oe-core/meta-openembedded/meta-oe/recipes-multimedia/libmad/libmad_0.15.1b.bb:do_populate_sysroot', '/home/pli/builds/openpli-scarthgap-build-1-30-2025/openpli-oe-core/meta-openembedded/meta-python/recipes-devtools/python/python3-twisted_24.3.0.bb:do_populate_sysroot', '/home/pli/builds/openpli-scarthgap-build-1-30-2025/openpli-oe-core/meta-openpli/recipes-devtools/python/python3-wifi_0.7.0.bb:do_populate_sysroot', '/home/pli/builds/openpli-scarthgap-build-1-30-2025/openpli-oe-core/meta-openpli/recipes-multimedia/libdreamdvd/libdreamdvd_1.0.bb:do_populate_sysroot', '/home/pli/builds/openpli-scarthgap-build-1-30-2025/openpli-oe-core/meta-openpli/recipes-multimedia/libdvbsi++/libdvbsi++.bb:do_populate_sysroot', '/home/pli/builds/openpli-scarthgap-build-1-30-2025/openpli-oe-core/meta-openpli/recipes-multimedia/tuxtxt/tuxtxt-enigma2.bb:do_populate_sysroot', '/home/pli/builds/openpli-scarthgap-build-1-30-2025/openpli-oe-core/meta-openpli/recipes-support/libudfread/libudfread_git.bb:do_populate_sysroot', '/home/pli/builds/openpli-scarthgap-build-1-30-2025/openpli-oe-core/openembedded-core/meta/recipes-connectivity/avahi/avahi_0.8.bb:do_populate_sysroot', '/home/pli/builds/openpli-scarthgap-build-1-30-2025/openpli-oe-core/openembedded-core/meta/recipes-connectivity/openssl/openssl_3.2.3.bb:do_populate_sysroot', '/home/pli/builds/openpli-scarthgap-build-1-30-2025/openpli-oe-core/openembedded-core/meta/recipes-core/glibc/glibc_2.39.bb:do_populate_sysroot', '/home/pli/builds/openpli-scarthgap-build-1-30-2025/openpli-oe-core/openembedded-core/meta/recipes-core/libxml/libxml2_2.12.9.bb:do_populate_sysroot', '/home/pli/builds/openpli-scarthgap-build-1-30-2025/openpli-oe-core/openembedded-core/meta/recipes-devtools/gcc/gcc-cross_13.3.bb:do_populate_sysroot', '/home/pli/builds/openpli-scarthgap-build-1-30-2025/openpli-oe-core/openembedded-core/meta/recipes-devtools/gcc/gcc-runtime_13.3.bb:do_populate_sysroot', '/home/pli/builds/openpli-scarthgap-build-1-30-2025/openpli-oe-core/openembedded-core/meta/recipes-devtools/libtool/libtool-cross_2.4.7.bb:do_populate_sysroot', '/home/pli/builds/openpli-scarthgap-build-1-30-2025/openpli-oe-core/openembedded-core/meta/recipes-devtools/libtool/libtool-native_2.4.7.bb:do_populate_sysroot', '/home/pli/builds/openpli-scarthgap-build-1-30-2025/openpli-oe-core/openembedded-core/meta/recipes-devtools/python/python3_3.12.8.bb:do_populate_sysroot', '/home/pli/builds/openpli-scarthgap-build-1-30-2025/openpli-oe-core/openembedded-core/meta/recipes-devtools/quilt/quilt-native_0.67.bb:do_populate_sysroot', '/home/pli/builds/openpli-scarthgap-build-1-30-2025/openpli-oe-core/openembedded-core/meta/recipes-graphics/freetype/freetype_2.13.2.bb:do_populate_sysroot', '/home/pli/builds/openpli-scarthgap-build-1-30-2025/openpli-oe-core/openembedded-core/meta/recipes-graphics/jpeg/libjpeg-turbo_3.0.1.bb:do_populate_sysroot', '/home/pli/builds/openpli-scarthgap-build-1-30-2025/openpli-oe-core/openembedded-core/meta/recipes-multimedia/libpng/libpng_1.6.42.bb:do_populate_sysroot', '/home/pli/builds/openpli-scarthgap-build-1-30-2025/openpli-oe-core/openembedded-core/meta/recipes-support/fribidi/fribidi_1.0.14.bb:do_populate_sysroot', 'virtual:native:/home/pli/builds/openpli-scarthgap-build-1-30-2025/openpli-oe-core/openembedded-core/meta/recipes-core/gettext/gettext_0.22.5.bb:do_populate_sysroot', 'virtual:native:/home/pli/builds/openpli-scarthgap-build-1-30-2025/openpli-oe-core/openembedded-core/meta/recipes-devtools/autoconf/autoconf_2.72e.bb:do_populate_sysroot', 'virtual:native:/home/pli/builds/openpli-scarthgap-build-1-30-2025/openpli-oe-core/openembedded-core/meta/recipes-devtools/automake/automake_1.16.5.bb:do_populate_sysroot', 'virtual:native:/home/pli/builds/openpli-scarthgap-build-1-30-2025/openpli-oe-core/openembedded-core/meta/recipes-devtools/patch/patch_2.7.6.bb:do_populate_sysroot', 'virtual:native:/home/pli/builds/openpli-scarthgap-build-1-30-2025/openpli-oe-core/openembedded-core/meta/recipes-devtools/pkgconfig/pkgconfig_git.bb:do_populate_sysroot', 'virtual:native:/home/pli/builds/openpli-scarthgap-build-1-30-2025/openpli-oe-core/openembedded-core/meta/recipes-devtools/pseudo/pseudo_git.bb:do_populate_sysroot', 'virtual:native:/home/pli/builds/openpli-scarthgap-build-1-30-2025/openpli-oe-core/openembedded-core/meta/recipes-devtools/python/python3-build_1.1.1.bb:do_populate_sysroot', 'virtual:native:/home/pli/builds/openpli-scarthgap-build-1-30-2025/openpli-oe-core/openembedded-core/meta/recipes-devtools/python/python3-installer_0.7.0.bb:do_populate_sysroot', 'virtual:native:/home/pli/builds/openpli-scarthgap-build-1-30-2025/openpli-oe-core/openembedded-core/meta/recipes-devtools/python/python3-setuptools_69.1.1.bb:do_populate_sysroot', 'virtual:native:/home/pli/builds/openpli-scarthgap-build-1-30-2025/openpli-oe-core/openembedded-core/meta/recipes-devtools/python/python3-six_1.16.0.bb:do_populate_sysroot', 'virtual:native:/home/pli/builds/openpli-scarthgap-build-1-30-2025/openpli-oe-core/openembedded-core/meta/recipes-devtools/python/python3-wheel_0.42.0.bb:do_populate_sysroot', 'virtual:native:/home/pli/builds/openpli-scarthgap-build-1-30-2025/openpli-oe-core/openembedded-core/meta/recipes-devtools/python/python3_3.12.8.bb:do_populate_sysroot', 'virtual:native:/home/pli/builds/openpli-scarthgap-build-1-30-2025/openpli-oe-core/openembedded-core/meta/recipes-devtools/swig/swig_4.2.1.bb:do_populate_sysroot']
NOTE: Running task 5609 of 6378 (/home/pli/builds/openpli-scarthgap-build-1-30-2025/openpli-oe-core/meta-openpli/recipes-openpli/enigma2/enigma-info.bb:do_package)
NOTE: enigma2-3.12+git-r0 do_configure: Installed into sysroot: []
NOTE: enigma2-3.12+git-r0 do_configure: Skipping as already exists in sysroot: ['libsigc++-3', 'mm-common', 'giflib', 'libid3tag', 'libmad', 'python3-twisted', 'python3-wifi', 'libdreamdvd', 'libdvbsi++', 'libdvdnav', 'libdvdread', 'libtuxtxt', 'tuxtxt-enigma2', 'libudfread', 'avahi', 'openssl', 'base-files', 'base-passwd', 'dbus', 'expat', 'gettext-minimal-native', 'glib-2.0', 'glibc', 'initscripts', 'libxcrypt', 'libxml2', 'ncurses', 'update-rc.d', 'util-linux-libuuid', 'util-linux', 'zlib', 'binutils-cross-arm', 'cmake-native', 'gcc-cross-arm', 'gcc-runtime', 'libgcc', 'libedit', 'libtool-cross', 'libtool-native', 'm4-native', 'opkg-utils', 'python3', 'quilt-native', 'bzip2', 'libnsl2', 'libtirpc', 'libpam', 'shadow-sysroot', 'shadow', 'texinfo-dummy-native', 'xz', 'gobject-introspection', 'freetype', 'libjpeg-turbo', 'linux-libc-headers', 'libpng', 'bash-completion', 'fribidi', 'gdbm', 'libcap-ng', 'libcap', 'libdaemon', 'libffi', 'libpcre2', 'sqlite3', 'openssl-native', 'expat-native', 'gettext-native', 'ncurses-native', 'util-linux-libuuid-native', 'zlib-native', 'autoconf-native', 'automake-native', 'flex-native', 'gnu-config-native', 'libedit-native', 'make-native', 'patch-native', 'perl-native', 'pkgconfig-native', 'pseudo-native', 'python3-build-native', 'python3-flit-core-native', 'python3-installer-native', 'python3-packaging-native', 'python3-pyproject-hooks-native', 'python3-setuptools-native', 'python3-six-native', 'python3-wheel-native', 'python3-native', 'swig-native', 'bzip2-native', 'libnsl2-native', 'libtirpc-native', 'shadow-native', 'unzip-native', 'xz-native', 'zstd-native', 'attr-native', 'gdbm-native', 'gmp-native', 'libbsd-native', 'libffi-native', 'libmd-native', 'libmpc-native', 'libpcre2-native', 'mpfr-native', 'sqlite3-native']


+ sysroot_stage_all
+ sysroot_stage_dirs /home/pli/builds/openpli-scarthgap-build-1-30-2025/openpli-oe-core/build/tmp/work/osmio4k-oe-linux-gnueabi/enigma-info/6/image /home/pli/builds/openpli-scarthgap-build-1-30-2025/openpli-oe-core/build/tmp/work/osmio4k-oe-linux-gnueabi/enigma-info/6/sysroot-destdir
+ from=/home/pli/builds/openpli-scarthgap-build-1-30-2025/openpli-oe-core/build/tmp/work/osmio4k-oe-linux-gnueabi/enigma-info/6/image
+ to=/home/pli/builds/openpli-scarthgap-build-1-30-2025/openpli-oe-core/build/tmp/work/osmio4k-oe-linux-gnueabi/enigma-info/6/sysroot-destdir
+ for dir in /usr/include /usr/lib /lib /lib /usr/share /sysroot-only
+ sysroot_stage_dir /home/pli/builds/openpli-scarthgap-build-1-30-2025/openpli-oe-core/build/tmp/work/osmio4k-oe-linux-gnueabi/enigma-info/6/image/usr/include /home/pli/builds/openpli-scarthgap-build-1-30-2025/openpli-oe-core/build/tmp/work/osmio4k-oe-linux-gnueabi/enigma-info/6/sysroot-destdir/usr/include
+ src=/home/pli/builds/openpli-scarthgap-build-1-30-2025/openpli-oe-core/build/tmp/work/osmio4k-oe-linux-gnueabi/enigma-info/6/image/usr/include
+ dest=/home/pli/builds/openpli-scarthgap-build-1-30-2025/openpli-oe-core/build/tmp/work/osmio4k-oe-linux-gnueabi/enigma-info/6/sysroot-destdir/usr/include
+ '[' '!' -d /home/pli/builds/openpli-scarthgap-build-1-30-2025/openpli-oe-core/build/tmp/work/osmio4k-oe-linux-gnueabi/enigma-info/6/image/usr/include ']'
+ return
+ for dir in /usr/include /usr/lib /lib /lib /usr/share /sysroot-only
+ sysroot_stage_dir /home/pli/builds/openpli-scarthgap-build-1-30-2025/openpli-oe-core/build/tmp/work/osmio4k-oe-linux-gnueabi/enigma-info/6/image/usr/lib /home/pli/builds/openpli-scarthgap-build-1-30-2025/openpli-oe-core/build/tmp/work/osmio4k-oe-linux-gnueabi/enigma-info/6/sysroot-destdir/usr/lib
+ src=/home/pli/builds/openpli-scarthgap-build-1-30-2025/openpli-oe-core/build/tmp/work/osmio4k-oe-linux-gnueabi/enigma-info/6/image/usr/lib
+ dest=/home/pli/builds/openpli-scarthgap-build-1-30-2025/openpli-oe-core/build/tmp/work/osmio4k-oe-linux-gnueabi/enigma-info/6/sysroot-destdir/usr/lib
+ '[' '!' -d /home/pli/builds/openpli-scarthgap-build-1-30-2025/openpli-oe-core/build/tmp/work/osmio4k-oe-linux-gnueabi/enigma-info/6/image/usr/lib ']'
+ mkdir -p /home/pli/builds/openpli-scarthgap-build-1-30-2025/openpli-oe-core/build/tmp/work/osmio4k-oe-linux-gnueabi/enigma-info/6/sysroot-destdir/usr/lib
++ realpath --relative-to=/home/pli/builds/openpli-scarthgap-build-1-30-2025/openpli-oe-core/build/tmp/work/osmio4k-oe-linux-gnueabi/enigma-info/6/image/usr/lib /home/pli/builds/openpli-scarthgap-build-1-30-2025/openpli-oe-core/build/tmp/work/osmio4k-oe-linux-gnueabi/enigma-info/6/sysroot-destdir/usr/lib
+ rdest=../../../sysroot-destdir/usr/lib
+ cd /home/pli/builds/openpli-scarthgap-build-1-30-2025/openpli-oe-core/build/tmp/work/osmio4k-oe-linux-gnueabi/enigma-info/6/image/usr/lib
+ find . -print0
+ cpio --null -pdlu ../../../sysroot-destdir/usr/lib
0 blocks
+ for dir in /usr/include /usr/lib /lib /lib /usr/share /sysroot-only
+ sysroot_stage_dir /home/pli/builds/openpli-scarthgap-build-1-30-2025/openpli-oe-core/build/tmp/work/osmio4k-oe-linux-gnueabi/enigma-info/6/image/lib /home/pli/builds/openpli-scarthgap-build-1-30-2025/openpli-oe-core/build/tmp/work/osmio4k-oe-linux-gnueabi/enigma-info/6/sysroot-destdir/lib
+ src=/home/pli/builds/openpli-scarthgap-build-1-30-2025/openpli-oe-core/build/tmp/work/osmio4k-oe-linux-gnueabi/enigma-info/6/image/lib
+ dest=/home/pli/builds/openpli-scarthgap-build-1-30-2025/openpli-oe-core/build/tmp/work/osmio4k-oe-linux-gnueabi/enigma-info/6/sysroot-destdir/lib
+ '[' '!' -d /home/pli/builds/openpli-scarthgap-build-1-30-2025/openpli-oe-core/build/tmp/work/osmio4k-oe-linux-gnueabi/enigma-info/6/image/lib ']'
+ return
+ for dir in /usr/include /usr/lib /lib /lib /usr/share /sysroot-only
+ sysroot_stage_dir /home/pli/builds/openpli-scarthgap-build-1-30-2025/openpli-oe-core/build/tmp/work/osmio4k-oe-linux-gnueabi/enigma-info/6/image/lib /home/pli/builds/openpli-scarthgap-build-1-30-2025/openpli-oe-core/build/tmp/work/osmio4k-oe-linux-gnueabi/enigma-info/6/sysroot-destdir/lib
+ src=/home/pli/builds/openpli-scarthgap-build-1-30-2025/openpli-oe-core/build/tmp/work/osmio4k-oe-linux-gnueabi/enigma-info/6/image/lib
+ dest=/home/pli/builds/openpli-scarthgap-build-1-30-2025/openpli-oe-core/build/tmp/work/osmio4k-oe-linux-gnueabi/enigma-info/6/sysroot-destdir/lib
+ '[' '!' -d /home/pli/builds/openpli-scarthgap-build-1-30-2025/openpli-oe-core/build/tmp/work/osmio4k-oe-linux-gnueabi/enigma-info/6/image/lib ']'
+ return
+ for dir in /usr/include /usr/lib /lib /lib /usr/share /sysroot-only
+ sysroot_stage_dir /home/pli/builds/openpli-scarthgap-build-1-30-2025/openpli-oe-core/build/tmp/work/osmio4k-oe-linux-gnueabi/enigma-info/6/image/usr/share /home/pli/builds/openpli-scarthgap-build-1-30-2025/openpli-oe-core/build/tmp/work/osmio4k-oe-linux-gnueabi/enigma-info/6/sysroot-destdir/usr/share
+ src=/home/pli/builds/openpli-scarthgap-build-1-30-2025/openpli-oe-core/build/tmp/work/osmio4k-oe-linux-gnueabi/enigma-info/6/image/usr/share
+ dest=/home/pli/builds/openpli-scarthgap-build-1-30-2025/openpli-oe-core/build/tmp/work/osmio4k-oe-linux-gnueabi/enigma-info/6/sysroot-destdir/usr/share
+ '[' '!' -d /home/pli/builds/openpli-scarthgap-build-1-30-2025/openpli-oe-core/build/tmp/work/osmio4k-oe-linux-gnueabi/enigma-info/6/image/usr/share ']'
+ return
+ for dir in /usr/include /usr/lib /lib /lib /usr/share /sysroot-only
+ sysroot_stage_dir /home/pli/builds/openpli-scarthgap-build-1-30-2025/openpli-oe-core/build/tmp/work/osmio4k-oe-linux-gnueabi/enigma-info/6/image/sysroot-only /home/pli/builds/openpli-scarthgap-build-1-30-2025/openpli-oe-core/build/tmp/work/osmio4k-oe-linux-gnueabi/enigma-info/6/sysroot-destdir/sysroot-only
+ src=/home/pli/builds/openpli-scarthgap-build-1-30-2025/openpli-oe-core/build/tmp/work/osmio4k-oe-linux-gnueabi/enigma-info/6/image/sysroot-only
+ dest=/home/pli/builds/openpli-scarthgap-build-1-30-2025/openpli-oe-core/build/tmp/work/osmio4k-oe-linux-gnueabi/enigma-info/6/sysroot-destdir/sysroot-only
+ '[' '!' -d /home/pli/builds/openpli-scarthgap-build-1-30-2025/openpli-oe-core/build/tmp/work/osmio4k-oe-linux-gnueabi/enigma-info/6/image/sysroot-only ']'
+ return
+ for dir in /usr/share/man /usr/share/doc /usr/share/info /usr/share/X11/locale /usr/share/applications /usr/share/bash-completion /usr/share/fonts /usr/share/gtk-doc/html /usr/share/installed-tests /usr/share/locale /usr/share/pixmaps /usr/share/terminfo /usr/lib/enigma-info/ptest
+ rm -rf /home/pli/builds/openpli-scarthgap-build-1-30-2025/openpli-oe-core/build/tmp/work/osmio4k-oe-linux-gnueabi/enigma-info/6/sysroot-destdir/usr/share/man
+ for dir in /usr/share/man /usr/share/doc /usr/share/info /usr/share/X11/locale /usr/share/applications /usr/share/bash-completion /usr/share/fonts /usr/share/gtk-doc/html /usr/share/installed-tests /usr/share/locale /usr/share/pixmaps /usr/share/terminfo /usr/lib/enigma-info/ptest
+ rm -rf /home/pli/builds/openpli-scarthgap-build-1-30-2025/openpli-oe-core/build/tmp/work/osmio4k-oe-linux-gnueabi/enigma-info/6/sysroot-destdir/usr/share/doc
+ for dir in /usr/share/man /usr/share/doc /usr/share/info /usr/share/X11/locale /usr/share/applications /usr/share/bash-completion /usr/share/fonts /usr/share/gtk-doc/html /usr/share/installed-tests /usr/share/locale /usr/share/pixmaps /usr/share/terminfo /usr/lib/enigma-info/ptest
+ rm -rf /home/pli/builds/openpli-scarthgap-build-1-30-2025/openpli-oe-core/build/tmp/work/osmio4k-oe-linux-gnueabi/enigma-info/6/sysroot-destdir/usr/share/info
+ for dir in /usr/share/man /usr/share/doc /usr/share/info /usr/share/X11/locale /usr/share/applications /usr/share/bash-completion /usr/share/fonts /usr/share/gtk-doc/html /usr/share/installed-tests /usr/share/locale /usr/share/pixmaps /usr/share/terminfo /usr/lib/enigma-info/ptest
+ rm -rf /home/pli/builds/openpli-scarthgap-build-1-30-2025/openpli-oe-core/build/tmp/work/osmio4k-oe-linux-gnueabi/enigma-info/6/sysroot-destdir/usr/share/X11/locale
+ for dir in /usr/share/man /usr/share/doc /usr/share/info /usr/share/X11/locale /usr/share/applications /usr/share/bash-completion /usr/share/fonts /usr/share/gtk-doc/html /usr/share/installed-tests /usr/share/locale /usr/share/pixmaps /usr/share/terminfo /usr/lib/enigma-info/ptest
+ rm -rf /home/pli/builds/openpli-scarthgap-build-1-30-2025/openpli-oe-core/build/tmp/work/osmio4k-oe-linux-gnueabi/enigma-info/6/sysroot-destdir/usr/share/applications
+ for dir in /usr/share/man /usr/share/doc /usr/share/info /usr/share/X11/locale /usr/share/applications /usr/share/bash-completion /usr/share/fonts /usr/share/gtk-doc/html /usr/share/installed-tests /usr/share/locale /usr/share/pixmaps /usr/share/terminfo /usr/lib/enigma-info/ptest
+ rm -rf /home/pli/builds/openpli-scarthgap-build-1-30-2025/openpli-oe-core/build/tmp/work/osmio4k-oe-linux-gnueabi/enigma-info/6/sysroot-destdir/usr/share/bash-completion
+ for dir in /usr/share/man /usr/share/doc /usr/share/info /usr/share/X11/locale /usr/share/applications /usr/share/bash-completion /usr/share/fonts /usr/share/gtk-doc/html /usr/share/installed-tests /usr/share/locale /usr/share/pixmaps /usr/share/terminfo /usr/lib/enigma-info/ptest
+ rm -rf /home/pli/builds/openpli-scarthgap-build-1-30-2025/openpli-oe-core/build/tmp/work/osmio4k-oe-linux-gnueabi/enigma-info/6/sysroot-destdir/usr/share/fonts
+ for dir in /usr/share/man /usr/share/doc /usr/share/info /usr/share/X11/locale /usr/share/applications /usr/share/bash-completion /usr/share/fonts /usr/share/gtk-doc/html /usr/share/installed-tests /usr/share/locale /usr/share/pixmaps /usr/share/terminfo /usr/lib/enigma-info/ptest
+ rm -rf /home/pli/builds/openpli-scarthgap-build-1-30-2025/openpli-oe-core/build/tmp/work/osmio4k-oe-linux-gnueabi/enigma-info/6/sysroot-destdir/usr/share/gtk-doc/html
+ for dir in /usr/share/man /usr/share/doc /usr/share/info /usr/share/X11/locale /usr/share/applications /usr/share/bash-completion /usr/share/fonts /usr/share/gtk-doc/html /usr/share/installed-tests /usr/share/locale /usr/share/pixmaps /usr/share/terminfo /usr/lib/enigma-info/ptest
+ rm -rf /home/pli/builds/openpli-scarthgap-build-1-30-2025/openpli-oe-core/build/tmp/work/osmio4k-oe-linux-gnueabi/enigma-info/6/sysroot-destdir/usr/share/installed-tests
+ for dir in /usr/share/man /usr/share/doc /usr/share/info /usr/share/X11/locale /usr/share/applications /usr/share/bash-completion /usr/share/fonts /usr/share/gtk-doc/html /usr/share/installed-tests /usr/share/locale /usr/share/pixmaps /usr/share/terminfo /usr/lib/enigma-info/ptest
+ rm -rf /home/pli/builds/openpli-scarthgap-build-1-30-2025/openpli-oe-core/build/tmp/work/osmio4k-oe-linux-gnueabi/enigma-info/6/sysroot-destdir/usr/share/locale
+ for dir in /usr/share/man /usr/share/doc /usr/share/info /usr/share/X11/locale /usr/share/applications /usr/share/bash-completion /usr/share/fonts /usr/share/gtk-doc/html /usr/share/installed-tests /usr/share/locale /usr/share/pixmaps /usr/share/terminfo /usr/lib/enigma-info/ptest
+ rm -rf /home/pli/builds/openpli-scarthgap-build-1-30-2025/openpli-oe-core/build/tmp/work/osmio4k-oe-linux-gnueabi/enigma-info/6/sysroot-destdir/usr/share/pixmaps
+ for dir in /usr/share/man /usr/share/doc /usr/share/info /usr/share/X11/locale /usr/share/applications /usr/share/bash-completion /usr/share/fonts /usr/share/gtk-doc/html /usr/share/installed-tests /usr/share/locale /usr/share/pixmaps /usr/share/terminfo /usr/lib/enigma-info/ptest
+ rm -rf /home/pli/builds/openpli-scarthgap-build-1-30-2025/openpli-oe-core/build/tmp/work/osmio4k-oe-linux-gnueabi/enigma-info/6/sysroot-destdir/usr/share/terminfo
+ for dir in /usr/share/man /usr/share/doc /usr/share/info /usr/share/X11/locale /usr/share/applications /usr/share/bash-completion /usr/share/fonts /usr/share/gtk-doc/html /usr/share/installed-tests /usr/share/locale /usr/share/pixmaps /usr/share/terminfo /usr/lib/enigma-info/ptest
+ rm -rf /home/pli/builds/openpli-scarthgap-build-1-30-2025/openpli-oe-core/build/tmp/work/osmio4k-oe-linux-gnueabi/enigma-info/6/sysroot-destdir/usr/lib/enigma-info/ptest
+ ret=0
+ trap '' 0
+ exit 0

NOTE: enigma-info-6-r0 do_populate_sysroot: QA checking do_populate_sysroot

NOTE: enigma-info-6-r0 do_populate_sysroot: Using umask 0o002 (not 22) for sstate packaging


NOTE: recipe enigma-info-6-r0: task do_populate_sysroot: Succeeded
+ autotools_preconfigure

+ '[' -n /home/pli/builds/openpli-scarthgap-build-1-30-2025/openpli-oe-core/build/tmp/work/osmio4k-oe-linux-gnueabi/enigma2/3.12+git/configure.sstate -a -e /home/pli/builds/openpli-scarthgap-build-1-30-2025/openpli-oe-core/build/tmp/work/osmio4k-oe-linux-gnueabi/enigma2/3.12+git/configure.sstate ']'

++ cat /home/pli/builds/openpli-scarthgap-build-1-30-2025/openpli-oe-core/build/tmp/work/osmio4k-oe-linux-gnueabi/enigma2/3.12+git/configure.sstate

+ '[' 1b11c8ccd58dd23438b3cbc8ca5d9427f22eab1e0cd1eb86cac28380dd99cd2f '!=' 1997923fbc58841022d8a60c9bd85477760c54f6e727c797b8aaf7b86a58a54d ']'

+ '[' /home/pli/builds/openpli-scarthgap-build-1-30-2025/openpli-oe-core/build/tmp/work/osmio4k-oe-linux-gnueabi/enigma2/3.12+git/git '!=' /home/pli/builds/openpli-scarthgap-build-1-30-2025/openpli-oe-core/build/tmp/work/osmio4k-oe-linux-gnueabi/enigma2/3.12+git/build ']'

Previously configured separate build directory detected, cleaning /home/pli/builds/openpli-scarthgap-build-1-30-2025/openpli-oe-core/build/tmp/work/osmio4k-oe-linux-gnueabi/enigma2/3.12+git/build

+ echo 'Previously configured separate build directory detected, cleaning /home/pli/builds/openpli-scarthgap-build-1-30-2025/openpli-oe-core/build/tmp/work/osmio4k-oe-linux-gnueabi/enigma2/3.12+git/build'
+ rm -rf /home/pli/builds/openpli-scarthgap-build-1-30-2025/openpli-oe-core/build/tmp/work/osmio4k-oe-linux-gnueabi/enigma2/3.12+git/build

+ mkdir -p /home/pli/builds/openpli-scarthgap-build-1-30-2025/openpli-oe-core/build/tmp/work/osmio4k-oe-linux-gnueabi/enigma2/3.12+git/build

+ ret=0

+ trap '' 0
+ exit 0


NOTE: recipe enigma-info-6-r0: task do_package: Started
NOTE: enigma-info-6-r0 do_package: Direct dependencies are ['virtual:native:/home/pli/builds/openpli-scarthgap-build-1-30-2025/openpli-oe-core/openembedded-core/meta/recipes-devtools/dwarfsrcfiles/dwarfsrcfiles.bb:do_populate_sysroot', 'virtual:native:/home/pli/builds/openpli-scarthgap-build-1-30-2025/openpli-oe-core/openembedded-core/meta/recipes-devtools/pseudo/pseudo_git.bb:do_populate_sysroot', 'virtual:native:/home/pli/builds/openpli-scarthgap-build-1-30-2025/openpli-oe-core/openembedded-core/meta/recipes-devtools/rpm/rpm_4.19.1.1.bb:do_populate_sysroot']
+ cd /home/pli/builds/openpli-scarthgap-build-1-30-2025/openpli-oe-core/build/tmp/work/osmio4k-oe-linux-gnueabi/enigma2/3.12+git/build

+ do_configure
+ setup_target_config
+ export _PYTHON_SYSCONFIGDATA_NAME=_sysconfigdata
+ _PYTHON_SYSCONFIGDATA_NAME=_sysconfigdata

+ export PYTHONPATH=/home/pli/builds/openpli-scarthgap-build-1-30-2025/openpli-oe-core/build/tmp/work/osmio4k-oe-linux-gnueabi/enigma2/3.12+git/recipe-sysroot/usr/lib/python-sysconfigdata:
+ PYTHONPATH=/home/pli/builds/openpli-scarthgap-build-1-30-2025/openpli-oe-core/build/tmp/work/osmio4k-oe-linux-gnueabi/enigma2/3.12+git/recipe-sysroot/usr/lib/python-sysconfigdata:

+ export PATH=/home/pli/builds/openpli-scarthgap-build-1-30-2025/openpli-oe-core/build/tmp/work/osmio4k-oe-linux-gnueabi/enigma2/3.12+git/recipe-sysroot/usr/python-target-config/:/home/pli/builds/openpli-scarthgap-build-1-30-2025/openpli-oe-core/build/tmp/work/osmio4k-oe-linux-gnueabi/enigma2/3.12+git/recipe-sysroot-native/usr/bin/python3-native:/home/pli/builds/openpli-scarthgap-build-1-30-2025/openpli-oe-core/openembedded-core/scripts:/home/pli/builds/openpli-scarthgap-build-1-30-2025/openpli-oe-core/build/tmp/work/osmio4k-oe-linux-gnueabi/enigma2/3.12+git/recipe-sysroot-native/usr/bin/arm-oe-linux-gnueabi:/home/pli/builds/openpli-scarthgap-build-1-30-2025/openpli-oe-core/build/tmp/work/osmio4k-oe-linux-gnueabi/enigma2/3.12+git/recipe-sysroot/usr/bin/crossscripts:/home/pli/builds/openpli-scarthgap-build-1-30-2025/openpli-oe-core/build/tmp/work/osmio4k-oe-linux-gnueabi/enigma2/3.12+git/recipe-sysroot-native/usr/sbin:/home/pli/builds/openpli-scarthgap-build-1-30-2025/openpli-oe-core/build/tmp/work/osmio4k-oe-linux-gnueabi/enigma2/3.12+git/recipe-sysroot-native/usr/bin:/home/pli/builds/openpli-scarthgap-build-1-30-2025/openpli-oe-core/build/tmp/work/osmio4k-oe-linux-gnueabi/enigma2/3.12+git/recipe-sysroot-native/sbin:/home/pli/builds/openpli-scarthgap-build-1-30-2025/openpli-oe-core/build/tmp/work/osmio4k-oe-linux-gnueabi/enigma2/3.12+git/recipe-sysroot-native/bin:/home/pli/builds/openpli-scarthgap-build-1-30-2025/openpli-oe-core/bitbake/bin:/home/pli/builds/openpli-scarthgap-build-1-30-2025/openpli-oe-core/build/tmp/hosttools
+ PATH=/home/pli/builds/openpli-scarthgap-build-1-30-2025/openpli-oe-core/build/tmp/work/osmio4k-oe-linux-gnueabi/enigma2/3.12+git/recipe-sysroot/usr/python-target-config/:/home/pli/builds/openpli-scarthgap-build-1-30-2025/openpli-oe-core/build/tmp/work/osmio4k-oe-linux-gnueabi/enigma2/3.12+git/recipe-sysroot-native/usr/bin/python3-native:/home/pli/builds/openpli-scarthgap-build-1-30-2025/openpli-oe-core/openembedded-core/scripts:/home/pli/builds/openpli-scarthgap-build-1-30-2025/openpli-oe-core/build/tmp/work/osmio4k-oe-linux-gnueabi/enigma2/3.12+git/recipe-sysroot-native/usr/bin/arm-oe-linux-gnueabi:/home/pli/builds/openpli-scarthgap-build-1-30-2025/openpli-oe-core/build/tmp/work/osmio4k-oe-linux-gnueabi/enigma2/3.12+git/recipe-sysroot/usr/bin/crossscripts:/home/pli/builds/openpli-scarthgap-build-1-30-2025/openpli-oe-core/build/tmp/work/osmio4k-oe-linux-gnueabi/enigma2/3.12+git/recipe-sysroot-native/usr/sbin:/home/pli/builds/openpli-scarthgap-build-1-30-2025/openpli-oe-core/build/tmp/work/osmio4k-oe-linux-gnueabi/enigma2/3.12+git/recipe-sysroot-native/usr/bin:/home/pli/builds/openpli-scarthgap-build-1-30-2025/openpli-oe-core/build/tmp/work/osmio4k-oe-linux-gnueabi/enigma2/3.12+git/recipe-sysroot-native/sbin:/home/pli/builds/openpli-scarthgap-build-1-30-2025/openpli-oe-core/build/tmp/work/osmio4k-oe-linux-gnueabi/enigma2/3.12+git/recipe-sysroot-native/bin:/home/pli/builds/openpli-scarthgap-build-1-30-2025/openpli-oe-core/bitbake/bin:/home/pli/builds/openpli-scarthgap-build-1-30-2025/openpli-oe-core/build/tmp/hosttools

+ autotools_do_configure

+ PRUNE_M4=

++ find /home/pli/builds/openpli-scarthgap-build-1-30-2025/openpli-oe-core/build/tmp/work/osmio4k-oe-linux-gnueabi/enigma2/3.12+git/git -ignore_readdir_race -name configure.in -o -name configure.ac

+ for ac in `find /home/pli/builds/openpli-scarthgap-build-1-30-2025/openpli-oe-core/build/tmp/work/osmio4k-oe-linux-gnueabi/enigma2/3.12+git/git -ignore_readdir_race -name configure.in -o -name configure.ac`

++ dirname /home/pli/builds/openpli-scarthgap-build-1-30-2025/openpli-oe-core/build/tmp/work/osmio4k-oe-linux-gnueabi/enigma2/3.12+git/git/configure.ac

+ rm -f /home/pli/builds/openpli-scarthgap-build-1-30-2025/openpli-oe-core/build/tmp/work/osmio4k-oe-linux-gnueabi/enigma2/3.12+git/git/configure

+ '[' -e /home/pli/builds/openpli-scarthgap-build-1-30-2025/openpli-oe-core/build/tmp/work/osmio4k-oe-linux-gnueabi/enigma2/3.12+git/git/configure.in -o -e /home/pli/builds/openpli-scarthgap-build-1-30-2025/openpli-oe-core/build/tmp/work/osmio4k-oe-linux-gnueabi/enigma2/3.12+git/git/configure.ac ']'

++ pwd

+ olddir=/home/pli/builds/openpli-scarthgap-build-1-30-2025/openpli-oe-core/build/tmp/work/osmio4k-oe-linux-gnueabi/enigma2/3.12+git/build

+ cd /home/pli/builds/openpli-scarthgap-build-1-30-2025/openpli-oe-core/build/tmp/work/osmio4k-oe-linux-gnueabi/enigma2/3.12+git/git

+ mkdir -p /home/pli/builds/openpli-scarthgap-build-1-30-2025/openpli-oe-core/build/tmp/work/osmio4k-oe-linux-gnueabi/enigma2/3.12+git/recipe-sysroot/usr/share/aclocal

+ ACLOCAL='aclocal --system-acdir=/home/pli/builds/openpli-scarthgap-build-1-30-2025/openpli-oe-core/build/tmp/work/osmio4k-oe-linux-gnueabi/enigma2/3.12+git/recipe-sysroot/usr/share/aclocal/'

+ '[' xdefault = xdefault ']'
+ acpaths=

++ find /home/pli/builds/openpli-scarthgap-build-1-30-2025/openpli-oe-core/build/tmp/work/osmio4k-oe-linux-gnueabi/enigma2/3.12+git/git -ignore_readdir_race -maxdepth 2 -name '*.m4'

++ grep -v aclocal.m4

++ grep -v acinclude.m4

++ sed -e 's,\(.*/\).*$,\1,'

++ sort -u

+ for i in `find /home/pli/builds/openpli-scarthgap-build-1-30-2025/openpli-oe-core/build/tmp/work/osmio4k-oe-linux-gnueabi/enigma2/3.12+git/git -ignore_readdir_race -maxdepth 2 -name \*.m4|grep -v 'aclocal.m4'| 				grep -v 'acinclude.m4' | sed -e 's,\(.*/\).*$,\1,'|sort -u`

+ acpaths=' -I /home/pli/builds/openpli-scarthgap-build-1-30-2025/openpli-oe-core/build/tmp/work/osmio4k-oe-linux-gnueabi/enigma2/3.12+git/git/m4/'

+ acpaths=' -I /home/pli/builds/openpli-scarthgap-build-1-30-2025/openpli-oe-core/build/tmp/work/osmio4k-oe-linux-gnueabi/enigma2/3.12+git/git/m4/  -I /home/pli/builds/openpli-scarthgap-build-1-30-2025/openpli-oe-core/build/tmp/work/osmio4k-oe-linux-gnueabi/enigma2/3.12+git/recipe-sysroot-native/usr/share/aclocal/'

++ automake --version

++ sed -e '1{s/.* //;s/\.[0-9]\+$//};q'

+ AUTOV=1.16

+ automake --version

automake (GNU automake) 1.16.5
Copyright (C) 2021 Free Software Foundation, Inc.
License GPLv2+: GNU GPL version 2 or later <https://gnu.org/licenses/gpl-2.0.html>
This is free software: you are free to change and redistribute it.
There is NO WARRANTY, to the extent permitted by law.

Written by Tom Tromey <tromey@redhat.com>
       and Alexandre Duret-Lutz <adl@gnu.org>.

AUTOV is 1.16

+ echo 'AUTOV is 1.16'
+ '[' -d /home/pli/builds/openpli-scarthgap-build-1-30-2025/openpli-oe-core/build/tmp/work/osmio4k-oe-linux-gnueabi/enigma2/3.12+git/recipe-sysroot-native/usr/share/aclocal-1.16 ']'

+ ACLOCAL='aclocal --system-acdir=/home/pli/builds/openpli-scarthgap-build-1-30-2025/openpli-oe-core/build/tmp/work/osmio4k-oe-linux-gnueabi/enigma2/3.12+git/recipe-sysroot/usr/share/aclocal/ --automake-acdir=/home/pli/builds/openpli-scarthgap-build-1-30-2025/openpli-oe-core/build/tmp/work/osmio4k-oe-linux-gnueabi/enigma2/3.12+git/recipe-sysroot-native/usr/share/aclocal-1.16'

+ echo --exclude=autopoint

+ grep -q aclocal

+ rm -f aclocal.m4

+ '[' -e configure.in ']'

+ CONFIGURE_AC=configure.ac

+ grep -q '^[[:space:]]*AM_GLIB_GNU_GETTEXT' configure.ac

+ '[' enigma2 '!=' gettext ']'

+ grep -q '^[[:space:]]*AM_GNU_GETTEXT' configure.ac

+ mkdir -p m4

+ bbnote Executing 'ACLOCAL="aclocal' --system-acdir=/home/pli/builds/openpli-scarthgap-build-1-30-2025/openpli-oe-core/build/tmp/work/osmio4k-oe-linux-gnueabi/enigma2/3.12+git/recipe-sysroot/usr/share/aclocal/ '--automake-acdir=/home/pli/builds/openpli-scarthgap-build-1-30-2025/openpli-oe-core/build/tmp/work/osmio4k-oe-linux-gnueabi/enigma2/3.12+git/recipe-sysroot-native/usr/share/aclocal-1.16"' autoreconf -Wcross --verbose --install --force --exclude=autopoint -I /home/pli/builds/openpli-scarthgap-build-1-30-2025/openpli-oe-core/build/tmp/work/osmio4k-oe-linux-gnueabi/enigma2/3.12+git/git/m4/ -I /home/pli/builds/openpli-scarthgap-build-1-30-2025/openpli-oe-core/build/tmp/work/osmio4k-oe-linux-gnueabi/enigma2/3.12+git/recipe-sysroot-native/usr/share/aclocal/

+ '[' -p /home/pli/builds/openpli-scarthgap-build-1-30-2025/openpli-oe-core/build/tmp/work/osmio4k-oe-linux-gnueabi/enigma2/3.12+git/temp/fifo.2767257 ']'

+ printf '%b\0' 'bbnote Executing ACLOCAL="aclocal --system-acdir=/home/pli/builds/openpli-scarthgap-build-1-30-2025/openpli-oe-core/build/tmp/work/osmio4k-oe-linux-gnueabi/enigma2/3.12+git/recipe-sysroot/usr/share/aclocal/ --automake-acdir=/home/pli/builds/openpli-scarthgap-build-1-30-2025/openpli-oe-core/build/tmp/work/osmio4k-oe-linux-gnueabi/enigma2/3.12+git/recipe-sysroot-native/usr/share/aclocal-1.16" autoreconf -Wcross --verbose --install --force --exclude=autopoint -I /home/pli/builds/openpli-scarthgap-build-1-30-2025/openpli-oe-core/build/tmp/work/osmio4k-oe-linux-gnueabi/enigma2/3.12+git/git/m4/ -I /home/pli/builds/openpli-scarthgap-build-1-30-2025/openpli-oe-core/build/tmp/work/osmio4k-oe-linux-gnueabi/enigma2/3.12+git/recipe-sysroot-native/usr/share/aclocal/'

NOTE: enigma2-3.12+git-r0 do_configure: Executing ACLOCAL="aclocal --system-acdir=/home/pli/builds/openpli-scarthgap-build-1-30-2025/openpli-oe-core/build/tmp/work/osmio4k-oe-linux-gnueabi/enigma2/3.12+git/recipe-sysroot/usr/share/aclocal/ --automake-acdir=/home/pli/builds/openpli-scarthgap-build-1-30-2025/openpli-oe-core/build/tmp/work/osmio4k-oe-linux-gnueabi/enigma2/3.12+git/recipe-sysroot-native/usr/share/aclocal-1.16" autoreconf -Wcross --verbose --install --force --exclude=autopoint -I /home/pli/builds/openpli-scarthgap-build-1-30-2025/openpli-oe-core/build/tmp/work/osmio4k-oe-linux-gnueabi/enigma2/3.12+git/git/m4/ -I /home/pli/builds/openpli-scarthgap-build-1-30-2025/openpli-oe-core/build/tmp/work/osmio4k-oe-linux-gnueabi/enigma2/3.12+git/recipe-sysroot-native/usr/share/aclocal/
+ ACLOCAL='aclocal --system-acdir=/home/pli/builds/openpli-scarthgap-build-1-30-2025/openpli-oe-core/build/tmp/work/osmio4k-oe-linux-gnueabi/enigma2/3.12+git/recipe-sysroot/usr/share/aclocal/ --automake-acdir=/home/pli/builds/openpli-scarthgap-build-1-30-2025/openpli-oe-core/build/tmp/work/osmio4k-oe-linux-gnueabi/enigma2/3.12+git/recipe-sysroot-native/usr/share/aclocal-1.16'
+ autoreconf -Wcross -Wno-obsolete --verbose --install --force --exclude=autopoint -I /home/pli/builds/openpli-scarthgap-build-1-30-2025/openpli-oe-core/build/tmp/work/osmio4k-oe-linux-gnueabi/enigma2/3.12+git/git/m4/ -I /home/pli/builds/openpli-scarthgap-build-1-30-2025/openpli-oe-core/build/tmp/work/osmio4k-oe-linux-gnueabi/enigma2/3.12+git/recipe-sysroot-native/usr/share/aclocal/

autoreconf: export WARNINGS=cross,no-obsolete

autoreconf: Entering directory '.'

autoreconf: configure.ac: not using Gettext

NOTE: enigma-info-6-r0 do_package: Installed into sysroot: ['cmake-native', 'openssl-native', 'expat-native', 'ncurses-native', 'readline-native', 'util-linux-libuuid-native', 'dwarfsrcfiles-native', 'elfutils-native', 'file-native', 'libedit-native', 'lua-native', 'make-native', 'perl-native', 'python3-native', 'rpm-native', 'bzip2-native', 'libnsl2-native', 'libtirpc-native', 'lzlib-native', 'zstd-native', 'gdbm-native', 'libcap-native', 'libffi-native', 'libgcrypt-native', 'libgpg-error-native', 'popt-native']
NOTE: enigma-info-6-r0 do_package: Skipping as already exists in sysroot: ['gettext-minimal-native', 'libtool-native', 'texinfo-dummy-native', 'zlib-native', 'pseudo-native', 'xz-native', 'attr-native', 'sqlite3-native']




autoreconf: running: aclocal --system-acdir=/home/pli/builds/openpli-scarthgap-build-1-30-2025/openpli-oe-core/build/tmp/work/osmio4k-oe-linux-gnueabi/enigma2/3.12+git/recipe-sysroot/usr/share/aclocal/ --automake-acdir=/home/pli/builds/openpli-scarthgap-build-1-30-2025/openpli-oe-core/build/tmp/work/osmio4k-oe-linux-gnueabi/enigma2/3.12+git/recipe-sysroot-native/usr/share/aclocal-1.16 -I /home/pli/builds/openpli-scarthgap-build-1-30-2025/openpli-oe-core/build/tmp/work/osmio4k-oe-linux-gnueabi/enigma2/3.12+git/git/m4/ -I /home/pli/builds/openpli-scarthgap-build-1-30-2025/openpli-oe-core/build/tmp/work/osmio4k-oe-linux-gnueabi/enigma2/3.12+git/recipe-sysroot-native/usr/share/aclocal/ --force -I m4

NOTE: enigma-info-6-r0 do_package: Installed into pkgdata-sysroot: ['gcc-runtime', 'glibc', 'linux-edision', 'libgcc', 'linux-libc-headers']














NOTE: enigma-info-6-r0 do_package: Using umask 0o002 (not 22) for sstate packaging


NOTE: recipe enigma-info-6-r0: task do_package: Succeeded
NOTE: Running task 6348 of 6378 (/home/pli/builds/openpli-scarthgap-build-1-30-2025/openpli-oe-core/meta-openpli/recipes-openpli/enigma2/enigma-info.bb:do_packagedata)
NOTE: recipe enigma-info-6-r0: task do_packagedata: Started



+ packagedata_translate_pr_autoinc
+ find /home/pli/builds/openpli-scarthgap-build-1-30-2025/openpli-oe-core/build/tmp/work/osmio4k-oe-linux-gnueabi/enigma-info/6/pkgdata-pdata-input -type f
+ xargs --no-run-if-empty sed -e s,@PRSERV_PV_AUTOINC@,0,g -e s,@EXTENDPRAUTO@,,g -i
+ ret=0
+ trap '' 0
+ exit 0

NOTE: enigma-info-6-r0 do_packagedata: Using umask 0o002 (not 22) for sstate packaging


NOTE: recipe enigma-info-6-r0: task do_packagedata: Succeeded
NOTE: Running task 6349 of 6378 (/home/pli/builds/openpli-scarthgap-build-1-30-2025/openpli-oe-core/meta-openpli/recipes-openpli/enigma2/enigma-info.bb:do_package_qa)
NOTE: Running task 6350 of 6378 (/home/pli/builds/openpli-scarthgap-build-1-30-2025/openpli-oe-core/meta-openpli/recipes-openpli/enigma2/enigma-info.bb:do_package_write_ipk)
NOTE: Running task 6351 of 6378 (/home/pli/builds/openpli-scarthgap-build-1-30-2025/openpli-oe-core/meta-openpli/recipes-openpli/enigma2/enigma-info.bb:do_create_spdx)
NOTE: recipe enigma-info-6-r0: task do_create_spdx: Started
NOTE: recipe enigma-info-6-r0: task do_package_qa: Started
NOTE: recipe enigma-info-6-r0: task do_package_write_ipk: Started
NOTE: enigma-info-6-r0 do_package_qa: Direct dependencies are ['/home/pli/builds/openpli-scarthgap-build-1-30-2025/openpli-oe-core/openembedded-core/meta/recipes-devtools/binutils/binutils-cross_2.42.bb:do_populate_sysroot', 'virtual:native:/home/pli/builds/openpli-scarthgap-build-1-30-2025/openpli-oe-core/openembedded-core/meta/recipes-devtools/pseudo/pseudo_git.bb:do_populate_sysroot']
NOTE: enigma-info-6-r0 do_create_spdx: Direct dependencies are ['/home/pli/builds/openpli-scarthgap-build-1-30-2025/openpli-oe-core/openembedded-core/meta/recipes-devtools/quilt/quilt-native_0.67.bb:do_populate_sysroot', 'virtual:native:/home/pli/builds/openpli-scarthgap-build-1-30-2025/openpli-oe-core/openembedded-core/meta/recipes-devtools/patch/patch_2.7.6.bb:do_populate_sysroot']
NOTE: enigma-info-6-r0 do_package_write_ipk: Direct dependencies are ['virtual:native:/home/pli/builds/openpli-scarthgap-build-1-30-2025/openpli-oe-core/openembedded-core/meta/recipes-devtools/opkg-utils/opkg-utils_0.6.3.bb:do_populate_sysroot', 'virtual:native:/home/pli/builds/openpli-scarthgap-build-1-30-2025/openpli-oe-core/openembedded-core/meta/recipes-devtools/pseudo/pseudo_git.bb:do_populate_sysroot', 'virtual:native:/home/pli/builds/openpli-scarthgap-build-1-30-2025/openpli-oe-core/openembedded-core/meta/recipes-extended/zstd/zstd_1.5.5.bb:do_populate_sysroot']
NOTE: enigma-info-6-r0 do_package_qa: Installed into sysroot: []
NOTE: enigma-info-6-r0 do_package_qa: Skipping as already exists in sysroot: ['gettext-minimal-native', 'binutils-cross-arm', 'libtool-native', 'm4-native', 'texinfo-dummy-native', 'zlib-native', 'flex-native', 'gnu-config-native', 'pseudo-native', 'xz-native', 'attr-native', 'sqlite3-native']

NOTE: enigma-info-6-r0 do_create_spdx: Installed into sysroot: []
NOTE: enigma-info-6-r0 do_create_spdx: Skipping as already exists in sysroot: ['gettext-minimal-native', 'libtool-native', 'quilt-native', 'texinfo-dummy-native', 'patch-native', 'attr-native']



NOTE: enigma-info-6-r0 do_package_qa: DO PACKAGE QA

NOTE: enigma-info-6-r0 do_package_write_ipk: Installed into sysroot: ['opkg-utils-native']
NOTE: enigma-info-6-r0 do_package_write_ipk: Skipping as already exists in sysroot: ['gettext-minimal-native', 'libtool-native', 'texinfo-dummy-native', 'zlib-native', 'make-native', 'perl-native', 'pseudo-native', 'xz-native', 'zstd-native', 'attr-native', 'gdbm-native', 'sqlite3-native']

NOTE: enigma-info-6-r0 do_package_qa: Checking Package: enigma-info




NOTE: enigma-info-6-r0 do_package_qa: Using umask 0o002 (not 22) for sstate packaging

NOTE: enigma-info-6-r0 do_create_spdx: Using umask 0o002 (not 22) for sstate packaging



NOTE: recipe enigma-info-6-r0: task do_create_spdx: Succeeded

NOTE: recipe enigma-info-6-r0: task do_package_qa: Succeeded
NOTE: Running task 6352 of 6378 (/home/pli/builds/openpli-scarthgap-build-1-30-2025/openpli-oe-core/meta-openpli/recipes-openpli/enigma2/enigma-info.bb:do_create_runtime_spdx)


NOTE: enigma-info-6-r0 do_package_write_ipk: Using umask 0o002 (not 22) for sstate packaging

NOTE: recipe enigma-info-6-r0: task do_create_runtime_spdx: Started

NOTE: recipe enigma-info-6-r0: task do_package_write_ipk: Succeeded



NOTE: enigma-info-6-r0 do_create_runtime_spdx: Using umask 0o002 (not 22) for sstate packaging


NOTE: recipe enigma-info-6-r0: task do_create_runtime_spdx: Succeeded
NOTE: Running task 6353 of 6378 (/home/pli/builds/openpli-scarthgap-build-1-30-2025/openpli-oe-core/meta-openpli/recipes-openpli/enigma2/enigma-info.bb:do_rm_work)
autoreconf: configure.ac: tracing

NOTE: recipe enigma-info-6-r0: task do_rm_work: Started
+ do_rm_work

++ PATH=/home/pli/builds/openpli-scarthgap-build-1-30-2025/openpli-oe-core/build/tmp/hosttools
++ command -v rm

+ RM_BIN=/home/pli/builds/openpli-scarthgap-build-1-30-2025/openpli-oe-core/build/tmp/hosttools/rm

+ '[' -z /home/pli/builds/openpli-scarthgap-build-1-30-2025/openpli-oe-core/build/tmp/hosttools/rm ']'

+ mkdir -p /home/pli/builds/openpli-scarthgap-build-1-30-2025/openpli-oe-core/build/tmp/work/osmio4k-oe-linux-gnueabi/enigma-info/6/pseudo/

+ excludes=temp

++ dirname /home/pli/builds/openpli-scarthgap-build-1-30-2025/openpli-oe-core/build/tmp/stamps/osmio4k-oe-linux-gnueabi/enigma-info/6

+ STAMPDIR=/home/pli/builds/openpli-scarthgap-build-1-30-2025/openpli-oe-core/build/tmp/stamps/osmio4k-oe-linux-gnueabi/enigma-info

+ test -d /home/pli/builds/openpli-scarthgap-build-1-30-2025/openpli-oe-core/build/tmp/stamps/osmio4k-oe-linux-gnueabi/enigma-info

+ cd /home/pli/builds/openpli-scarthgap-build-1-30-2025/openpli-oe-core/build/tmp/stamps/osmio4k-oe-linux-gnueabi/enigma-info

++ basename /home/pli/builds/openpli-scarthgap-build-1-30-2025/openpli-oe-core/build/tmp/stamps/osmio4k-oe-linux-gnueabi/enigma-info/6

+ for i in `basename /home/pli/builds/openpli-scarthgap-build-1-30-2025/openpli-oe-core/build/tmp/stamps/osmio4k-oe-linux-gnueabi/enigma-info/6`*

+ case $i in

+ for j in do_create_runtime_spdx do_create_spdx do_deploy_source_date_epoch do_package do_package_qa do_package_write_ipk do_packagedata do_populate_lic do_populate_sysroot do_recipe_qa do_shared_workdir

+ case $i in

+ for j in do_create_runtime_spdx do_create_spdx do_deploy_source_date_epoch do_package do_package_qa do_package_write_ipk do_packagedata do_populate_lic do_populate_sysroot do_recipe_qa do_shared_workdir
+ case $i in

+ for j in do_create_runtime_spdx do_create_spdx do_deploy_source_date_epoch do_package do_package_qa do_package_write_ipk do_packagedata do_populate_lic do_populate_sysroot do_recipe_qa do_shared_workdir

+ case $i in

+ for j in do_create_runtime_spdx do_create_spdx do_deploy_source_date_epoch do_package do_package_qa do_package_write_ipk do_packagedata do_populate_lic do_populate_sysroot do_recipe_qa do_shared_workdir

+ case $i in
+ for j in do_create_runtime_spdx do_create_spdx do_deploy_source_date_epoch do_package do_package_qa do_package_write_ipk do_packagedata do_populate_lic do_populate_sysroot do_recipe_qa do_shared_workdir

+ case $i in

+ for j in do_create_runtime_spdx do_create_spdx do_deploy_source_date_epoch do_package do_package_qa do_package_write_ipk do_packagedata do_populate_lic do_populate_sysroot do_recipe_qa do_shared_workdir

+ case $i in

+ for j in do_create_runtime_spdx do_create_spdx do_deploy_source_date_epoch do_package do_package_qa do_package_write_ipk do_packagedata do_populate_lic do_populate_sysroot do_recipe_qa do_shared_workdir
+ case $i in

+ for j in do_create_runtime_spdx do_create_spdx do_deploy_source_date_epoch do_package do_package_qa do_package_write_ipk do_packagedata do_populate_lic do_populate_sysroot do_recipe_qa do_shared_workdir

+ case $i in

+ for j in do_create_runtime_spdx do_create_spdx do_deploy_source_date_epoch do_package do_package_qa do_package_write_ipk do_packagedata do_populate_lic do_populate_sysroot do_recipe_qa do_shared_workdir

+ case $i in

+ for j in do_create_runtime_spdx do_create_spdx do_deploy_source_date_epoch do_package do_package_qa do_package_write_ipk do_packagedata do_populate_lic do_populate_sysroot do_recipe_qa do_shared_workdir

+ case $i in
+ for j in do_create_runtime_spdx do_create_spdx do_deploy_source_date_epoch do_package do_package_qa do_package_write_ipk do_packagedata do_populate_lic do_populate_sysroot do_recipe_qa do_shared_workdir

+ case $i in

+ /home/pli/builds/openpli-scarthgap-build-1-30-2025/openpli-oe-core/build/tmp/hosttools/rm -f -- 6.do_collect_spdx_deps.d14dbb08b275bd60099cd1fad392ebe8764943f75e62133ab5c33b13b7b7c4d1

+ for i in `basename /home/pli/builds/openpli-scarthgap-build-1-30-2025/openpli-oe-core/build/tmp/stamps/osmio4k-oe-linux-gnueabi/enigma-info/6`*

+ case $i in

+ for i in `basename /home/pli/builds/openpli-scarthgap-build-1-30-2025/openpli-oe-core/build/tmp/stamps/osmio4k-oe-linux-gnueabi/enigma-info/6`*

+ case $i in

+ for j in do_create_runtime_spdx do_create_spdx do_deploy_source_date_epoch do_package do_package_qa do_package_write_ipk do_packagedata do_populate_lic do_populate_sysroot do_recipe_qa do_shared_workdir
+ case $i in

++ echo 6.do_create_runtime_spdx.77aa3427aef97d43eaed8454102ff48a522ddeef90b6ed4abe3453f36a052c8b

++ sed -e s#do_create_runtime_spdx#do_create_runtime_spdx_setscene#

+ mv 6.do_create_runtime_spdx.77aa3427aef97d43eaed8454102ff48a522ddeef90b6ed4abe3453f36a052c8b 6.do_create_runtime_spdx_setscene.77aa3427aef97d43eaed8454102ff48a522ddeef90b6ed4abe3453f36a052c8b

+ break

+ /home/pli/builds/openpli-scarthgap-build-1-30-2025/openpli-oe-core/build/tmp/hosttools/rm -f -- 6.do_create_runtime_spdx.77aa3427aef97d43eaed8454102ff48a522ddeef90b6ed4abe3453f36a052c8b

+ for i in `basename /home/pli/builds/openpli-scarthgap-build-1-30-2025/openpli-oe-core/build/tmp/stamps/osmio4k-oe-linux-gnueabi/enigma-info/6`*

+ case $i in

+ for i in `basename /home/pli/builds/openpli-scarthgap-build-1-30-2025/openpli-oe-core/build/tmp/stamps/osmio4k-oe-linux-gnueabi/enigma-info/6`*
+ case $i in

+ for i in `basename /home/pli/builds/openpli-scarthgap-build-1-30-2025/openpli-oe-core/build/tmp/stamps/osmio4k-oe-linux-gnueabi/enigma-info/6`*

+ case $i in

+ for i in `basename /home/pli/builds/openpli-scarthgap-build-1-30-2025/openpli-oe-core/build/tmp/stamps/osmio4k-oe-linux-gnueabi/enigma-info/6`*
+ case $i in

+ for i in `basename /home/pli/builds/openpli-scarthgap-build-1-30-2025/openpli-oe-core/build/tmp/stamps/osmio4k-oe-linux-gnueabi/enigma-info/6`*

+ case $i in

+ for i in `basename /home/pli/builds/openpli-scarthgap-build-1-30-2025/openpli-oe-core/build/tmp/stamps/osmio4k-oe-linux-gnueabi/enigma-info/6`*

+ case $i in
+ for i in `basename /home/pli/builds/openpli-scarthgap-build-1-30-2025/openpli-oe-core/build/tmp/stamps/osmio4k-oe-linux-gnueabi/enigma-info/6`*

+ case $i in

+ for i in `basename /home/pli/builds/openpli-scarthgap-build-1-30-2025/openpli-oe-core/build/tmp/stamps/osmio4k-oe-linux-gnueabi/enigma-info/6`*

+ case $i in

+ for i in `basename /home/pli/builds/openpli-scarthgap-build-1-30-2025/openpli-oe-core/build/tmp/stamps/osmio4k-oe-linux-gnueabi/enigma-info/6`*
+ case $i in

+ for i in `basename /home/pli/builds/openpli-scarthgap-build-1-30-2025/openpli-oe-core/build/tmp/stamps/osmio4k-oe-linux-gnueabi/enigma-info/6`*

+ case $i in

+ for i in `basename /home/pli/builds/openpli-scarthgap-build-1-30-2025/openpli-oe-core/build/tmp/stamps/osmio4k-oe-linux-gnueabi/enigma-info/6`*

+ case $i in

+ for i in `basename /home/pli/builds/openpli-scarthgap-build-1-30-2025/openpli-oe-core/build/tmp/stamps/osmio4k-oe-linux-gnueabi/enigma-info/6`*
+ case $i in

+ for i in `basename /home/pli/builds/openpli-scarthgap-build-1-30-2025/openpli-oe-core/build/tmp/stamps/osmio4k-oe-linux-gnueabi/enigma-info/6`*

+ case $i in

+ for i in `basename /home/pli/builds/openpli-scarthgap-build-1-30-2025/openpli-oe-core/build/tmp/stamps/osmio4k-oe-linux-gnueabi/enigma-info/6`*

+ case $i in

+ for i in `basename /home/pli/builds/openpli-scarthgap-build-1-30-2025/openpli-oe-core/build/tmp/stamps/osmio4k-oe-linux-gnueabi/enigma-info/6`*
+ case $i in

+ for i in `basename /home/pli/builds/openpli-scarthgap-build-1-30-2025/openpli-oe-core/build/tmp/stamps/osmio4k-oe-linux-gnueabi/enigma-info/6`*

+ case $i in

+ for i in `basename /home/pli/builds/openpli-scarthgap-build-1-30-2025/openpli-oe-core/build/tmp/stamps/osmio4k-oe-linux-gnueabi/enigma-info/6`*

+ case $i in

+ for i in `basename /home/pli/builds/openpli-scarthgap-build-1-30-2025/openpli-oe-core/build/tmp/stamps/osmio4k-oe-linux-gnueabi/enigma-info/6`*
+ case $i in

+ for i in `basename /home/pli/builds/openpli-scarthgap-build-1-30-2025/openpli-oe-core/build/tmp/stamps/osmio4k-oe-linux-gnueabi/enigma-info/6`*

+ case $i in

+ for i in `basename /home/pli/builds/openpli-scarthgap-build-1-30-2025/openpli-oe-core/build/tmp/stamps/osmio4k-oe-linux-gnueabi/enigma-info/6`*

+ case $i in
+ for i in `basename /home/pli/builds/openpli-scarthgap-build-1-30-2025/openpli-oe-core/build/tmp/stamps/osmio4k-oe-linux-gnueabi/enigma-info/6`*

+ case $i in

+ for i in `basename /home/pli/builds/openpli-scarthgap-build-1-30-2025/openpli-oe-core/build/tmp/stamps/osmio4k-oe-linux-gnueabi/enigma-info/6`*

+ case $i in

+ for i in `basename /home/pli/builds/openpli-scarthgap-build-1-30-2025/openpli-oe-core/build/tmp/stamps/osmio4k-oe-linux-gnueabi/enigma-info/6`*

+ case $i in
+ for i in `basename /home/pli/builds/openpli-scarthgap-build-1-30-2025/openpli-oe-core/build/tmp/stamps/osmio4k-oe-linux-gnueabi/enigma-info/6`*

+ case $i in

+ for i in `basename /home/pli/builds/openpli-scarthgap-build-1-30-2025/openpli-oe-core/build/tmp/stamps/osmio4k-oe-linux-gnueabi/enigma-info/6`*

+ case $i in

+ for i in `basename /home/pli/builds/openpli-scarthgap-build-1-30-2025/openpli-oe-core/build/tmp/stamps/osmio4k-oe-linux-gnueabi/enigma-info/6`*

+ case $i in
+ for i in `basename /home/pli/builds/openpli-scarthgap-build-1-30-2025/openpli-oe-core/build/tmp/stamps/osmio4k-oe-linux-gnueabi/enigma-info/6`*

+ case $i in

+ for i in `basename /home/pli/builds/openpli-scarthgap-build-1-30-2025/openpli-oe-core/build/tmp/stamps/osmio4k-oe-linux-gnueabi/enigma-info/6`*

+ case $i in

+ for j in do_create_runtime_spdx do_create_spdx do_deploy_source_date_epoch do_package do_package_qa do_package_write_ipk do_packagedata do_populate_lic do_populate_sysroot do_recipe_qa do_shared_workdir

+ case $i in

+ for j in do_create_runtime_spdx do_create_spdx do_deploy_source_date_epoch do_package do_package_qa do_package_write_ipk do_packagedata do_populate_lic do_populate_sysroot do_recipe_qa do_shared_workdir

+ case $i in

++ echo 6.do_create_spdx.6fa50476b804b824c0e0725df057fa505d5efe1215b11cfdc4eb9827d97e3137

++ sed -e s#do_create_spdx#do_create_spdx_setscene#

+ mv 6.do_create_spdx.6fa50476b804b824c0e0725df057fa505d5efe1215b11cfdc4eb9827d97e3137 6.do_create_spdx_setscene.6fa50476b804b824c0e0725df057fa505d5efe1215b11cfdc4eb9827d97e3137

+ break

+ /home/pli/builds/openpli-scarthgap-build-1-30-2025/openpli-oe-core/build/tmp/hosttools/rm -f -- 6.do_create_spdx.6fa50476b804b824c0e0725df057fa505d5efe1215b11cfdc4eb9827d97e3137

+ for i in `basename /home/pli/builds/openpli-scarthgap-build-1-30-2025/openpli-oe-core/build/tmp/stamps/osmio4k-oe-linux-gnueabi/enigma-info/6`*

+ case $i in

+ for i in `basename /home/pli/builds/openpli-scarthgap-build-1-30-2025/openpli-oe-core/build/tmp/stamps/osmio4k-oe-linux-gnueabi/enigma-info/6`*
+ case $i in

+ for i in `basename /home/pli/builds/openpli-scarthgap-build-1-30-2025/openpli-oe-core/build/tmp/stamps/osmio4k-oe-linux-gnueabi/enigma-info/6`*

+ case $i in

+ for i in `basename /home/pli/builds/openpli-scarthgap-build-1-30-2025/openpli-oe-core/build/tmp/stamps/osmio4k-oe-linux-gnueabi/enigma-info/6`*

+ case $i in
+ for i in `basename /home/pli/builds/openpli-scarthgap-build-1-30-2025/openpli-oe-core/build/tmp/stamps/osmio4k-oe-linux-gnueabi/enigma-info/6`*

+ case $i in

+ for i in `basename /home/pli/builds/openpli-scarthgap-build-1-30-2025/openpli-oe-core/build/tmp/stamps/osmio4k-oe-linux-gnueabi/enigma-info/6`*

+ case $i in

+ for i in `basename /home/pli/builds/openpli-scarthgap-build-1-30-2025/openpli-oe-core/build/tmp/stamps/osmio4k-oe-linux-gnueabi/enigma-info/6`*

+ case $i in
+ for i in `basename /home/pli/builds/openpli-scarthgap-build-1-30-2025/openpli-oe-core/build/tmp/stamps/osmio4k-oe-linux-gnueabi/enigma-info/6`*

+ case $i in

+ for i in `basename /home/pli/builds/openpli-scarthgap-build-1-30-2025/openpli-oe-core/build/tmp/stamps/osmio4k-oe-linux-gnueabi/enigma-info/6`*

+ case $i in

+ for i in `basename /home/pli/builds/openpli-scarthgap-build-1-30-2025/openpli-oe-core/build/tmp/stamps/osmio4k-oe-linux-gnueabi/enigma-info/6`*
+ case $i in

+ for i in `basename /home/pli/builds/openpli-scarthgap-build-1-30-2025/openpli-oe-core/build/tmp/stamps/osmio4k-oe-linux-gnueabi/enigma-info/6`*

+ case $i in

+ for i in `basename /home/pli/builds/openpli-scarthgap-build-1-30-2025/openpli-oe-core/build/tmp/stamps/osmio4k-oe-linux-gnueabi/enigma-info/6`*

+ case $i in
+ for i in `basename /home/pli/builds/openpli-scarthgap-build-1-30-2025/openpli-oe-core/build/tmp/stamps/osmio4k-oe-linux-gnueabi/enigma-info/6`*

+ case $i in

+ for i in `basename /home/pli/builds/openpli-scarthgap-build-1-30-2025/openpli-oe-core/build/tmp/stamps/osmio4k-oe-linux-gnueabi/enigma-info/6`*

+ case $i in

+ for i in `basename /home/pli/builds/openpli-scarthgap-build-1-30-2025/openpli-oe-core/build/tmp/stamps/osmio4k-oe-linux-gnueabi/enigma-info/6`*

+ case $i in
+ for i in `basename /home/pli/builds/openpli-scarthgap-build-1-30-2025/openpli-oe-core/build/tmp/stamps/osmio4k-oe-linux-gnueabi/enigma-info/6`*

+ case $i in

+ for i in `basename /home/pli/builds/openpli-scarthgap-build-1-30-2025/openpli-oe-core/build/tmp/stamps/osmio4k-oe-linux-gnueabi/enigma-info/6`*

+ case $i in

+ for i in `basename /home/pli/builds/openpli-scarthgap-build-1-30-2025/openpli-oe-core/build/tmp/stamps/osmio4k-oe-linux-gnueabi/enigma-info/6`*
+ case $i in

+ for i in `basename /home/pli/builds/openpli-scarthgap-build-1-30-2025/openpli-oe-core/build/tmp/stamps/osmio4k-oe-linux-gnueabi/enigma-info/6`*

+ case $i in

+ for i in `basename /home/pli/builds/openpli-scarthgap-build-1-30-2025/openpli-oe-core/build/tmp/stamps/osmio4k-oe-linux-gnueabi/enigma-info/6`*

+ case $i in

+ for i in `basename /home/pli/builds/openpli-scarthgap-build-1-30-2025/openpli-oe-core/build/tmp/stamps/osmio4k-oe-linux-gnueabi/enigma-info/6`*
+ case $i in

+ for i in `basename /home/pli/builds/openpli-scarthgap-build-1-30-2025/openpli-oe-core/build/tmp/stamps/osmio4k-oe-linux-gnueabi/enigma-info/6`*

+ case $i in

+ for i in `basename /home/pli/builds/openpli-scarthgap-build-1-30-2025/openpli-oe-core/build/tmp/stamps/osmio4k-oe-linux-gnueabi/enigma-info/6`*

+ case $i in

+ for i in `basename /home/pli/builds/openpli-scarthgap-build-1-30-2025/openpli-oe-core/build/tmp/stamps/osmio4k-oe-linux-gnueabi/enigma-info/6`*
+ case $i in

+ for i in `basename /home/pli/builds/openpli-scarthgap-build-1-30-2025/openpli-oe-core/build/tmp/stamps/osmio4k-oe-linux-gnueabi/enigma-info/6`*

+ case $i in

+ for i in `basename /home/pli/builds/openpli-scarthgap-build-1-30-2025/openpli-oe-core/build/tmp/stamps/osmio4k-oe-linux-gnueabi/enigma-info/6`*
+ case $i in

+ for i in `basename /home/pli/builds/openpli-scarthgap-build-1-30-2025/openpli-oe-core/build/tmp/stamps/osmio4k-oe-linux-gnueabi/enigma-info/6`*

+ case $i in

+ for i in `basename /home/pli/builds/openpli-scarthgap-build-1-30-2025/openpli-oe-core/build/tmp/stamps/osmio4k-oe-linux-gnueabi/enigma-info/6`*

+ case $i in

+ for j in do_create_runtime_spdx do_create_spdx do_deploy_source_date_epoch do_package do_package_qa do_package_write_ipk do_packagedata do_populate_lic do_populate_sysroot do_recipe_qa do_shared_workdir

+ case $i in

+ for j in do_create_runtime_spdx do_create_spdx do_deploy_source_date_epoch do_package do_package_qa do_package_write_ipk do_packagedata do_populate_lic do_populate_sysroot do_recipe_qa do_shared_workdir

+ case $i in
+ for j in do_create_runtime_spdx do_create_spdx do_deploy_source_date_epoch do_package do_package_qa do_package_write_ipk do_packagedata do_populate_lic do_populate_sysroot do_recipe_qa do_shared_workdir

+ case $i in

+ for j in do_create_runtime_spdx do_create_spdx do_deploy_source_date_epoch do_package do_package_qa do_package_write_ipk do_packagedata do_populate_lic do_populate_sysroot do_recipe_qa do_shared_workdir

+ case $i in

+ for j in do_create_runtime_spdx do_create_spdx do_deploy_source_date_epoch do_package do_package_qa do_package_write_ipk do_packagedata do_populate_lic do_populate_sysroot do_recipe_qa do_shared_workdir

+ case $i in

+ for j in do_create_runtime_spdx do_create_spdx do_deploy_source_date_epoch do_package do_package_qa do_package_write_ipk do_packagedata do_populate_lic do_populate_sysroot do_recipe_qa do_shared_workdir
+ case $i in

+ for j in do_create_runtime_spdx do_create_spdx do_deploy_source_date_epoch do_package do_package_qa do_package_write_ipk do_packagedata do_populate_lic do_populate_sysroot do_recipe_qa do_shared_workdir

+ case $i in

+ for j in do_create_runtime_spdx do_create_spdx do_deploy_source_date_epoch do_package do_package_qa do_package_write_ipk do_packagedata do_populate_lic do_populate_sysroot do_recipe_qa do_shared_workdir

+ case $i in
+ for j in do_create_runtime_spdx do_create_spdx do_deploy_source_date_epoch do_package do_package_qa do_package_write_ipk do_packagedata do_populate_lic do_populate_sysroot do_recipe_qa do_shared_workdir

+ case $i in

+ for j in do_create_runtime_spdx do_create_spdx do_deploy_source_date_epoch do_package do_package_qa do_package_write_ipk do_packagedata do_populate_lic do_populate_sysroot do_recipe_qa do_shared_workdir

+ case $i in

+ for j in do_create_runtime_spdx do_create_spdx do_deploy_source_date_epoch do_package do_package_qa do_package_write_ipk do_packagedata do_populate_lic do_populate_sysroot do_recipe_qa do_shared_workdir

+ case $i in

+ /home/pli/builds/openpli-scarthgap-build-1-30-2025/openpli-oe-core/build/tmp/hosttools/rm -f -- 6.do_deploy.5ff91fbba874f659dd577d6bb8cad3128e230102ba6ebcc86c323c6d09a78418

+ for i in `basename /home/pli/builds/openpli-scarthgap-build-1-30-2025/openpli-oe-core/build/tmp/stamps/osmio4k-oe-linux-gnueabi/enigma-info/6`*

+ case $i in

+ for i in `basename /home/pli/builds/openpli-scarthgap-build-1-30-2025/openpli-oe-core/build/tmp/stamps/osmio4k-oe-linux-gnueabi/enigma-info/6`*
+ case $i in

+ for i in `basename /home/pli/builds/openpli-scarthgap-build-1-30-2025/openpli-oe-core/build/tmp/stamps/osmio4k-oe-linux-gnueabi/enigma-info/6`*

+ case $i in

+ for i in `basename /home/pli/builds/openpli-scarthgap-build-1-30-2025/openpli-oe-core/build/tmp/stamps/osmio4k-oe-linux-gnueabi/enigma-info/6`*

+ case $i in
+ for i in `basename /home/pli/builds/openpli-scarthgap-build-1-30-2025/openpli-oe-core/build/tmp/stamps/osmio4k-oe-linux-gnueabi/enigma-info/6`*

+ case $i in

+ for i in `basename /home/pli/builds/openpli-scarthgap-build-1-30-2025/openpli-oe-core/build/tmp/stamps/osmio4k-oe-linux-gnueabi/enigma-info/6`*

+ case $i in

+ for i in `basename /home/pli/builds/openpli-scarthgap-build-1-30-2025/openpli-oe-core/build/tmp/stamps/osmio4k-oe-linux-gnueabi/enigma-info/6`*
+ case $i in

+ for i in `basename /home/pli/builds/openpli-scarthgap-build-1-30-2025/openpli-oe-core/build/tmp/stamps/osmio4k-oe-linux-gnueabi/enigma-info/6`*

+ case $i in

+ for i in `basename /home/pli/builds/openpli-scarthgap-build-1-30-2025/openpli-oe-core/build/tmp/stamps/osmio4k-oe-linux-gnueabi/enigma-info/6`*

+ case $i in

+ for i in `basename /home/pli/builds/openpli-scarthgap-build-1-30-2025/openpli-oe-core/build/tmp/stamps/osmio4k-oe-linux-gnueabi/enigma-info/6`*
+ case $i in

+ for i in `basename /home/pli/builds/openpli-scarthgap-build-1-30-2025/openpli-oe-core/build/tmp/stamps/osmio4k-oe-linux-gnueabi/enigma-info/6`*

+ case $i in

+ for i in `basename /home/pli/builds/openpli-scarthgap-build-1-30-2025/openpli-oe-core/build/tmp/stamps/osmio4k-oe-linux-gnueabi/enigma-info/6`*

+ case $i in

+ for i in `basename /home/pli/builds/openpli-scarthgap-build-1-30-2025/openpli-oe-core/build/tmp/stamps/osmio4k-oe-linux-gnueabi/enigma-info/6`*
+ case $i in

+ for i in `basename /home/pli/builds/openpli-scarthgap-build-1-30-2025/openpli-oe-core/build/tmp/stamps/osmio4k-oe-linux-gnueabi/enigma-info/6`*

+ case $i in

+ for i in `basename /home/pli/builds/openpli-scarthgap-build-1-30-2025/openpli-oe-core/build/tmp/stamps/osmio4k-oe-linux-gnueabi/enigma-info/6`*

+ case $i in

+ for i in `basename /home/pli/builds/openpli-scarthgap-build-1-30-2025/openpli-oe-core/build/tmp/stamps/osmio4k-oe-linux-gnueabi/enigma-info/6`*
+ case $i in

+ for i in `basename /home/pli/builds/openpli-scarthgap-build-1-30-2025/openpli-oe-core/build/tmp/stamps/osmio4k-oe-linux-gnueabi/enigma-info/6`*

+ case $i in

+ for i in `basename /home/pli/builds/openpli-scarthgap-build-1-30-2025/openpli-oe-core/build/tmp/stamps/osmio4k-oe-linux-gnueabi/enigma-info/6`*

+ case $i in

+ for i in `basename /home/pli/builds/openpli-scarthgap-build-1-30-2025/openpli-oe-core/build/tmp/stamps/osmio4k-oe-linux-gnueabi/enigma-info/6`*
+ case $i in

+ for i in `basename /home/pli/builds/openpli-scarthgap-build-1-30-2025/openpli-oe-core/build/tmp/stamps/osmio4k-oe-linux-gnueabi/enigma-info/6`*

+ case $i in

+ for i in `basename /home/pli/builds/openpli-scarthgap-build-1-30-2025/openpli-oe-core/build/tmp/stamps/osmio4k-oe-linux-gnueabi/enigma-info/6`*

+ case $i in

+ for i in `basename /home/pli/builds/openpli-scarthgap-build-1-30-2025/openpli-oe-core/build/tmp/stamps/osmio4k-oe-linux-gnueabi/enigma-info/6`*

+ case $i in
+ for i in `basename /home/pli/builds/openpli-scarthgap-build-1-30-2025/openpli-oe-core/build/tmp/stamps/osmio4k-oe-linux-gnueabi/enigma-info/6`*

+ case $i in

+ for i in `basename /home/pli/builds/openpli-scarthgap-build-1-30-2025/openpli-oe-core/build/tmp/stamps/osmio4k-oe-linux-gnueabi/enigma-info/6`*

+ case $i in

+ for i in `basename /home/pli/builds/openpli-scarthgap-build-1-30-2025/openpli-oe-core/build/tmp/stamps/osmio4k-oe-linux-gnueabi/enigma-info/6`*

+ case $i in
+ for i in `basename /home/pli/builds/openpli-scarthgap-build-1-30-2025/openpli-oe-core/build/tmp/stamps/osmio4k-oe-linux-gnueabi/enigma-info/6`*

+ case $i in

+ for i in `basename /home/pli/builds/openpli-scarthgap-build-1-30-2025/openpli-oe-core/build/tmp/stamps/osmio4k-oe-linux-gnueabi/enigma-info/6`*

+ case $i in

+ for i in `basename /home/pli/builds/openpli-scarthgap-build-1-30-2025/openpli-oe-core/build/tmp/stamps/osmio4k-oe-linux-gnueabi/enigma-info/6`*

+ case $i in
+ for i in `basename /home/pli/builds/openpli-scarthgap-build-1-30-2025/openpli-oe-core/build/tmp/stamps/osmio4k-oe-linux-gnueabi/enigma-info/6`*

+ case $i in

+ for i in `basename /home/pli/builds/openpli-scarthgap-build-1-30-2025/openpli-oe-core/build/tmp/stamps/osmio4k-oe-linux-gnueabi/enigma-info/6`*

+ case $i in

+ /home/pli/builds/openpli-scarthgap-build-1-30-2025/openpli-oe-core/build/tmp/hosttools/rm -f -- 6.do_package.218bdc770a436fd9dcef761ac74938eb17d47aa8a8de6c6629ae2f731dedff02

+ for i in `basename /home/pli/builds/openpli-scarthgap-build-1-30-2025/openpli-oe-core/build/tmp/stamps/osmio4k-oe-linux-gnueabi/enigma-info/6`*

+ case $i in

+ for j in do_create_runtime_spdx do_create_spdx do_deploy_source_date_epoch do_package do_package_qa do_package_write_ipk do_packagedata do_populate_lic do_populate_sysroot do_recipe_qa do_shared_workdir

+ case $i in

+ for j in do_create_runtime_spdx do_create_spdx do_deploy_source_date_epoch do_package do_package_qa do_package_write_ipk do_packagedata do_populate_lic do_populate_sysroot do_recipe_qa do_shared_workdir
+ case $i in

+ for j in do_create_runtime_spdx do_create_spdx do_deploy_source_date_epoch do_package do_package_qa do_package_write_ipk do_packagedata do_populate_lic do_populate_sysroot do_recipe_qa do_shared_workdir

+ case $i in

+ for j in do_create_runtime_spdx do_create_spdx do_deploy_source_date_epoch do_package do_package_qa do_package_write_ipk do_packagedata do_populate_lic do_populate_sysroot do_recipe_qa do_shared_workdir

+ case $i in

+ for j in do_create_runtime_spdx do_create_spdx do_deploy_source_date_epoch do_package do_package_qa do_package_write_ipk do_packagedata do_populate_lic do_populate_sysroot do_recipe_qa do_shared_workdir
+ case $i in

+ for j in do_create_runtime_spdx do_create_spdx do_deploy_source_date_epoch do_package do_package_qa do_package_write_ipk do_packagedata do_populate_lic do_populate_sysroot do_recipe_qa do_shared_workdir

+ case $i in

+ for j in do_create_runtime_spdx do_create_spdx do_deploy_source_date_epoch do_package do_package_qa do_package_write_ipk do_packagedata do_populate_lic do_populate_sysroot do_recipe_qa do_shared_workdir

+ case $i in

++ echo 6.do_packagedata.e3ceae3be1f5464fcc89d344eeea3bd8d2d5fbf9d76e56d94889e44fa77bdbfd.osmio4k

++ sed -e s#do_packagedata#do_packagedata_setscene#

+ mv 6.do_packagedata.e3ceae3be1f5464fcc89d344eeea3bd8d2d5fbf9d76e56d94889e44fa77bdbfd.osmio4k 6.do_packagedata_setscene.e3ceae3be1f5464fcc89d344eeea3bd8d2d5fbf9d76e56d94889e44fa77bdbfd.osmio4k

+ break

+ /home/pli/builds/openpli-scarthgap-build-1-30-2025/openpli-oe-core/build/tmp/hosttools/rm -f -- 6.do_packagedata.e3ceae3be1f5464fcc89d344eeea3bd8d2d5fbf9d76e56d94889e44fa77bdbfd.osmio4k

+ for i in `basename /home/pli/builds/openpli-scarthgap-build-1-30-2025/openpli-oe-core/build/tmp/stamps/osmio4k-oe-linux-gnueabi/enigma-info/6`*

+ case $i in

+ for i in `basename /home/pli/builds/openpli-scarthgap-build-1-30-2025/openpli-oe-core/build/tmp/stamps/osmio4k-oe-linux-gnueabi/enigma-info/6`*

+ case $i in

+ for i in `basename /home/pli/builds/openpli-scarthgap-build-1-30-2025/openpli-oe-core/build/tmp/stamps/osmio4k-oe-linux-gnueabi/enigma-info/6`*

+ case $i in

+ for i in `basename /home/pli/builds/openpli-scarthgap-build-1-30-2025/openpli-oe-core/build/tmp/stamps/osmio4k-oe-linux-gnueabi/enigma-info/6`*

+ case $i in

+ for i in `basename /home/pli/builds/openpli-scarthgap-build-1-30-2025/openpli-oe-core/build/tmp/stamps/osmio4k-oe-linux-gnueabi/enigma-info/6`*
+ case $i in

+ for i in `basename /home/pli/builds/openpli-scarthgap-build-1-30-2025/openpli-oe-core/build/tmp/stamps/osmio4k-oe-linux-gnueabi/enigma-info/6`*

+ case $i in

+ for i in `basename /home/pli/builds/openpli-scarthgap-build-1-30-2025/openpli-oe-core/build/tmp/stamps/osmio4k-oe-linux-gnueabi/enigma-info/6`*

+ case $i in

+ for i in `basename /home/pli/builds/openpli-scarthgap-build-1-30-2025/openpli-oe-core/build/tmp/stamps/osmio4k-oe-linux-gnueabi/enigma-info/6`*

+ case $i in

+ for i in `basename /home/pli/builds/openpli-scarthgap-build-1-30-2025/openpli-oe-core/build/tmp/stamps/osmio4k-oe-linux-gnueabi/enigma-info/6`*

+ case $i in

+ for i in `basename /home/pli/builds/openpli-scarthgap-build-1-30-2025/openpli-oe-core/build/tmp/stamps/osmio4k-oe-linux-gnueabi/enigma-info/6`*

+ case $i in

+ for i in `basename /home/pli/builds/openpli-scarthgap-build-1-30-2025/openpli-oe-core/build/tmp/stamps/osmio4k-oe-linux-gnueabi/enigma-info/6`*

+ case $i in

+ for i in `basename /home/pli/builds/openpli-scarthgap-build-1-30-2025/openpli-oe-core/build/tmp/stamps/osmio4k-oe-linux-gnueabi/enigma-info/6`*

+ case $i in

+ for i in `basename /home/pli/builds/openpli-scarthgap-build-1-30-2025/openpli-oe-core/build/tmp/stamps/osmio4k-oe-linux-gnueabi/enigma-info/6`*
+ case $i in

+ for i in `basename /home/pli/builds/openpli-scarthgap-build-1-30-2025/openpli-oe-core/build/tmp/stamps/osmio4k-oe-linux-gnueabi/enigma-info/6`*

+ case $i in

+ for i in `basename /home/pli/builds/openpli-scarthgap-build-1-30-2025/openpli-oe-core/build/tmp/stamps/osmio4k-oe-linux-gnueabi/enigma-info/6`*

+ case $i in

+ for i in `basename /home/pli/builds/openpli-scarthgap-build-1-30-2025/openpli-oe-core/build/tmp/stamps/osmio4k-oe-linux-gnueabi/enigma-info/6`*

+ case $i in

+ for i in `basename /home/pli/builds/openpli-scarthgap-build-1-30-2025/openpli-oe-core/build/tmp/stamps/osmio4k-oe-linux-gnueabi/enigma-info/6`*

+ case $i in

+ for i in `basename /home/pli/builds/openpli-scarthgap-build-1-30-2025/openpli-oe-core/build/tmp/stamps/osmio4k-oe-linux-gnueabi/enigma-info/6`*

+ case $i in
+ for i in `basename /home/pli/builds/openpli-scarthgap-build-1-30-2025/openpli-oe-core/build/tmp/stamps/osmio4k-oe-linux-gnueabi/enigma-info/6`*

+ case $i in

+ for i in `basename /home/pli/builds/openpli-scarthgap-build-1-30-2025/openpli-oe-core/build/tmp/stamps/osmio4k-oe-linux-gnueabi/enigma-info/6`*

+ case $i in

+ for i in `basename /home/pli/builds/openpli-scarthgap-build-1-30-2025/openpli-oe-core/build/tmp/stamps/osmio4k-oe-linux-gnueabi/enigma-info/6`*

+ case $i in

+ for i in `basename /home/pli/builds/openpli-scarthgap-build-1-30-2025/openpli-oe-core/build/tmp/stamps/osmio4k-oe-linux-gnueabi/enigma-info/6`*

+ case $i in

+ for i in `basename /home/pli/builds/openpli-scarthgap-build-1-30-2025/openpli-oe-core/build/tmp/stamps/osmio4k-oe-linux-gnueabi/enigma-info/6`*
+ case $i in

+ for i in `basename /home/pli/builds/openpli-scarthgap-build-1-30-2025/openpli-oe-core/build/tmp/stamps/osmio4k-oe-linux-gnueabi/enigma-info/6`*

+ case $i in

+ for i in `basename /home/pli/builds/openpli-scarthgap-build-1-30-2025/openpli-oe-core/build/tmp/stamps/osmio4k-oe-linux-gnueabi/enigma-info/6`*

+ case $i in

+ for i in `basename /home/pli/builds/openpli-scarthgap-build-1-30-2025/openpli-oe-core/build/tmp/stamps/osmio4k-oe-linux-gnueabi/enigma-info/6`*

+ case $i in

+ for i in `basename /home/pli/builds/openpli-scarthgap-build-1-30-2025/openpli-oe-core/build/tmp/stamps/osmio4k-oe-linux-gnueabi/enigma-info/6`*

+ case $i in

+ for i in `basename /home/pli/builds/openpli-scarthgap-build-1-30-2025/openpli-oe-core/build/tmp/stamps/osmio4k-oe-linux-gnueabi/enigma-info/6`*

+ case $i in

+ for j in do_create_runtime_spdx do_create_spdx do_deploy_source_date_epoch do_package do_package_qa do_package_write_ipk do_packagedata do_populate_lic do_populate_sysroot do_recipe_qa do_shared_workdir

+ case $i in

+ for j in do_create_runtime_spdx do_create_spdx do_deploy_source_date_epoch do_package do_package_qa do_package_write_ipk do_packagedata do_populate_lic do_populate_sysroot do_recipe_qa do_shared_workdir

+ case $i in

+ for j in do_create_runtime_spdx do_create_spdx do_deploy_source_date_epoch do_package do_package_qa do_package_write_ipk do_packagedata do_populate_lic do_populate_sysroot do_recipe_qa do_shared_workdir

+ case $i in

+ for j in do_create_runtime_spdx do_create_spdx do_deploy_source_date_epoch do_package do_package_qa do_package_write_ipk do_packagedata do_populate_lic do_populate_sysroot do_recipe_qa do_shared_workdir

+ case $i in

+ for j in do_create_runtime_spdx do_create_spdx do_deploy_source_date_epoch do_package do_package_qa do_package_write_ipk do_packagedata do_populate_lic do_populate_sysroot do_recipe_qa do_shared_workdir

+ case $i in

++ echo 6.do_package_qa.13092616fe0026dbd0f4cbcc2eb45a495e29932fcd9966e0118324d80cfadb16

++ sed -e s#do_package_qa#do_package_qa_setscene#

+ mv 6.do_package_qa.13092616fe0026dbd0f4cbcc2eb45a495e29932fcd9966e0118324d80cfadb16 6.do_package_qa_setscene.13092616fe0026dbd0f4cbcc2eb45a495e29932fcd9966e0118324d80cfadb16

+ break

+ /home/pli/builds/openpli-scarthgap-build-1-30-2025/openpli-oe-core/build/tmp/hosttools/rm -f -- 6.do_package_qa.13092616fe0026dbd0f4cbcc2eb45a495e29932fcd9966e0118324d80cfadb16

+ for i in `basename /home/pli/builds/openpli-scarthgap-build-1-30-2025/openpli-oe-core/build/tmp/stamps/osmio4k-oe-linux-gnueabi/enigma-info/6`*

+ case $i in

+ for i in `basename /home/pli/builds/openpli-scarthgap-build-1-30-2025/openpli-oe-core/build/tmp/stamps/osmio4k-oe-linux-gnueabi/enigma-info/6`*

+ case $i in

+ for i in `basename /home/pli/builds/openpli-scarthgap-build-1-30-2025/openpli-oe-core/build/tmp/stamps/osmio4k-oe-linux-gnueabi/enigma-info/6`*
+ case $i in

+ for i in `basename /home/pli/builds/openpli-scarthgap-build-1-30-2025/openpli-oe-core/build/tmp/stamps/osmio4k-oe-linux-gnueabi/enigma-info/6`*

+ case $i in

+ for i in `basename /home/pli/builds/openpli-scarthgap-build-1-30-2025/openpli-oe-core/build/tmp/stamps/osmio4k-oe-linux-gnueabi/enigma-info/6`*

+ case $i in

+ for i in `basename /home/pli/builds/openpli-scarthgap-build-1-30-2025/openpli-oe-core/build/tmp/stamps/osmio4k-oe-linux-gnueabi/enigma-info/6`*
+ case $i in

+ for i in `basename /home/pli/builds/openpli-scarthgap-build-1-30-2025/openpli-oe-core/build/tmp/stamps/osmio4k-oe-linux-gnueabi/enigma-info/6`*

+ case $i in

+ for i in `basename /home/pli/builds/openpli-scarthgap-build-1-30-2025/openpli-oe-core/build/tmp/stamps/osmio4k-oe-linux-gnueabi/enigma-info/6`*

+ case $i in
+ for i in `basename /home/pli/builds/openpli-scarthgap-build-1-30-2025/openpli-oe-core/build/tmp/stamps/osmio4k-oe-linux-gnueabi/enigma-info/6`*

+ case $i in

+ for i in `basename /home/pli/builds/openpli-scarthgap-build-1-30-2025/openpli-oe-core/build/tmp/stamps/osmio4k-oe-linux-gnueabi/enigma-info/6`*

+ case $i in

+ for i in `basename /home/pli/builds/openpli-scarthgap-build-1-30-2025/openpli-oe-core/build/tmp/stamps/osmio4k-oe-linux-gnueabi/enigma-info/6`*
+ case $i in

+ for i in `basename /home/pli/builds/openpli-scarthgap-build-1-30-2025/openpli-oe-core/build/tmp/stamps/osmio4k-oe-linux-gnueabi/enigma-info/6`*

+ case $i in

+ for i in `basename /home/pli/builds/openpli-scarthgap-build-1-30-2025/openpli-oe-core/build/tmp/stamps/osmio4k-oe-linux-gnueabi/enigma-info/6`*

+ case $i in

+ for i in `basename /home/pli/builds/openpli-scarthgap-build-1-30-2025/openpli-oe-core/build/tmp/stamps/osmio4k-oe-linux-gnueabi/enigma-info/6`*
+ case $i in

+ for i in `basename /home/pli/builds/openpli-scarthgap-build-1-30-2025/openpli-oe-core/build/tmp/stamps/osmio4k-oe-linux-gnueabi/enigma-info/6`*

+ case $i in

+ for i in `basename /home/pli/builds/openpli-scarthgap-build-1-30-2025/openpli-oe-core/build/tmp/stamps/osmio4k-oe-linux-gnueabi/enigma-info/6`*

+ case $i in

+ for i in `basename /home/pli/builds/openpli-scarthgap-build-1-30-2025/openpli-oe-core/build/tmp/stamps/osmio4k-oe-linux-gnueabi/enigma-info/6`*
+ case $i in

+ for i in `basename /home/pli/builds/openpli-scarthgap-build-1-30-2025/openpli-oe-core/build/tmp/stamps/osmio4k-oe-linux-gnueabi/enigma-info/6`*

+ case $i in

+ for i in `basename /home/pli/builds/openpli-scarthgap-build-1-30-2025/openpli-oe-core/build/tmp/stamps/osmio4k-oe-linux-gnueabi/enigma-info/6`*

+ case $i in
+ for i in `basename /home/pli/builds/openpli-scarthgap-build-1-30-2025/openpli-oe-core/build/tmp/stamps/osmio4k-oe-linux-gnueabi/enigma-info/6`*

+ case $i in

+ for i in `basename /home/pli/builds/openpli-scarthgap-build-1-30-2025/openpli-oe-core/build/tmp/stamps/osmio4k-oe-linux-gnueabi/enigma-info/6`*

+ case $i in

+ for i in `basename /home/pli/builds/openpli-scarthgap-build-1-30-2025/openpli-oe-core/build/tmp/stamps/osmio4k-oe-linux-gnueabi/enigma-info/6`*

+ case $i in
+ for i in `basename /home/pli/builds/openpli-scarthgap-build-1-30-2025/openpli-oe-core/build/tmp/stamps/osmio4k-oe-linux-gnueabi/enigma-info/6`*

+ case $i in

+ for i in `basename /home/pli/builds/openpli-scarthgap-build-1-30-2025/openpli-oe-core/build/tmp/stamps/osmio4k-oe-linux-gnueabi/enigma-info/6`*

+ case $i in

+ for i in `basename /home/pli/builds/openpli-scarthgap-build-1-30-2025/openpli-oe-core/build/tmp/stamps/osmio4k-oe-linux-gnueabi/enigma-info/6`*

+ case $i in
+ for i in `basename /home/pli/builds/openpli-scarthgap-build-1-30-2025/openpli-oe-core/build/tmp/stamps/osmio4k-oe-linux-gnueabi/enigma-info/6`*

+ case $i in

+ for i in `basename /home/pli/builds/openpli-scarthgap-build-1-30-2025/openpli-oe-core/build/tmp/stamps/osmio4k-oe-linux-gnueabi/enigma-info/6`*

+ case $i in

+ for i in `basename /home/pli/builds/openpli-scarthgap-build-1-30-2025/openpli-oe-core/build/tmp/stamps/osmio4k-oe-linux-gnueabi/enigma-info/6`*
+ case $i in

+ for i in `basename /home/pli/builds/openpli-scarthgap-build-1-30-2025/openpli-oe-core/build/tmp/stamps/osmio4k-oe-linux-gnueabi/enigma-info/6`*

+ case $i in

+ for i in `basename /home/pli/builds/openpli-scarthgap-build-1-30-2025/openpli-oe-core/build/tmp/stamps/osmio4k-oe-linux-gnueabi/enigma-info/6`*

+ case $i in
+ for i in `basename /home/pli/builds/openpli-scarthgap-build-1-30-2025/openpli-oe-core/build/tmp/stamps/osmio4k-oe-linux-gnueabi/enigma-info/6`*

+ case $i in

+ for i in `basename /home/pli/builds/openpli-scarthgap-build-1-30-2025/openpli-oe-core/build/tmp/stamps/osmio4k-oe-linux-gnueabi/enigma-info/6`*

+ case $i in

+ for i in `basename /home/pli/builds/openpli-scarthgap-build-1-30-2025/openpli-oe-core/build/tmp/stamps/osmio4k-oe-linux-gnueabi/enigma-info/6`*

+ case $i in
+ for i in `basename /home/pli/builds/openpli-scarthgap-build-1-30-2025/openpli-oe-core/build/tmp/stamps/osmio4k-oe-linux-gnueabi/enigma-info/6`*

+ case $i in

+ for i in `basename /home/pli/builds/openpli-scarthgap-build-1-30-2025/openpli-oe-core/build/tmp/stamps/osmio4k-oe-linux-gnueabi/enigma-info/6`*

+ case $i in

+ for i in `basename /home/pli/builds/openpli-scarthgap-build-1-30-2025/openpli-oe-core/build/tmp/stamps/osmio4k-oe-linux-gnueabi/enigma-info/6`*
+ case $i in

+ for i in `basename /home/pli/builds/openpli-scarthgap-build-1-30-2025/openpli-oe-core/build/tmp/stamps/osmio4k-oe-linux-gnueabi/enigma-info/6`*

+ case $i in

+ for i in `basename /home/pli/builds/openpli-scarthgap-build-1-30-2025/openpli-oe-core/build/tmp/stamps/osmio4k-oe-linux-gnueabi/enigma-info/6`*

+ case $i in

+ for i in `basename /home/pli/builds/openpli-scarthgap-build-1-30-2025/openpli-oe-core/build/tmp/stamps/osmio4k-oe-linux-gnueabi/enigma-info/6`*
+ case $i in

+ for i in `basename /home/pli/builds/openpli-scarthgap-build-1-30-2025/openpli-oe-core/build/tmp/stamps/osmio4k-oe-linux-gnueabi/enigma-info/6`*

+ case $i in

+ for i in `basename /home/pli/builds/openpli-scarthgap-build-1-30-2025/openpli-oe-core/build/tmp/stamps/osmio4k-oe-linux-gnueabi/enigma-info/6`*

+ case $i in

+ for i in `basename /home/pli/builds/openpli-scarthgap-build-1-30-2025/openpli-oe-core/build/tmp/stamps/osmio4k-oe-linux-gnueabi/enigma-info/6`*
+ case $i in

+ for i in `basename /home/pli/builds/openpli-scarthgap-build-1-30-2025/openpli-oe-core/build/tmp/stamps/osmio4k-oe-linux-gnueabi/enigma-info/6`*

+ case $i in

+ for i in `basename /home/pli/builds/openpli-scarthgap-build-1-30-2025/openpli-oe-core/build/tmp/stamps/osmio4k-oe-linux-gnueabi/enigma-info/6`*

+ case $i in
+ for i in `basename /home/pli/builds/openpli-scarthgap-build-1-30-2025/openpli-oe-core/build/tmp/stamps/osmio4k-oe-linux-gnueabi/enigma-info/6`*

+ case $i in

+ for i in `basename /home/pli/builds/openpli-scarthgap-build-1-30-2025/openpli-oe-core/build/tmp/stamps/osmio4k-oe-linux-gnueabi/enigma-info/6`*

+ case $i in

+ for i in `basename /home/pli/builds/openpli-scarthgap-build-1-30-2025/openpli-oe-core/build/tmp/stamps/osmio4k-oe-linux-gnueabi/enigma-info/6`*

+ case $i in
+ for i in `basename /home/pli/builds/openpli-scarthgap-build-1-30-2025/openpli-oe-core/build/tmp/stamps/osmio4k-oe-linux-gnueabi/enigma-info/6`*

+ case $i in

+ for i in `basename /home/pli/builds/openpli-scarthgap-build-1-30-2025/openpli-oe-core/build/tmp/stamps/osmio4k-oe-linux-gnueabi/enigma-info/6`*

+ case $i in

+ for i in `basename /home/pli/builds/openpli-scarthgap-build-1-30-2025/openpli-oe-core/build/tmp/stamps/osmio4k-oe-linux-gnueabi/enigma-info/6`*
+ case $i in

+ for i in `basename /home/pli/builds/openpli-scarthgap-build-1-30-2025/openpli-oe-core/build/tmp/stamps/osmio4k-oe-linux-gnueabi/enigma-info/6`*

+ case $i in

+ for i in `basename /home/pli/builds/openpli-scarthgap-build-1-30-2025/openpli-oe-core/build/tmp/stamps/osmio4k-oe-linux-gnueabi/enigma-info/6`*

+ case $i in

+ for i in `basename /home/pli/builds/openpli-scarthgap-build-1-30-2025/openpli-oe-core/build/tmp/stamps/osmio4k-oe-linux-gnueabi/enigma-info/6`*
+ case $i in

+ for i in `basename /home/pli/builds/openpli-scarthgap-build-1-30-2025/openpli-oe-core/build/tmp/stamps/osmio4k-oe-linux-gnueabi/enigma-info/6`*

+ case $i in

+ for i in `basename /home/pli/builds/openpli-scarthgap-build-1-30-2025/openpli-oe-core/build/tmp/stamps/osmio4k-oe-linux-gnueabi/enigma-info/6`*

+ case $i in

+ for i in `basename /home/pli/builds/openpli-scarthgap-build-1-30-2025/openpli-oe-core/build/tmp/stamps/osmio4k-oe-linux-gnueabi/enigma-info/6`*

+ case $i in
+ for i in `basename /home/pli/builds/openpli-scarthgap-build-1-30-2025/openpli-oe-core/build/tmp/stamps/osmio4k-oe-linux-gnueabi/enigma-info/6`*

+ case $i in

+ for i in `basename /home/pli/builds/openpli-scarthgap-build-1-30-2025/openpli-oe-core/build/tmp/stamps/osmio4k-oe-linux-gnueabi/enigma-info/6`*

+ case $i in

+ for i in `basename /home/pli/builds/openpli-scarthgap-build-1-30-2025/openpli-oe-core/build/tmp/stamps/osmio4k-oe-linux-gnueabi/enigma-info/6`*

+ case $i in
+ for i in `basename /home/pli/builds/openpli-scarthgap-build-1-30-2025/openpli-oe-core/build/tmp/stamps/osmio4k-oe-linux-gnueabi/enigma-info/6`*

+ case $i in

+ for i in `basename /home/pli/builds/openpli-scarthgap-build-1-30-2025/openpli-oe-core/build/tmp/stamps/osmio4k-oe-linux-gnueabi/enigma-info/6`*

+ case $i in

+ for i in `basename /home/pli/builds/openpli-scarthgap-build-1-30-2025/openpli-oe-core/build/tmp/stamps/osmio4k-oe-linux-gnueabi/enigma-info/6`*
+ case $i in

+ for i in `basename /home/pli/builds/openpli-scarthgap-build-1-30-2025/openpli-oe-core/build/tmp/stamps/osmio4k-oe-linux-gnueabi/enigma-info/6`*

+ case $i in

+ for i in `basename /home/pli/builds/openpli-scarthgap-build-1-30-2025/openpli-oe-core/build/tmp/stamps/osmio4k-oe-linux-gnueabi/enigma-info/6`*

+ case $i in

+ for i in `basename /home/pli/builds/openpli-scarthgap-build-1-30-2025/openpli-oe-core/build/tmp/stamps/osmio4k-oe-linux-gnueabi/enigma-info/6`*
+ case $i in

+ for i in `basename /home/pli/builds/openpli-scarthgap-build-1-30-2025/openpli-oe-core/build/tmp/stamps/osmio4k-oe-linux-gnueabi/enigma-info/6`*

+ case $i in

+ for i in `basename /home/pli/builds/openpli-scarthgap-build-1-30-2025/openpli-oe-core/build/tmp/stamps/osmio4k-oe-linux-gnueabi/enigma-info/6`*

+ case $i in
+ for i in `basename /home/pli/builds/openpli-scarthgap-build-1-30-2025/openpli-oe-core/build/tmp/stamps/osmio4k-oe-linux-gnueabi/enigma-info/6`*

+ case $i in

+ for i in `basename /home/pli/builds/openpli-scarthgap-build-1-30-2025/openpli-oe-core/build/tmp/stamps/osmio4k-oe-linux-gnueabi/enigma-info/6`*

+ case $i in

+ for i in `basename /home/pli/builds/openpli-scarthgap-build-1-30-2025/openpli-oe-core/build/tmp/stamps/osmio4k-oe-linux-gnueabi/enigma-info/6`*

+ case $i in
+ for i in `basename /home/pli/builds/openpli-scarthgap-build-1-30-2025/openpli-oe-core/build/tmp/stamps/osmio4k-oe-linux-gnueabi/enigma-info/6`*

+ case $i in

+ for i in `basename /home/pli/builds/openpli-scarthgap-build-1-30-2025/openpli-oe-core/build/tmp/stamps/osmio4k-oe-linux-gnueabi/enigma-info/6`*

+ case $i in

+ for i in `basename /home/pli/builds/openpli-scarthgap-build-1-30-2025/openpli-oe-core/build/tmp/stamps/osmio4k-oe-linux-gnueabi/enigma-info/6`*

+ case $i in
+ for i in `basename /home/pli/builds/openpli-scarthgap-build-1-30-2025/openpli-oe-core/build/tmp/stamps/osmio4k-oe-linux-gnueabi/enigma-info/6`*

+ case $i in

+ for i in `basename /home/pli/builds/openpli-scarthgap-build-1-30-2025/openpli-oe-core/build/tmp/stamps/osmio4k-oe-linux-gnueabi/enigma-info/6`*

+ case $i in

+ for i in `basename /home/pli/builds/openpli-scarthgap-build-1-30-2025/openpli-oe-core/build/tmp/stamps/osmio4k-oe-linux-gnueabi/enigma-info/6`*

+ case $i in
+ for i in `basename /home/pli/builds/openpli-scarthgap-build-1-30-2025/openpli-oe-core/build/tmp/stamps/osmio4k-oe-linux-gnueabi/enigma-info/6`*

+ case $i in

+ for i in `basename /home/pli/builds/openpli-scarthgap-build-1-30-2025/openpli-oe-core/build/tmp/stamps/osmio4k-oe-linux-gnueabi/enigma-info/6`*

+ case $i in

+ for i in `basename /home/pli/builds/openpli-scarthgap-build-1-30-2025/openpli-oe-core/build/tmp/stamps/osmio4k-oe-linux-gnueabi/enigma-info/6`*
+ case $i in

+ for i in `basename /home/pli/builds/openpli-scarthgap-build-1-30-2025/openpli-oe-core/build/tmp/stamps/osmio4k-oe-linux-gnueabi/enigma-info/6`*

+ case $i in

+ for i in `basename /home/pli/builds/openpli-scarthgap-build-1-30-2025/openpli-oe-core/build/tmp/stamps/osmio4k-oe-linux-gnueabi/enigma-info/6`*

+ case $i in

+ for i in `basename /home/pli/builds/openpli-scarthgap-build-1-30-2025/openpli-oe-core/build/tmp/stamps/osmio4k-oe-linux-gnueabi/enigma-info/6`*
+ case $i in

+ for i in `basename /home/pli/builds/openpli-scarthgap-build-1-30-2025/openpli-oe-core/build/tmp/stamps/osmio4k-oe-linux-gnueabi/enigma-info/6`*

+ case $i in

+ for i in `basename /home/pli/builds/openpli-scarthgap-build-1-30-2025/openpli-oe-core/build/tmp/stamps/osmio4k-oe-linux-gnueabi/enigma-info/6`*

+ case $i in

+ for i in `basename /home/pli/builds/openpli-scarthgap-build-1-30-2025/openpli-oe-core/build/tmp/stamps/osmio4k-oe-linux-gnueabi/enigma-info/6`*

+ case $i in

+ for j in do_create_runtime_spdx do_create_spdx do_deploy_source_date_epoch do_package do_package_qa do_package_write_ipk do_packagedata do_populate_lic do_populate_sysroot do_recipe_qa do_shared_workdir

+ case $i in

+ for j in do_create_runtime_spdx do_create_spdx do_deploy_source_date_epoch do_package do_package_qa do_package_write_ipk do_packagedata do_populate_lic do_populate_sysroot do_recipe_qa do_shared_workdir
+ case $i in

+ for j in do_create_runtime_spdx do_create_spdx do_deploy_source_date_epoch do_package do_package_qa do_package_write_ipk do_packagedata do_populate_lic do_populate_sysroot do_recipe_qa do_shared_workdir

+ case $i in

+ for j in do_create_runtime_spdx do_create_spdx do_deploy_source_date_epoch do_package do_package_qa do_package_write_ipk do_packagedata do_populate_lic do_populate_sysroot do_recipe_qa do_shared_workdir

+ case $i in

+ for j in do_create_runtime_spdx do_create_spdx do_deploy_source_date_epoch do_package do_package_qa do_package_write_ipk do_packagedata do_populate_lic do_populate_sysroot do_recipe_qa do_shared_workdir
+ case $i in

+ for j in do_create_runtime_spdx do_create_spdx do_deploy_source_date_epoch do_package do_package_qa do_package_write_ipk do_packagedata do_populate_lic do_populate_sysroot do_recipe_qa do_shared_workdir

+ case $i in

+ for j in do_create_runtime_spdx do_create_spdx do_deploy_source_date_epoch do_package do_package_qa do_package_write_ipk do_packagedata do_populate_lic do_populate_sysroot do_recipe_qa do_shared_workdir

+ case $i in

+ for j in do_create_runtime_spdx do_create_spdx do_deploy_source_date_epoch do_package do_package_qa do_package_write_ipk do_packagedata do_populate_lic do_populate_sysroot do_recipe_qa do_shared_workdir
+ case $i in

+ for j in do_create_runtime_spdx do_create_spdx do_deploy_source_date_epoch do_package do_package_qa do_package_write_ipk do_packagedata do_populate_lic do_populate_sysroot do_recipe_qa do_shared_workdir

+ case $i in

++ echo 6.do_populate_sysroot.77fcff33573ca5d2147fbb737d2758baf068fbf2776528cea03f195d86267a06

++ sed -e s#do_populate_sysroot#do_populate_sysroot_setscene#

+ mv 6.do_populate_sysroot.77fcff33573ca5d2147fbb737d2758baf068fbf2776528cea03f195d86267a06 6.do_populate_sysroot_setscene.77fcff33573ca5d2147fbb737d2758baf068fbf2776528cea03f195d86267a06

+ break

+ /home/pli/builds/openpli-scarthgap-build-1-30-2025/openpli-oe-core/build/tmp/hosttools/rm -f -- 6.do_populate_sysroot.77fcff33573ca5d2147fbb737d2758baf068fbf2776528cea03f195d86267a06

+ for i in `basename /home/pli/builds/openpli-scarthgap-build-1-30-2025/openpli-oe-core/build/tmp/stamps/osmio4k-oe-linux-gnueabi/enigma-info/6`*

+ case $i in

+ for i in `basename /home/pli/builds/openpli-scarthgap-build-1-30-2025/openpli-oe-core/build/tmp/stamps/osmio4k-oe-linux-gnueabi/enigma-info/6`*

+ case $i in

+ for i in `basename /home/pli/builds/openpli-scarthgap-build-1-30-2025/openpli-oe-core/build/tmp/stamps/osmio4k-oe-linux-gnueabi/enigma-info/6`*

+ case $i in

+ for i in `basename /home/pli/builds/openpli-scarthgap-build-1-30-2025/openpli-oe-core/build/tmp/stamps/osmio4k-oe-linux-gnueabi/enigma-info/6`*
+ case $i in

+ for i in `basename /home/pli/builds/openpli-scarthgap-build-1-30-2025/openpli-oe-core/build/tmp/stamps/osmio4k-oe-linux-gnueabi/enigma-info/6`*

+ case $i in

+ for i in `basename /home/pli/builds/openpli-scarthgap-build-1-30-2025/openpli-oe-core/build/tmp/stamps/osmio4k-oe-linux-gnueabi/enigma-info/6`*

+ case $i in

+ for i in `basename /home/pli/builds/openpli-scarthgap-build-1-30-2025/openpli-oe-core/build/tmp/stamps/osmio4k-oe-linux-gnueabi/enigma-info/6`*

+ case $i in

+ for i in `basename /home/pli/builds/openpli-scarthgap-build-1-30-2025/openpli-oe-core/build/tmp/stamps/osmio4k-oe-linux-gnueabi/enigma-info/6`*

+ case $i in

+ for i in `basename /home/pli/builds/openpli-scarthgap-build-1-30-2025/openpli-oe-core/build/tmp/stamps/osmio4k-oe-linux-gnueabi/enigma-info/6`*

+ case $i in

+ for i in `basename /home/pli/builds/openpli-scarthgap-build-1-30-2025/openpli-oe-core/build/tmp/stamps/osmio4k-oe-linux-gnueabi/enigma-info/6`*

+ case $i in

+ for i in `basename /home/pli/builds/openpli-scarthgap-build-1-30-2025/openpli-oe-core/build/tmp/stamps/osmio4k-oe-linux-gnueabi/enigma-info/6`*

+ case $i in

+ for i in `basename /home/pli/builds/openpli-scarthgap-build-1-30-2025/openpli-oe-core/build/tmp/stamps/osmio4k-oe-linux-gnueabi/enigma-info/6`*

+ case $i in

+ for i in `basename /home/pli/builds/openpli-scarthgap-build-1-30-2025/openpli-oe-core/build/tmp/stamps/osmio4k-oe-linux-gnueabi/enigma-info/6`*

+ case $i in

+ for i in `basename /home/pli/builds/openpli-scarthgap-build-1-30-2025/openpli-oe-core/build/tmp/stamps/osmio4k-oe-linux-gnueabi/enigma-info/6`*

+ case $i in

+ for i in `basename /home/pli/builds/openpli-scarthgap-build-1-30-2025/openpli-oe-core/build/tmp/stamps/osmio4k-oe-linux-gnueabi/enigma-info/6`*

+ case $i in

+ for i in `basename /home/pli/builds/openpli-scarthgap-build-1-30-2025/openpli-oe-core/build/tmp/stamps/osmio4k-oe-linux-gnueabi/enigma-info/6`*
+ case $i in

+ for i in `basename /home/pli/builds/openpli-scarthgap-build-1-30-2025/openpli-oe-core/build/tmp/stamps/osmio4k-oe-linux-gnueabi/enigma-info/6`*

+ case $i in

+ for i in `basename /home/pli/builds/openpli-scarthgap-build-1-30-2025/openpli-oe-core/build/tmp/stamps/osmio4k-oe-linux-gnueabi/enigma-info/6`*

+ case $i in

+ for i in `basename /home/pli/builds/openpli-scarthgap-build-1-30-2025/openpli-oe-core/build/tmp/stamps/osmio4k-oe-linux-gnueabi/enigma-info/6`*

+ case $i in

+ for i in `basename /home/pli/builds/openpli-scarthgap-build-1-30-2025/openpli-oe-core/build/tmp/stamps/osmio4k-oe-linux-gnueabi/enigma-info/6`*

+ case $i in

+ for i in `basename /home/pli/builds/openpli-scarthgap-build-1-30-2025/openpli-oe-core/build/tmp/stamps/osmio4k-oe-linux-gnueabi/enigma-info/6`*

+ case $i in

+ for i in `basename /home/pli/builds/openpli-scarthgap-build-1-30-2025/openpli-oe-core/build/tmp/stamps/osmio4k-oe-linux-gnueabi/enigma-info/6`*

+ case $i in

+ for i in `basename /home/pli/builds/openpli-scarthgap-build-1-30-2025/openpli-oe-core/build/tmp/stamps/osmio4k-oe-linux-gnueabi/enigma-info/6`*
+ case $i in

+ for i in `basename /home/pli/builds/openpli-scarthgap-build-1-30-2025/openpli-oe-core/build/tmp/stamps/osmio4k-oe-linux-gnueabi/enigma-info/6`*

+ case $i in

+ for i in `basename /home/pli/builds/openpli-scarthgap-build-1-30-2025/openpli-oe-core/build/tmp/stamps/osmio4k-oe-linux-gnueabi/enigma-info/6`*

+ case $i in

+ for i in `basename /home/pli/builds/openpli-scarthgap-build-1-30-2025/openpli-oe-core/build/tmp/stamps/osmio4k-oe-linux-gnueabi/enigma-info/6`*

+ case $i in

+ for i in `basename /home/pli/builds/openpli-scarthgap-build-1-30-2025/openpli-oe-core/build/tmp/stamps/osmio4k-oe-linux-gnueabi/enigma-info/6`*

+ case $i in

+ for i in `basename /home/pli/builds/openpli-scarthgap-build-1-30-2025/openpli-oe-core/build/tmp/stamps/osmio4k-oe-linux-gnueabi/enigma-info/6`*

+ case $i in

+ for i in `basename /home/pli/builds/openpli-scarthgap-build-1-30-2025/openpli-oe-core/build/tmp/stamps/osmio4k-oe-linux-gnueabi/enigma-info/6`*

+ case $i in

+ for i in `basename /home/pli/builds/openpli-scarthgap-build-1-30-2025/openpli-oe-core/build/tmp/stamps/osmio4k-oe-linux-gnueabi/enigma-info/6`*

+ case $i in

+ for j in do_create_runtime_spdx do_create_spdx do_deploy_source_date_epoch do_package do_package_qa do_package_write_ipk do_packagedata do_populate_lic do_populate_sysroot do_recipe_qa do_shared_workdir

+ case $i in

+ for j in do_create_runtime_spdx do_create_spdx do_deploy_source_date_epoch do_package do_package_qa do_package_write_ipk do_packagedata do_populate_lic do_populate_sysroot do_recipe_qa do_shared_workdir

+ case $i in

+ for j in do_create_runtime_spdx do_create_spdx do_deploy_source_date_epoch do_package do_package_qa do_package_write_ipk do_packagedata do_populate_lic do_populate_sysroot do_recipe_qa do_shared_workdir

+ case $i in
+ for j in do_create_runtime_spdx do_create_spdx do_deploy_source_date_epoch do_package do_package_qa do_package_write_ipk do_packagedata do_populate_lic do_populate_sysroot do_recipe_qa do_shared_workdir

+ case $i in

+ for j in do_create_runtime_spdx do_create_spdx do_deploy_source_date_epoch do_package do_package_qa do_package_write_ipk do_packagedata do_populate_lic do_populate_sysroot do_recipe_qa do_shared_workdir

+ case $i in

+ for j in do_create_runtime_spdx do_create_spdx do_deploy_source_date_epoch do_package do_package_qa do_package_write_ipk do_packagedata do_populate_lic do_populate_sysroot do_recipe_qa do_shared_workdir

+ case $i in

+ for j in do_create_runtime_spdx do_create_spdx do_deploy_source_date_epoch do_package do_package_qa do_package_write_ipk do_packagedata do_populate_lic do_populate_sysroot do_recipe_qa do_shared_workdir

+ case $i in

+ for j in do_create_runtime_spdx do_create_spdx do_deploy_source_date_epoch do_package do_package_qa do_package_write_ipk do_packagedata do_populate_lic do_populate_sysroot do_recipe_qa do_shared_workdir

+ case $i in
+ for j in do_create_runtime_spdx do_create_spdx do_deploy_source_date_epoch do_package do_package_qa do_package_write_ipk do_packagedata do_populate_lic do_populate_sysroot do_recipe_qa do_shared_workdir

+ case $i in

+ for j in do_create_runtime_spdx do_create_spdx do_deploy_source_date_epoch do_package do_package_qa do_package_write_ipk do_packagedata do_populate_lic do_populate_sysroot do_recipe_qa do_shared_workdir

+ case $i in

+ for j in do_create_runtime_spdx do_create_spdx do_deploy_source_date_epoch do_package do_package_qa do_package_write_ipk do_packagedata do_populate_lic do_populate_sysroot do_recipe_qa do_shared_workdir

+ case $i in

+ /home/pli/builds/openpli-scarthgap-build-1-30-2025/openpli-oe-core/build/tmp/hosttools/rm -f -- 6.do_rm_work.da6abdc14f8db7aaec1a1733fded9310e9c59d1a6f3fbe54d9a71d4dc2e0740b

+ for i in `basename /home/pli/builds/openpli-scarthgap-build-1-30-2025/openpli-oe-core/build/tmp/stamps/osmio4k-oe-linux-gnueabi/enigma-info/6`*

+ case $i in

+ cd /home/pli/builds/openpli-scarthgap-build-1-30-2025/openpli-oe-core/build/tmp/work/osmio4k-oe-linux-gnueabi/enigma-info/6

+ for dir in *

+ '[' deploy-ipks = pseudo ']'

+ echo temp

+ grep -q -w deploy-ipks

+ /home/pli/builds/openpli-scarthgap-build-1-30-2025/openpli-oe-core/build/tmp/hosttools/rm -rf -- deploy-ipks

+ for dir in *

+ '[' enigma-info-6 = pseudo ']'

+ echo temp

+ grep -q -w enigma-info-6

+ /home/pli/builds/openpli-scarthgap-build-1-30-2025/openpli-oe-core/build/tmp/hosttools/rm -rf -- enigma-info-6

+ for dir in *

+ '[' image = pseudo ']'

+ echo temp

+ grep -q -w image

+ /home/pli/builds/openpli-scarthgap-build-1-30-2025/openpli-oe-core/build/tmp/hosttools/rm -rf -- image

+ for dir in *

+ '[' package = pseudo ']'

+ echo temp

+ grep -q -w package

+ /home/pli/builds/openpli-scarthgap-build-1-30-2025/openpli-oe-core/build/tmp/hosttools/rm -rf -- package

+ for dir in *

+ '[' packages-split = pseudo ']'

+ echo temp

+ grep -q -w packages-split

+ /home/pli/builds/openpli-scarthgap-build-1-30-2025/openpli-oe-core/build/tmp/hosttools/rm -rf -- packages-split

+ for dir in *

+ '[' pkgdata = pseudo ']'

+ echo temp

+ grep -q -w pkgdata

+ /home/pli/builds/openpli-scarthgap-build-1-30-2025/openpli-oe-core/build/tmp/hosttools/rm -rf -- pkgdata

+ for dir in *

+ '[' pkgdata-pdata-input = pseudo ']'

+ echo temp

+ grep -q -w pkgdata-pdata-input

+ /home/pli/builds/openpli-scarthgap-build-1-30-2025/openpli-oe-core/build/tmp/hosttools/rm -rf -- pkgdata-pdata-input

+ for dir in *

+ '[' pkgdata-sysroot = pseudo ']'

+ echo temp

+ grep -q -w pkgdata-sysroot

+ /home/pli/builds/openpli-scarthgap-build-1-30-2025/openpli-oe-core/build/tmp/hosttools/rm -rf -- pkgdata-sysroot

+ for dir in *

+ '[' pseudo = pseudo ']'
+ /home/pli/builds/openpli-scarthgap-build-1-30-2025/openpli-oe-core/build/tmp/hosttools/rm -rf -- pseudo

+ for dir in *

+ '[' recipe-sysroot = pseudo ']'

+ echo temp

+ grep -q -w recipe-sysroot

+ /home/pli/builds/openpli-scarthgap-build-1-30-2025/openpli-oe-core/build/tmp/hosttools/rm -rf -- recipe-sysroot

+ for dir in *

+ '[' recipe-sysroot-native = pseudo ']'

+ echo temp

+ grep -q -w recipe-sysroot-native

+ /home/pli/builds/openpli-scarthgap-build-1-30-2025/openpli-oe-core/build/tmp/hosttools/rm -rf -- recipe-sysroot-native

+ for dir in *

+ '[' spdx = pseudo ']'

+ echo temp

+ grep -q -w spdx

+ /home/pli/builds/openpli-scarthgap-build-1-30-2025/openpli-oe-core/build/tmp/hosttools/rm -rf -- spdx

+ for dir in *

+ '[' sysroot-destdir = pseudo ']'

+ echo temp

+ grep -q -w sysroot-destdir

+ /home/pli/builds/openpli-scarthgap-build-1-30-2025/openpli-oe-core/build/tmp/hosttools/rm -rf -- sysroot-destdir

+ for dir in *

+ '[' temp = pseudo ']'

+ echo temp

+ grep -q -w temp

+ ret=0

+ trap '' 0
+ exit 0

NOTE: recipe enigma-info-6-r0: task do_rm_work: Succeeded
autoreconf: running: libtoolize --copy --force

libtoolize: putting auxiliary files in '.'.
libtoolize: copying file './ltmain.sh'

libtoolize: putting macros in AC_CONFIG_MACRO_DIRS, 'm4'.
libtoolize: copying file 'm4/libtool.m4'

libtoolize: copying file 'm4/ltoptions.m4'

libtoolize: copying file 'm4/ltsugar.m4'

libtoolize: copying file 'm4/ltversion.m4'

libtoolize: copying file 'm4/lt~obsolete.m4'

autoreconf: configure.ac: not using Intltool
autoreconf: configure.ac: not using Gtkdoc
autoreconf: running: aclocal --system-acdir=/home/pli/builds/openpli-scarthgap-build-1-30-2025/openpli-oe-core/build/tmp/work/osmio4k-oe-linux-gnueabi/enigma2/3.12+git/recipe-sysroot/usr/share/aclocal/ --automake-acdir=/home/pli/builds/openpli-scarthgap-build-1-30-2025/openpli-oe-core/build/tmp/work/osmio4k-oe-linux-gnueabi/enigma2/3.12+git/recipe-sysroot-native/usr/share/aclocal-1.16 -I /home/pli/builds/openpli-scarthgap-build-1-30-2025/openpli-oe-core/build/tmp/work/osmio4k-oe-linux-gnueabi/enigma2/3.12+git/git/m4/ -I /home/pli/builds/openpli-scarthgap-build-1-30-2025/openpli-oe-core/build/tmp/work/osmio4k-oe-linux-gnueabi/enigma2/3.12+git/recipe-sysroot-native/usr/share/aclocal/ --force -I m4

autoreconf: running: /home/pli/builds/openpli-scarthgap-build-1-30-2025/openpli-oe-core/build/tmp/work/osmio4k-oe-linux-gnueabi/enigma2/3.12+git/recipe-sysroot-native/usr/bin/autoconf --include=/home/pli/builds/openpli-scarthgap-build-1-30-2025/openpli-oe-core/build/tmp/work/osmio4k-oe-linux-gnueabi/enigma2/3.12+git/git/m4/ --include=/home/pli/builds/openpli-scarthgap-build-1-30-2025/openpli-oe-core/build/tmp/work/osmio4k-oe-linux-gnueabi/enigma2/3.12+git/recipe-sysroot-native/usr/share/aclocal/ --force

autoreconf: running: /home/pli/builds/openpli-scarthgap-build-1-30-2025/openpli-oe-core/build/tmp/work/osmio4k-oe-linux-gnueabi/enigma2/3.12+git/recipe-sysroot-native/usr/bin/autoheader --include=/home/pli/builds/openpli-scarthgap-build-1-30-2025/openpli-oe-core/build/tmp/work/osmio4k-oe-linux-gnueabi/enigma2/3.12+git/git/m4/ --include=/home/pli/builds/openpli-scarthgap-build-1-30-2025/openpli-oe-core/build/tmp/work/osmio4k-oe-linux-gnueabi/enigma2/3.12+git/recipe-sysroot-native/usr/share/aclocal/ --force

autoreconf: running: automake --add-missing --copy --force-missing

configure.ac:9: installing './compile'

configure.ac:2: installing './missing'

lib/Makefile.am: installing './depcomp'

autoreconf: './install-sh' is updated

autoreconf: './config.sub' is updated

autoreconf: './config.guess' is updated

autoreconf: Leaving directory '.'

+ cd /home/pli/builds/openpli-scarthgap-build-1-30-2025/openpli-oe-core/build/tmp/work/osmio4k-oe-linux-gnueabi/enigma2/3.12+git/build

+ '[' -e /home/pli/builds/openpli-scarthgap-build-1-30-2025/openpli-oe-core/build/tmp/work/osmio4k-oe-linux-gnueabi/enigma2/3.12+git/git/configure ']'
+ oe_runconf

++ basename /home/pli/builds/openpli-scarthgap-build-1-30-2025/openpli-oe-core/build/tmp/work/osmio4k-oe-linux-gnueabi/enigma2/3.12+git/git/configure

+ cfgscript_name=configure

++ python3 -c 'import os; print(os.path.relpath(os.path.dirname('\''/home/pli/builds/openpli-scarthgap-build-1-30-2025/openpli-oe-core/build/tmp/work/osmio4k-oe-linux-gnueabi/enigma2/3.12+git/git/configure'\''), '\''.'\''))'

+ cfgscript=../git/configure

+ '[' -x ../git/configure ']'

+ bbnote 'Running ../git/configure  --build=x86_64-linux 		  --host=arm-oe-linux-gnueabi 		  --target=arm-oe-linux-gnueabi 		  --prefix=/usr 		  --exec_prefix=/usr 		  --bindir=/usr/bin 		  --sbindir=/usr/sbin 		  --libexecdir=/usr/libexec 		  --datadir=/usr/share 		  --sysconfdir=/etc 		  --sharedstatedir=/com 		  --localstatedir=/var 		  --libdir=/usr/lib 		  --includedir=/usr/include 		  --oldincludedir=/usr/include 		  --infodir=/usr/share/info 		  --mandir=/usr/share/man 		  --disable-silent-rules 		  --disable-dependency-tracking 		  --with-libtool-sysroot=/home/pli/builds/openpli-scarthgap-build-1-30-2025/openpli-oe-core/build/tmp/work/osmio4k-oe-linux-gnueabi/enigma2/3.12+git/recipe-sysroot 	--with-libsdl=no --with-boxtype=osmio4k 	--enable-dependency-tracking 	ac_cv_prog_c_openmp=-fopenmp 	 	--with-textlcd 	--with-7segment 	BUILD_SYS=x86_64-linux 	HOST_SYS=arm-oe-linux-gnueabi 	STAGING_INCDIR=/home/pli/builds/openpli-scarthgap-build-1-30-2025/openpli-oe-core/build/tmp/work/osmio4k-oe-linux-gnueabi/enigma2/3.12+git/recipe-sysroot/usr/include 	STAGING_LIBDIR=/home/pli/builds/openpli-scarthgap-build-1-30-2025/openpli-oe-core/build/tmp/work/osmio4k-oe-linux-gnueabi/enigma2/3.12+git/recipe-sysroot/usr/lib 	  '

+ '[' -p /home/pli/builds/openpli-scarthgap-build-1-30-2025/openpli-oe-core/build/tmp/work/osmio4k-oe-linux-gnueabi/enigma2/3.12+git/temp/fifo.2767257 ']'

+ printf '%b\0' 'bbnote Running ../git/configure  --build=x86_64-linux 		  --host=arm-oe-linux-gnueabi 		  --target=arm-oe-linux-gnueabi 		  --prefix=/usr 		  --exec_prefix=/usr 		  --bindir=/usr/bin 		  --sbindir=/usr/sbin 		  --libexecdir=/usr/libexec 		  --datadir=/usr/share 		  --sysconfdir=/etc 		  --sharedstatedir=/com 		  --localstatedir=/var 		  --libdir=/usr/lib 		  --includedir=/usr/include 		  --oldincludedir=/usr/include 		  --infodir=/usr/share/info 		  --mandir=/usr/share/man 		  --disable-silent-rules 		  --disable-dependency-tracking 		  --with-libtool-sysroot=/home/pli/builds/openpli-scarthgap-build-1-30-2025/openpli-oe-core/build/tmp/work/osmio4k-oe-linux-gnueabi/enigma2/3.12+git/recipe-sysroot 	--with-libsdl=no --with-boxtype=osmio4k 	--enable-dependency-tracking 	ac_cv_prog_c_openmp=-fopenmp 	 	--with-textlcd 	--with-7segment 	BUILD_SYS=x86_64-linux 	HOST_SYS=arm-oe-linux-gnueabi 	STAGING_INCDIR=/home/pli/builds/openpli-scarthgap-build-1-30-2025/openpli-oe-core/build/tmp/work/osmio4k-oe-linux-gnueabi/enigma2/3.12+git/recipe-sysroot/usr/include 	STAGING_LIBDIR=/home/pli/builds/openpli-scarthgap-build-1-30-2025/openpli-oe-core/build/tmp/work/osmio4k-oe-linux-gnueabi/enigma2/3.12+git/recipe-sysroot/usr/lib 	  '

NOTE: enigma2-3.12+git-r0 do_configure: Running ../git/configure  --build=x86_64-linux 		  --host=arm-oe-linux-gnueabi 		  --target=arm-oe-linux-gnueabi 		  --prefix=/usr 		  --exec_prefix=/usr 		  --bindir=/usr/bin 		  --sbindir=/usr/sbin 		  --libexecdir=/usr/libexec 		  --datadir=/usr/share 		  --sysconfdir=/etc 		  --sharedstatedir=/com 		  --localstatedir=/var 		  --libdir=/usr/lib 		  --includedir=/usr/include 		  --oldincludedir=/usr/include 		  --infodir=/usr/share/info 		  --mandir=/usr/share/man 		  --disable-silent-rules 		  --disable-dependency-tracking 		  --with-libtool-sysroot=/home/pli/builds/openpli-scarthgap-build-1-30-2025/openpli-oe-core/build/tmp/work/osmio4k-oe-linux-gnueabi/enigma2/3.12+git/recipe-sysroot 	--with-libsdl=no --with-boxtype=osmio4k 	--enable-dependency-tracking 	ac_cv_prog_c_openmp=-fopenmp 	 	--with-textlcd 	--with-7segment 	BUILD_SYS=x86_64-linux 	HOST_SYS=arm-oe-linux-gnueabi 	STAGING_INCDIR=/home/pli/builds/openpli-scarthgap-build-1-30-2025/openpli-oe-core/build/tmp/work/osmio4k-oe-linux-gnueabi/enigma2/3.12+git/recipe-sysroot/usr/include 	STAGING_LIBDIR=/home/pli/builds/openpli-scarthgap-build-1-30-2025/openpli-oe-core/build/tmp/work/osmio4k-oe-linux-gnueabi/enigma2/3.12+git/recipe-sysroot/usr/lib 	  
+ CONFIG_SHELL=/bin/bash
+ ../git/configure --build=x86_64-linux --host=arm-oe-linux-gnueabi --target=arm-oe-linux-gnueabi --prefix=/usr --exec_prefix=/usr --bindir=/usr/bin --sbindir=/usr/sbin --libexecdir=/usr/libexec --datadir=/usr/share --sysconfdir=/etc --sharedstatedir=/com --localstatedir=/var --libdir=/usr/lib --includedir=/usr/include --oldincludedir=/usr/include --infodir=/usr/share/info --mandir=/usr/share/man --disable-silent-rules --disable-dependency-tracking --with-libtool-sysroot=/home/pli/builds/openpli-scarthgap-build-1-30-2025/openpli-oe-core/build/tmp/work/osmio4k-oe-linux-gnueabi/enigma2/3.12+git/recipe-sysroot --with-libsdl=no --with-boxtype=osmio4k --enable-dependency-tracking ac_cv_prog_c_openmp=-fopenmp --with-textlcd --with-7segment BUILD_SYS=x86_64-linux HOST_SYS=arm-oe-linux-gnueabi STAGING_INCDIR=/home/pli/builds/openpli-scarthgap-build-1-30-2025/openpli-oe-core/build/tmp/work/osmio4k-oe-linux-gnueabi/enigma2/3.12+git/recipe-sysroot/usr/include STAGING_LIBDIR=/home/pli/builds/openpli-scarthgap-build-1-30-2025/openpli-oe-core/build/tmp/work/osmio4k-oe-linux-gnueabi/enigma2/3.12+git/recipe-sysroot/usr/lib

configure: loading site script /home/pli/builds/openpli-scarthgap-build-1-30-2025/openpli-oe-core/openembedded-core/meta/site/endian-little

configure: loading site script /home/pli/builds/openpli-scarthgap-build-1-30-2025/openpli-oe-core/openembedded-core/meta/site/arm-common

configure: loading site script /home/pli/builds/openpli-scarthgap-build-1-30-2025/openpli-oe-core/openembedded-core/meta/site/arm-32

configure: loading site script /home/pli/builds/openpli-scarthgap-build-1-30-2025/openpli-oe-core/openembedded-core/meta/site/common-linux

configure: loading site script /home/pli/builds/openpli-scarthgap-build-1-30-2025/openpli-oe-core/openembedded-core/meta/site/common-glibc

configure: loading site script /home/pli/builds/openpli-scarthgap-build-1-30-2025/openpli-oe-core/openembedded-core/meta/site/arm-linux

configure: loading site script /home/pli/builds/openpli-scarthgap-build-1-30-2025/openpli-oe-core/openembedded-core/meta/site/common

configure: loading site script /home/pli/builds/openpli-scarthgap-build-1-30-2025/openpli-oe-core/build/tmp/work/osmio4k-oe-linux-gnueabi/enigma2/3.12+git/recipe-sysroot/usr/share/arm-oe-linux-gnueabi_config_site.d/ncurses_config

checking for a BSD-compatible install... 
/home/pli/builds/openpli-scarthgap-build-1-30-2025/openpli-oe-core/build/tmp/hosttools/install -c

checking whether build environment is sane... 
yes

checking for arm-oe-linux-gnueabi-strip... arm-oe-linux-gnueabi-strip

checking for a race-free mkdir -p... 
/home/pli/builds/openpli-scarthgap-build-1-30-2025/openpli-oe-core/build/tmp/hosttools/mkdir -p

checking for gawk... 
gawk

checking whether make sets $(MAKE)... 
yes

checking whether make supports nested variables... 
yes

checking how to create a pax tar archive... 
gnutar

checking whether make supports nested variables... (cached) 
yes
checking whether make supports the include directive... 
yes (GNU style)

checking for arm-oe-linux-gnueabi-gcc... 
arm-oe-linux-gnueabi-gcc  -march=armv7ve -mfpu=neon-vfpv4 -mfloat-abi=hard -D_TIME_BITS=64 -D_FILE_OFFSET_BITS=64 --sysroot=/home/pli/builds/openpli-scarthgap-build-1-30-2025/openpli-oe-core/build/tmp/work/osmio4k-oe-linux-gnueabi/enigma2/3.12+git/recipe-sysroot

checking whether the C compiler works... 
yes
checking for C compiler default output file name... 
a.out

checking for suffix of executables... 


checking whether we are cross compiling... 
yes

checking for suffix of object files... 
o
checking whether the compiler supports GNU C... 
yes

checking whether arm-oe-linux-gnueabi-gcc  -march=armv7ve -mfpu=neon-vfpv4 -mfloat-abi=hard -D_TIME_BITS=64 -D_FILE_OFFSET_BITS=64 --sysroot=/home/pli/builds/openpli-scarthgap-build-1-30-2025/openpli-oe-core/build/tmp/work/osmio4k-oe-linux-gnueabi/enigma2/3.12+git/recipe-sysroot accepts -g... 
yes

checking for arm-oe-linux-gnueabi-gcc  -march=armv7ve -mfpu=neon-vfpv4 -mfloat-abi=hard -D_TIME_BITS=64 -D_FILE_OFFSET_BITS=64 --sysroot=/home/pli/builds/openpli-scarthgap-build-1-30-2025/openpli-oe-core/build/tmp/work/osmio4k-oe-linux-gnueabi/enigma2/3.12+git/recipe-sysroot option to enable C11 features... 
none needed

checking whether arm-oe-linux-gnueabi-gcc  -march=armv7ve -mfpu=neon-vfpv4 -mfloat-abi=hard -D_TIME_BITS=64 -D_FILE_OFFSET_BITS=64 --sysroot=/home/pli/builds/openpli-scarthgap-build-1-30-2025/openpli-oe-core/build/tmp/work/osmio4k-oe-linux-gnueabi/enigma2/3.12+git/recipe-sysroot understands -c and -o together... 
yes

checking dependency style of arm-oe-linux-gnueabi-gcc  -march=armv7ve -mfpu=neon-vfpv4 -mfloat-abi=hard -D_TIME_BITS=64 -D_FILE_OFFSET_BITS=64 --sysroot=/home/pli/builds/openpli-scarthgap-build-1-30-2025/openpli-oe-core/build/tmp/work/osmio4k-oe-linux-gnueabi/enigma2/3.12+git/recipe-sysroot... 
gcc3

checking for stdio.h... (cached) yes

checking for stdlib.h... (cached) yes

checking for string.h... (cached) 
yes

checking for inttypes.h... (cached) yes

checking for stdint.h... 
(cached) yes

checking for strings.h... (cached) yes

checking for sys/stat.h... (cached) 
yes

checking for sys/types.h... (cached) yes

checking for unistd.h... (cached) 
yes

checking for wchar.h... 
yes

checking for minix/config.h... 
no

checking for linux/dvb/version.h... 
yes

checking whether it is safe to define __EXTENSIONS__... 
yes
checking whether _XOPEN_SOURCE should be defined... 
no

checking for arm-oe-linux-gnueabi-gcc  -march=armv7ve -mfpu=neon-vfpv4 -mfloat-abi=hard -D_TIME_BITS=64 -D_FILE_OFFSET_BITS=64 --sysroot=/home/pli/builds/openpli-scarthgap-build-1-30-2025/openpli-oe-core/build/tmp/work/osmio4k-oe-linux-gnueabi/enigma2/3.12+git/recipe-sysroot option to enable large file support... 
none needed

checking for arm-oe-linux-gnueabi-gcc... (cached) arm-oe-linux-gnueabi-gcc  -march=armv7ve -mfpu=neon-vfpv4 -mfloat-abi=hard -D_TIME_BITS=64 -D_FILE_OFFSET_BITS=64 --sysroot=/home/pli/builds/openpli-scarthgap-build-1-30-2025/openpli-oe-core/build/tmp/work/osmio4k-oe-linux-gnueabi/enigma2/3.12+git/recipe-sysroot

checking whether the compiler supports GNU C... (cached) 
yes
checking whether arm-oe-linux-gnueabi-gcc  -march=armv7ve -mfpu=neon-vfpv4 -mfloat-abi=hard -D_TIME_BITS=64 -D_FILE_OFFSET_BITS=64 --sysroot=/home/pli/builds/openpli-scarthgap-build-1-30-2025/openpli-oe-core/build/tmp/work/osmio4k-oe-linux-gnueabi/enigma2/3.12+git/recipe-sysroot accepts -g... (cached) yes

checking for arm-oe-linux-gnueabi-gcc  -march=armv7ve -mfpu=neon-vfpv4 -mfloat-abi=hard -D_TIME_BITS=64 -D_FILE_OFFSET_BITS=64 --sysroot=/home/pli/builds/openpli-scarthgap-build-1-30-2025/openpli-oe-core/build/tmp/work/osmio4k-oe-linux-gnueabi/enigma2/3.12+git/recipe-sysroot option to enable C11 features... 
(cached) none needed

checking whether arm-oe-linux-gnueabi-gcc  -march=armv7ve -mfpu=neon-vfpv4 -mfloat-abi=hard -D_TIME_BITS=64 -D_FILE_OFFSET_BITS=64 --sysroot=/home/pli/builds/openpli-scarthgap-build-1-30-2025/openpli-oe-core/build/tmp/work/osmio4k-oe-linux-gnueabi/enigma2/3.12+git/recipe-sysroot understands -c and -o together... 
(cached) yes

checking dependency style of arm-oe-linux-gnueabi-gcc  -march=armv7ve -mfpu=neon-vfpv4 -mfloat-abi=hard -D_TIME_BITS=64 -D_FILE_OFFSET_BITS=64 --sysroot=/home/pli/builds/openpli-scarthgap-build-1-30-2025/openpli-oe-core/build/tmp/work/osmio4k-oe-linux-gnueabi/enigma2/3.12+git/recipe-sysroot... 
(cached) gcc3

checking whether the compiler supports GNU C++... 
yes

checking whether arm-oe-linux-gnueabi-g++  -march=armv7ve -mfpu=neon-vfpv4 -mfloat-abi=hard -D_TIME_BITS=64 -D_FILE_OFFSET_BITS=64 --sysroot=/home/pli/builds/openpli-scarthgap-build-1-30-2025/openpli-oe-core/build/tmp/work/osmio4k-oe-linux-gnueabi/enigma2/3.12+git/recipe-sysroot accepts -g... 
yes

checking for arm-oe-linux-gnueabi-g++  -march=armv7ve -mfpu=neon-vfpv4 -mfloat-abi=hard -D_TIME_BITS=64 -D_FILE_OFFSET_BITS=64 --sysroot=/home/pli/builds/openpli-scarthgap-build-1-30-2025/openpli-oe-core/build/tmp/work/osmio4k-oe-linux-gnueabi/enigma2/3.12+git/recipe-sysroot option to enable C++11 features... 
none needed

checking dependency style of arm-oe-linux-gnueabi-g++  -march=armv7ve -mfpu=neon-vfpv4 -mfloat-abi=hard -D_TIME_BITS=64 -D_FILE_OFFSET_BITS=64 --sysroot=/home/pli/builds/openpli-scarthgap-build-1-30-2025/openpli-oe-core/build/tmp/work/osmio4k-oe-linux-gnueabi/enigma2/3.12+git/recipe-sysroot... 
gcc3

checking build system type... 
x86_64-pc-linux-gnu

checking host system type... 
arm-oe-linux-gnueabi

checking how to print strings... 
printf

checking for a sed that does not truncate output... 
(cached) sed

checking for grep that handles long lines and -e... 
/home/pli/builds/openpli-scarthgap-build-1-30-2025/openpli-oe-core/build/tmp/hosttools/grep

checking for egrep... 
/home/pli/builds/openpli-scarthgap-build-1-30-2025/openpli-oe-core/build/tmp/hosttools/grep -E

checking for fgrep... 
/home/pli/builds/openpli-scarthgap-build-1-30-2025/openpli-oe-core/build/tmp/hosttools/grep -F

checking for ld used by arm-oe-linux-gnueabi-gcc  -march=armv7ve -mfpu=neon-vfpv4 -mfloat-abi=hard -D_TIME_BITS=64 -D_FILE_OFFSET_BITS=64 --sysroot=/home/pli/builds/openpli-scarthgap-build-1-30-2025/openpli-oe-core/build/tmp/work/osmio4k-oe-linux-gnueabi/enigma2/3.12+git/recipe-sysroot... 
arm-oe-linux-gnueabi-ld --sysroot=/home/pli/builds/openpli-scarthgap-build-1-30-2025/openpli-oe-core/build/tmp/work/osmio4k-oe-linux-gnueabi/enigma2/3.12+git/recipe-sysroot 

checking if the linker (arm-oe-linux-gnueabi-ld --sysroot=/home/pli/builds/openpli-scarthgap-build-1-30-2025/openpli-oe-core/build/tmp/work/osmio4k-oe-linux-gnueabi/enigma2/3.12+git/recipe-sysroot ) is GNU ld... 
yes
checking for BSD- or MS-compatible name lister (nm)... 
arm-oe-linux-gnueabi-gcc-nm

checking the name lister (arm-oe-linux-gnueabi-gcc-nm) interface... 
BSD nm
checking whether ln -s works... 
yes
checking the maximum length of command line arguments... 
1572864

checking how to convert x86_64-pc-linux-gnu file names to arm-oe-linux-gnueabi format... 
func_convert_file_noop
checking how to convert x86_64-pc-linux-gnu file names to toolchain format... 
func_convert_file_noop
checking for arm-oe-linux-gnueabi-ld --sysroot=/home/pli/builds/openpli-scarthgap-build-1-30-2025/openpli-oe-core/build/tmp/work/osmio4k-oe-linux-gnueabi/enigma2/3.12+git/recipe-sysroot  option to reload object files... 
-r

checking for arm-oe-linux-gnueabi-file... 
no

checking for file... 
file

checking for arm-oe-linux-gnueabi-objdump... 
configure: WARNING: using cross tools not prefixed with host triplet

arm-oe-linux-gnueabi-objdump
checking how to recognize dependent libraries... 
pass_all

checking for arm-oe-linux-gnueabi-dlltool... 
no

checking for dlltool... 
no

checking how to associate runtime and link libraries... printf %s\n

checking for arm-oe-linux-gnueabi-ar... 
arm-oe-linux-gnueabi-gcc-ar

checking for archiver @FILE support... 
@

checking for arm-oe-linux-gnueabi-strip... (cached) arm-oe-linux-gnueabi-strip

checking for arm-oe-linux-gnueabi-ranlib... arm-oe-linux-gnueabi-gcc-ranlib

checking command to parse arm-oe-linux-gnueabi-gcc-nm output from arm-oe-linux-gnueabi-gcc  -march=armv7ve -mfpu=neon-vfpv4 -mfloat-abi=hard -D_TIME_BITS=64 -D_FILE_OFFSET_BITS=64 --sysroot=/home/pli/builds/openpli-scarthgap-build-1-30-2025/openpli-oe-core/build/tmp/work/osmio4k-oe-linux-gnueabi/enigma2/3.12+git/recipe-sysroot object... 
ok

checking for sysroot... 
/home/pli/builds/openpli-scarthgap-build-1-30-2025/openpli-oe-core/build/tmp/work/osmio4k-oe-linux-gnueabi/enigma2/3.12+git/recipe-sysroot
checking for a working dd... 
/home/pli/builds/openpli-scarthgap-build-1-30-2025/openpli-oe-core/build/tmp/hosttools/dd
checking how to truncate binary pipes... 
/home/pli/builds/openpli-scarthgap-build-1-30-2025/openpli-oe-core/build/tmp/hosttools/dd bs=4096 count=1

checking for arm-oe-linux-gnueabi-mt... 
no

checking for mt... 
no

checking if : is a manifest tool... 
no

checking for dlfcn.h... 
yes

checking for objdir... 
.libs

checking if arm-oe-linux-gnueabi-gcc  -march=armv7ve -mfpu=neon-vfpv4 -mfloat-abi=hard -D_TIME_BITS=64 -D_FILE_OFFSET_BITS=64 --sysroot=/home/pli/builds/openpli-scarthgap-build-1-30-2025/openpli-oe-core/build/tmp/work/osmio4k-oe-linux-gnueabi/enigma2/3.12+git/recipe-sysroot supports -fno-rtti -fno-exceptions... 
no

checking for arm-oe-linux-gnueabi-gcc  -march=armv7ve -mfpu=neon-vfpv4 -mfloat-abi=hard -D_TIME_BITS=64 -D_FILE_OFFSET_BITS=64 --sysroot=/home/pli/builds/openpli-scarthgap-build-1-30-2025/openpli-oe-core/build/tmp/work/osmio4k-oe-linux-gnueabi/enigma2/3.12+git/recipe-sysroot option to produce PIC... -fPIC -DPIC
checking if arm-oe-linux-gnueabi-gcc  -march=armv7ve -mfpu=neon-vfpv4 -mfloat-abi=hard -D_TIME_BITS=64 -D_FILE_OFFSET_BITS=64 --sysroot=/home/pli/builds/openpli-scarthgap-build-1-30-2025/openpli-oe-core/build/tmp/work/osmio4k-oe-linux-gnueabi/enigma2/3.12+git/recipe-sysroot PIC flag -fPIC -DPIC works... 
yes

checking if arm-oe-linux-gnueabi-gcc  -march=armv7ve -mfpu=neon-vfpv4 -mfloat-abi=hard -D_TIME_BITS=64 -D_FILE_OFFSET_BITS=64 --sysroot=/home/pli/builds/openpli-scarthgap-build-1-30-2025/openpli-oe-core/build/tmp/work/osmio4k-oe-linux-gnueabi/enigma2/3.12+git/recipe-sysroot static flag -static works... 
no
checking if arm-oe-linux-gnueabi-gcc  -march=armv7ve -mfpu=neon-vfpv4 -mfloat-abi=hard -D_TIME_BITS=64 -D_FILE_OFFSET_BITS=64 --sysroot=/home/pli/builds/openpli-scarthgap-build-1-30-2025/openpli-oe-core/build/tmp/work/osmio4k-oe-linux-gnueabi/enigma2/3.12+git/recipe-sysroot supports -c -o file.o... 
yes
checking if arm-oe-linux-gnueabi-gcc  -march=armv7ve -mfpu=neon-vfpv4 -mfloat-abi=hard -D_TIME_BITS=64 -D_FILE_OFFSET_BITS=64 --sysroot=/home/pli/builds/openpli-scarthgap-build-1-30-2025/openpli-oe-core/build/tmp/work/osmio4k-oe-linux-gnueabi/enigma2/3.12+git/recipe-sysroot supports -c -o file.o... (cached) 
yes
checking whether the arm-oe-linux-gnueabi-gcc  -march=armv7ve -mfpu=neon-vfpv4 -mfloat-abi=hard -D_TIME_BITS=64 -D_FILE_OFFSET_BITS=64 --sysroot=/home/pli/builds/openpli-scarthgap-build-1-30-2025/openpli-oe-core/build/tmp/work/osmio4k-oe-linux-gnueabi/enigma2/3.12+git/recipe-sysroot linker (arm-oe-linux-gnueabi-ld --sysroot=/home/pli/builds/openpli-scarthgap-build-1-30-2025/openpli-oe-core/build/tmp/work/osmio4k-oe-linux-gnueabi/enigma2/3.12+git/recipe-sysroot ) supports shared libraries... 
yes

checking whether -lc should be explicitly linked in... 
no
checking dynamic linker characteristics... 
GNU/Linux ld.so

checking how to hardcode library paths into programs... immediate
checking whether stripping libraries is possible... 
yes

checking if libtool supports shared libraries... yes
checking whether to build shared libraries... yes

checking whether to build static libraries... yes

checking how to run the C++ preprocessor... 
arm-oe-linux-gnueabi-g++  -march=armv7ve -mfpu=neon-vfpv4 -mfloat-abi=hard -D_TIME_BITS=64 -D_FILE_OFFSET_BITS=64 --sysroot=/home/pli/builds/openpli-scarthgap-build-1-30-2025/openpli-oe-core/build/tmp/work/osmio4k-oe-linux-gnueabi/enigma2/3.12+git/recipe-sysroot -E

checking for ld used by arm-oe-linux-gnueabi-g++  -march=armv7ve -mfpu=neon-vfpv4 -mfloat-abi=hard -D_TIME_BITS=64 -D_FILE_OFFSET_BITS=64 --sysroot=/home/pli/builds/openpli-scarthgap-build-1-30-2025/openpli-oe-core/build/tmp/work/osmio4k-oe-linux-gnueabi/enigma2/3.12+git/recipe-sysroot... 
arm-oe-linux-gnueabi-ld --sysroot=/home/pli/builds/openpli-scarthgap-build-1-30-2025/openpli-oe-core/build/tmp/work/osmio4k-oe-linux-gnueabi/enigma2/3.12+git/recipe-sysroot 
checking if the linker (arm-oe-linux-gnueabi-ld --sysroot=/home/pli/builds/openpli-scarthgap-build-1-30-2025/openpli-oe-core/build/tmp/work/osmio4k-oe-linux-gnueabi/enigma2/3.12+git/recipe-sysroot ) is GNU ld... 
yes

checking whether the arm-oe-linux-gnueabi-g++  -march=armv7ve -mfpu=neon-vfpv4 -mfloat-abi=hard -D_TIME_BITS=64 -D_FILE_OFFSET_BITS=64 --sysroot=/home/pli/builds/openpli-scarthgap-build-1-30-2025/openpli-oe-core/build/tmp/work/osmio4k-oe-linux-gnueabi/enigma2/3.12+git/recipe-sysroot linker (arm-oe-linux-gnueabi-ld --sysroot=/home/pli/builds/openpli-scarthgap-build-1-30-2025/openpli-oe-core/build/tmp/work/osmio4k-oe-linux-gnueabi/enigma2/3.12+git/recipe-sysroot ) supports shared libraries... 
yes

checking for arm-oe-linux-gnueabi-g++  -march=armv7ve -mfpu=neon-vfpv4 -mfloat-abi=hard -D_TIME_BITS=64 -D_FILE_OFFSET_BITS=64 --sysroot=/home/pli/builds/openpli-scarthgap-build-1-30-2025/openpli-oe-core/build/tmp/work/osmio4k-oe-linux-gnueabi/enigma2/3.12+git/recipe-sysroot option to produce PIC... -fPIC -DPIC

checking if arm-oe-linux-gnueabi-g++  -march=armv7ve -mfpu=neon-vfpv4 -mfloat-abi=hard -D_TIME_BITS=64 -D_FILE_OFFSET_BITS=64 --sysroot=/home/pli/builds/openpli-scarthgap-build-1-30-2025/openpli-oe-core/build/tmp/work/osmio4k-oe-linux-gnueabi/enigma2/3.12+git/recipe-sysroot PIC flag -fPIC -DPIC works... 
yes

checking if arm-oe-linux-gnueabi-g++  -march=armv7ve -mfpu=neon-vfpv4 -mfloat-abi=hard -D_TIME_BITS=64 -D_FILE_OFFSET_BITS=64 --sysroot=/home/pli/builds/openpli-scarthgap-build-1-30-2025/openpli-oe-core/build/tmp/work/osmio4k-oe-linux-gnueabi/enigma2/3.12+git/recipe-sysroot static flag -static works... 
no

checking if arm-oe-linux-gnueabi-g++  -march=armv7ve -mfpu=neon-vfpv4 -mfloat-abi=hard -D_TIME_BITS=64 -D_FILE_OFFSET_BITS=64 --sysroot=/home/pli/builds/openpli-scarthgap-build-1-30-2025/openpli-oe-core/build/tmp/work/osmio4k-oe-linux-gnueabi/enigma2/3.12+git/recipe-sysroot supports -c -o file.o... 
yes
checking if arm-oe-linux-gnueabi-g++  -march=armv7ve -mfpu=neon-vfpv4 -mfloat-abi=hard -D_TIME_BITS=64 -D_FILE_OFFSET_BITS=64 --sysroot=/home/pli/builds/openpli-scarthgap-build-1-30-2025/openpli-oe-core/build/tmp/work/osmio4k-oe-linux-gnueabi/enigma2/3.12+git/recipe-sysroot supports -c -o file.o... 
(cached) yes
checking whether the arm-oe-linux-gnueabi-g++  -march=armv7ve -mfpu=neon-vfpv4 -mfloat-abi=hard -D_TIME_BITS=64 -D_FILE_OFFSET_BITS=64 --sysroot=/home/pli/builds/openpli-scarthgap-build-1-30-2025/openpli-oe-core/build/tmp/work/osmio4k-oe-linux-gnueabi/enigma2/3.12+git/recipe-sysroot linker (arm-oe-linux-gnueabi-ld --sysroot=/home/pli/builds/openpli-scarthgap-build-1-30-2025/openpli-oe-core/build/tmp/work/osmio4k-oe-linux-gnueabi/enigma2/3.12+git/recipe-sysroot ) supports shared libraries... yes
checking dynamic linker characteristics... (cached) 
GNU/Linux ld.so

checking how to hardcode library paths into programs... immediate

checking for arm-oe-linux-gnueabi-gcc  -march=armv7ve -mfpu=neon-vfpv4 -mfloat-abi=hard -D_TIME_BITS=64 -D_FILE_OFFSET_BITS=64 --sysroot=/home/pli/builds/openpli-scarthgap-build-1-30-2025/openpli-oe-core/build/tmp/work/osmio4k-oe-linux-gnueabi/enigma2/3.12+git/recipe-sysroot option to support OpenMP... (cached) 
-fopenmp
checking for msgfmt... 
/home/pli/builds/openpli-scarthgap-build-1-30-2025/openpli-oe-core/build/tmp/work/osmio4k-oe-linux-gnueabi/enigma2/3.12+git/recipe-sysroot-native/usr/bin/msgfmt

checking for python version... 
3.12
checking for python platform... 
linux

checking for GNU default python prefix... ${prefix}
checking for GNU default python exec_prefix... 
${exec_prefix}
checking for python script directory (pythondir)... 
${libdir}/python3.12/site-packages
checking for python extension module directory (pyexecdir)... 
${libdir}/python3.12/site-packages

checking for python3.12... 
/home/pli/builds/openpli-scarthgap-build-1-30-2025/openpli-oe-core/build/tmp/work/osmio4k-oe-linux-gnueabi/enigma2/3.12+git/recipe-sysroot-native/usr/bin/python3-native/python3

checking for a version of Python >= '2.1.0'... 
yes

checking for the sysconfig Python package... 
yes

checking for Python library path... 
/home/pli/builds/openpli-scarthgap-build-1-30-2025/openpli-oe-core/build/tmp/work/osmio4k-oe-linux-gnueabi/enigma2/3.12+git/recipe-sysroot/usr/lib
python3.12

-L/home/pli/builds/openpli-scarthgap-build-1-30-2025/openpli-oe-core/build/tmp/work/osmio4k-oe-linux-gnueabi/enigma2/3.12+git/recipe-sysroot/usr/lib -lpython3.12
checking for Python include path... 
/usr/include/python3.12
/usr/include/python3.12

23
-I/home/pli/builds/openpli-scarthgap-build-1-30-2025/openpli-oe-core/build/tmp/work/osmio4k-oe-linux-gnueabi/enigma2/3.12+git/recipe-sysroot/usr/include/python3.12

checking for Python site-packages path... 
/home/pli/builds/openpli-scarthgap-build-1-30-2025/openpli-oe-core/build/tmp/work/osmio4k-oe-linux-gnueabi/enigma2/3.12+git/recipe-sysroot/usr/lib/python3.12/site-packages
checking for Python platform specific site-packages path... 
/home/pli/builds/openpli-scarthgap-build-1-30-2025/openpli-oe-core/build/tmp/work/osmio4k-oe-linux-gnueabi/enigma2/3.12+git/recipe-sysroot/usr/lib/python3.12/site-packages
checking python extra libraries... 
-ldl  -lpthread -lm
checking python extra linking flags... 
-Xlinker -export-dynamic
checking consistency of all components of python development environment... 
yes

checking for swig... 
/home/pli/builds/openpli-scarthgap-build-1-30-2025/openpli-oe-core/build/tmp/work/osmio4k-oe-linux-gnueabi/enigma2/3.12+git/recipe-sysroot-native/usr/bin/swig

checking for the pthreads library -lpthreads... 
no
checking whether pthreads work without any flags... 
yes

checking for joinable pthread attribute... 
PTHREAD_CREATE_JOINABLE
checking if more special flags are required for pthreads... 
no

checking for arm-oe-linux-gnueabi-pkg-config... 
no

checking for pkg-config... 
/home/pli/builds/openpli-scarthgap-build-1-30-2025/openpli-oe-core/build/tmp/work/osmio4k-oe-linux-gnueabi/enigma2/3.12+git/recipe-sysroot-native/usr/bin/pkg-config

checking pkg-config is at least version 0.9.0... 
yes

checking for tuxbox-tuxtxt... 
yes

checking for freetype2 fribidi glib-2.0 libdvbsi++ libpng libxml-2.0 sigc++-3.0 libssl libcrypto... 
yes
checking for libdreamdvd... 
yes

checking for avahi-client... 
yes
checking for udfread_init in -ludfread... 
yes

checking for dlopen in -ldl... 
yes

checking for jpeg_set_defaults in -ljpeg... 
yes
checking for DGifOpen in -lungif... 
no

checking for DGifOpen in -lgif... 
yes

checking for sys/klog.h... 
yes

checking for klogctl... 
yes

checking for shadow.h... 
yes

checking for crypt in -lcrypt... 
yes

checking for clock_gettime in -lrt... 
yes

checking whether arm-oe-linux-gnueabi-g++  -march=armv7ve -mfpu=neon-vfpv4 -mfloat-abi=hard -D_TIME_BITS=64 -D_FILE_OFFSET_BITS=64 --sysroot=/home/pli/builds/openpli-scarthgap-build-1-30-2025/openpli-oe-core/build/tmp/work/osmio4k-oe-linux-gnueabi/enigma2/3.12+git/recipe-sysroot supports C++17 features with -std=gnu++17... 
yes

checking whether C compiler accepts -Wattribute-alias... 
yes

checking whether C compiler accepts -Wattribute-alias=1... 
yes

configure: creating ./config.status

config.status: creating Makefile

config.status: creating data/Makefile

config.status: creating data/fonts/Makefile

config.status: creating data/countries/Makefile

config.status: creating data/display/Makefile

config.status: creating data/extensions/Makefile

config.status: creating data/keymaps/Makefile

config.status: creating data/hw_info/Makefile

config.status: creating data/rc_models/Makefile

config.status: creating data/skin_default/Makefile

config.status: creating data/skin_default/menu/Makefile

config.status: creating data/skin_default/icons/Makefile

config.status: creating data/skin_default/buttons/Makefile

config.status: creating data/skin_default/epg/Makefile

config.status: creating data/skin_default/spinner/Makefile

config.status: creating data/skin_default/LCDIcons/Makefile

config.status: creating include/Makefile

config.status: creating lib/Makefile

config.status: creating lib/base/eenv.cpp

config.status: creating lib/python/Makefile

config.status: creating lib/python/Components/Makefile

config.status: creating lib/python/Components/Addons/Makefile

config.status: creating lib/python/Components/Converter/Makefile

config.status: creating lib/python/Components/Renderer/Makefile

config.status: creating lib/python/Components/Sources/Makefile

config.status: creating lib/python/Screens/Makefile

config.status: creating lib/python/Plugins/Makefile

config.status: creating lib/python/Plugins/SystemPlugins/CableScan/Makefile

config.status: creating lib/python/Plugins/SystemPlugins/FastScan/Makefile

config.status: creating lib/python/Plugins/SystemPlugins/OSDPositionSetup/Makefile

config.status: creating lib/python/Plugins/SystemPlugins/OSD3DSetup/Makefile

config.status: creating lib/python/Plugins/SystemPlugins/HdmiCEC/Makefile

config.status: creating lib/python/Plugins/SystemPlugins/VideoClippingSetup/Makefile

config.status: creating lib/python/Plugins/Extensions/CutListEditor/Makefile

config.status: creating lib/python/Plugins/Extensions/CutListEditor/meta/Makefile

config.status: creating lib/python/Plugins/Extensions/DVDBurn/Makefile

config.status: creating lib/python/Plugins/Extensions/DVDBurn/meta/Makefile

config.status: creating lib/python/Plugins/Extensions/DVDPlayer/Makefile

config.status: creating lib/python/Plugins/Extensions/DVDPlayer/meta/Makefile

config.status: creating lib/python/Plugins/Extensions/GraphMultiEPG/Makefile

config.status: creating lib/python/Plugins/Extensions/GraphMultiEPG/meta/Makefile

config.status: creating lib/python/Plugins/Extensions/Makefile

config.status: creating lib/python/Plugins/Extensions/MediaPlayer/Makefile

config.status: creating lib/python/Plugins/Extensions/MediaPlayer/meta/Makefile

config.status: creating lib/python/Plugins/Extensions/MediaScanner/Makefile

config.status: creating lib/python/Plugins/Extensions/MediaScanner/meta/Makefile

config.status: creating lib/python/Plugins/Extensions/PicturePlayer/Makefile

config.status: creating lib/python/Plugins/Extensions/PicturePlayer/meta/Makefile

config.status: creating lib/python/Plugins/Extensions/PicturePlayer/data/Makefile

config.status: creating lib/python/Plugins/Extensions/SocketMMI/Makefile

config.status: creating lib/python/Plugins/Extensions/SocketMMI/meta/Makefile

config.status: creating lib/python/Plugins/Extensions/SocketMMI/src/Makefile

config.status: creating lib/python/Plugins/PLi/Makefile

config.status: creating lib/python/Plugins/SystemPlugins/CommonInterfaceAssignment/Makefile

config.status: creating lib/python/Plugins/SystemPlugins/CommonInterfaceAssignment/meta/Makefile

config.status: creating lib/python/Plugins/SystemPlugins/DefaultServicesScanner/Makefile

config.status: creating lib/python/Plugins/SystemPlugins/DefaultServicesScanner/meta/Makefile

config.status: creating lib/python/Plugins/SystemPlugins/DiseqcTester/Makefile

config.status: creating lib/python/Plugins/SystemPlugins/DiseqcTester/meta/Makefile

config.status: creating lib/python/Plugins/SystemPlugins/FastChannelChange/Makefile

config.status: creating lib/python/Plugins/SystemPlugins/FastChannelChange/meta/Makefile

config.status: creating lib/python/Plugins/SystemPlugins/Hotplug/Makefile

config.status: creating lib/python/Plugins/SystemPlugins/Hotplug/meta/Makefile

config.status: creating lib/python/Plugins/SystemPlugins/Makefile

config.status: creating lib/python/Plugins/SystemPlugins/TempFanControl/Makefile

config.status: creating lib/python/Plugins/SystemPlugins/TempFanControl/meta/Makefile

config.status: creating lib/python/Plugins/SystemPlugins/NetworkWizard/Makefile

config.status: creating lib/python/Plugins/SystemPlugins/NetworkWizard/meta/Makefile

config.status: creating lib/python/Plugins/SystemPlugins/PositionerSetup/Makefile

config.status: creating lib/python/Plugins/SystemPlugins/PositionerSetup/meta/Makefile

config.status: creating lib/python/Plugins/SystemPlugins/SatelliteEquipmentControl/Makefile

config.status: creating lib/python/Plugins/SystemPlugins/SatelliteEquipmentControl/meta/Makefile

config.status: creating lib/python/Plugins/SystemPlugins/Satfinder/Makefile

config.status: creating lib/python/Plugins/SystemPlugins/Satfinder/meta/Makefile

config.status: creating lib/python/Plugins/SystemPlugins/SoftwareManager/Makefile

config.status: creating lib/python/Plugins/SystemPlugins/SoftwareManager/meta/Makefile

config.status: creating lib/python/Plugins/SystemPlugins/VideoEnhancement/Makefile

config.status: creating lib/python/Plugins/SystemPlugins/VideoEnhancement/meta/Makefile

config.status: creating lib/python/Plugins/SystemPlugins/VideoTune/Makefile

config.status: creating lib/python/Plugins/SystemPlugins/VideoTune/meta/Makefile

config.status: creating lib/python/Plugins/SystemPlugins/Videomode/Makefile

config.status: creating lib/python/Plugins/SystemPlugins/Videomode/meta/Makefile

config.status: creating lib/python/Plugins/SystemPlugins/WirelessLan/Makefile

config.status: creating lib/python/Plugins/SystemPlugins/WirelessLan/meta/Makefile

config.status: creating lib/python/Tools/Makefile

config.status: creating po/Makefile

config.status: creating main/Makefile

config.status: creating tools/Makefile

config.status: creating tools/enigma2.sh

config.status: creating enigma2.pc

config.status: creating enigma2_config.h

config.status: executing depfiles commands

config.status: executing libtool commands

+ ret=0

+ trap '' 0
+ exit 0

NOTE: enigma2-3.12+git-r0 do_configure: Checking autotools environment for common misconfiguration
NOTE: enigma2-3.12+git-r0 do_configure: Checking configure output for unrecognised options

+ autotools_postconfigure

+ '[' -n /home/pli/builds/openpli-scarthgap-build-1-30-2025/openpli-oe-core/build/tmp/work/osmio4k-oe-linux-gnueabi/enigma2/3.12+git/configure.sstate ']'

++ dirname /home/pli/builds/openpli-scarthgap-build-1-30-2025/openpli-oe-core/build/tmp/work/osmio4k-oe-linux-gnueabi/enigma2/3.12+git/configure.sstate

+ mkdir -p /home/pli/builds/openpli-scarthgap-build-1-30-2025/openpli-oe-core/build/tmp/work/osmio4k-oe-linux-gnueabi/enigma2/3.12+git

+ echo 1997923fbc58841022d8a60c9bd85477760c54f6e727c797b8aaf7b86a58a54d

+ ret=0

+ trap '' 0
+ exit 0

NOTE: recipe enigma2-3.12+git-r0: task do_configure: Succeeded
NOTE: Running task 6354 of 6378 (/home/pli/builds/openpli-scarthgap-build-1-30-2025/openpli-oe-core/meta-openpli/recipes-openpli/enigma2/enigma2.bb:do_compile)
NOTE: recipe enigma2-3.12+git-r0: task do_compile: Started

+ cd /home/pli/builds/openpli-scarthgap-build-1-30-2025/openpli-oe-core/build/tmp/work/osmio4k-oe-linux-gnueabi/enigma2/3.12+git/build

+ do_compile
+ setup_target_config
+ export _PYTHON_SYSCONFIGDATA_NAME=_sysconfigdata
+ _PYTHON_SYSCONFIGDATA_NAME=_sysconfigdata

+ export PYTHONPATH=/home/pli/builds/openpli-scarthgap-build-1-30-2025/openpli-oe-core/build/tmp/work/osmio4k-oe-linux-gnueabi/enigma2/3.12+git/recipe-sysroot/usr/lib/python-sysconfigdata:
+ PYTHONPATH=/home/pli/builds/openpli-scarthgap-build-1-30-2025/openpli-oe-core/build/tmp/work/osmio4k-oe-linux-gnueabi/enigma2/3.12+git/recipe-sysroot/usr/lib/python-sysconfigdata:

+ export PATH=/home/pli/builds/openpli-scarthgap-build-1-30-2025/openpli-oe-core/build/tmp/work/osmio4k-oe-linux-gnueabi/enigma2/3.12+git/recipe-sysroot/usr/python-target-config/:/home/pli/builds/openpli-scarthgap-build-1-30-2025/openpli-oe-core/build/tmp/work/osmio4k-oe-linux-gnueabi/enigma2/3.12+git/recipe-sysroot-native/usr/bin/python3-native:/home/pli/builds/openpli-scarthgap-build-1-30-2025/openpli-oe-core/openembedded-core/scripts:/home/pli/builds/openpli-scarthgap-build-1-30-2025/openpli-oe-core/build/tmp/work/osmio4k-oe-linux-gnueabi/enigma2/3.12+git/recipe-sysroot-native/usr/bin/arm-oe-linux-gnueabi:/home/pli/builds/openpli-scarthgap-build-1-30-2025/openpli-oe-core/build/tmp/work/osmio4k-oe-linux-gnueabi/enigma2/3.12+git/recipe-sysroot/usr/bin/crossscripts:/home/pli/builds/openpli-scarthgap-build-1-30-2025/openpli-oe-core/build/tmp/work/osmio4k-oe-linux-gnueabi/enigma2/3.12+git/recipe-sysroot-native/usr/sbin:/home/pli/builds/openpli-scarthgap-build-1-30-2025/openpli-oe-core/build/tmp/work/osmio4k-oe-linux-gnueabi/enigma2/3.12+git/recipe-sysroot-native/usr/bin:/home/pli/builds/openpli-scarthgap-build-1-30-2025/openpli-oe-core/build/tmp/work/osmio4k-oe-linux-gnueabi/enigma2/3.12+git/recipe-sysroot-native/sbin:/home/pli/builds/openpli-scarthgap-build-1-30-2025/openpli-oe-core/build/tmp/work/osmio4k-oe-linux-gnueabi/enigma2/3.12+git/recipe-sysroot-native/bin:/home/pli/builds/openpli-scarthgap-build-1-30-2025/openpli-oe-core/bitbake/bin:/home/pli/builds/openpli-scarthgap-build-1-30-2025/openpli-oe-core/build/tmp/hosttools
+ PATH=/home/pli/builds/openpli-scarthgap-build-1-30-2025/openpli-oe-core/build/tmp/work/osmio4k-oe-linux-gnueabi/enigma2/3.12+git/recipe-sysroot/usr/python-target-config/:/home/pli/builds/openpli-scarthgap-build-1-30-2025/openpli-oe-core/build/tmp/work/osmio4k-oe-linux-gnueabi/enigma2/3.12+git/recipe-sysroot-native/usr/bin/python3-native:/home/pli/builds/openpli-scarthgap-build-1-30-2025/openpli-oe-core/openembedded-core/scripts:/home/pli/builds/openpli-scarthgap-build-1-30-2025/openpli-oe-core/build/tmp/work/osmio4k-oe-linux-gnueabi/enigma2/3.12+git/recipe-sysroot-native/usr/bin/arm-oe-linux-gnueabi:/home/pli/builds/openpli-scarthgap-build-1-30-2025/openpli-oe-core/build/tmp/work/osmio4k-oe-linux-gnueabi/enigma2/3.12+git/recipe-sysroot/usr/bin/crossscripts:/home/pli/builds/openpli-scarthgap-build-1-30-2025/openpli-oe-core/build/tmp/work/osmio4k-oe-linux-gnueabi/enigma2/3.12+git/recipe-sysroot-native/usr/sbin:/home/pli/builds/openpli-scarthgap-build-1-30-2025/openpli-oe-core/build/tmp/work/osmio4k-oe-linux-gnueabi/enigma2/3.12+git/recipe-sysroot-native/usr/bin:/home/pli/builds/openpli-scarthgap-build-1-30-2025/openpli-oe-core/build/tmp/work/osmio4k-oe-linux-gnueabi/enigma2/3.12+git/recipe-sysroot-native/sbin:/home/pli/builds/openpli-scarthgap-build-1-30-2025/openpli-oe-core/build/tmp/work/osmio4k-oe-linux-gnueabi/enigma2/3.12+git/recipe-sysroot-native/bin:/home/pli/builds/openpli-scarthgap-build-1-30-2025/openpli-oe-core/bitbake/bin:/home/pli/builds/openpli-scarthgap-build-1-30-2025/openpli-oe-core/build/tmp/hosttools

+ autotools_do_compile

+ oe_runmake

+ oe_runmake_call

+ bbnote make -j 32 ENIGMA2_BRANCH=scarthgap

+ '[' -p /home/pli/builds/openpli-scarthgap-build-1-30-2025/openpli-oe-core/build/tmp/work/osmio4k-oe-linux-gnueabi/enigma2/3.12+git/temp/fifo.2773834 ']'

NOTE: enigma2-3.12+git-r0 do_compile: make -j 32 ENIGMA2_BRANCH=scarthgap
+ printf '%b\0' 'bbnote make -j 32 ENIGMA2_BRANCH=scarthgap'
+ make -j 32 ENIGMA2_BRANCH=scarthgap

make  all-recursive

make[1]: Entering directory '/home/pli/builds/openpli-scarthgap-build-1-30-2025/openpli-oe-core/build/tmp/work/osmio4k-oe-linux-gnueabi/enigma2/3.12+git/build'

Making all in include

make[2]: Entering directory '/home/pli/builds/openpli-scarthgap-build-1-30-2025/openpli-oe-core/build/tmp/work/osmio4k-oe-linux-gnueabi/enigma2/3.12+git/build/include'
make[2]: Nothing to be done for 'all'.
make[2]: Leaving directory '/home/pli/builds/openpli-scarthgap-build-1-30-2025/openpli-oe-core/build/tmp/work/osmio4k-oe-linux-gnueabi/enigma2/3.12+git/build/include'

Making all in lib

make[2]: Entering directory '/home/pli/builds/openpli-scarthgap-build-1-30-2025/openpli-oe-core/build/tmp/work/osmio4k-oe-linux-gnueabi/enigma2/3.12+git/build/lib'
make  all-recursive

make[3]: Entering directory '/home/pli/builds/openpli-scarthgap-build-1-30-2025/openpli-oe-core/build/tmp/work/osmio4k-oe-linux-gnueabi/enigma2/3.12+git/build/lib'

Making all in python

make[4]: Entering directory '/home/pli/builds/openpli-scarthgap-build-1-30-2025/openpli-oe-core/build/tmp/work/osmio4k-oe-linux-gnueabi/enigma2/3.12+git/build/lib/python'

Making all in Components

make[5]: Entering directory '/home/pli/builds/openpli-scarthgap-build-1-30-2025/openpli-oe-core/build/tmp/work/osmio4k-oe-linux-gnueabi/enigma2/3.12+git/build/lib/python/Components'

Making all in Sources

make[6]: Entering directory '/home/pli/builds/openpli-scarthgap-build-1-30-2025/openpli-oe-core/build/tmp/work/osmio4k-oe-linux-gnueabi/enigma2/3.12+git/build/lib/python/Components/Sources'
make[6]: Nothing to be done for 'all'.
make[6]: Leaving directory '/home/pli/builds/openpli-scarthgap-build-1-30-2025/openpli-oe-core/build/tmp/work/osmio4k-oe-linux-gnueabi/enigma2/3.12+git/build/lib/python/Components/Sources'

Making all in Converter

make[6]: Entering directory '/home/pli/builds/openpli-scarthgap-build-1-30-2025/openpli-oe-core/build/tmp/work/osmio4k-oe-linux-gnueabi/enigma2/3.12+git/build/lib/python/Components/Converter'
make[6]: Nothing to be done for 'all'.
make[6]: Leaving directory '/home/pli/builds/openpli-scarthgap-build-1-30-2025/openpli-oe-core/build/tmp/work/osmio4k-oe-linux-gnueabi/enigma2/3.12+git/build/lib/python/Components/Converter'

Making all in Renderer

make[6]: Entering directory '/home/pli/builds/openpli-scarthgap-build-1-30-2025/openpli-oe-core/build/tmp/work/osmio4k-oe-linux-gnueabi/enigma2/3.12+git/build/lib/python/Components/Renderer'
make[6]: Nothing to be done for 'all'.
make[6]: Leaving directory '/home/pli/builds/openpli-scarthgap-build-1-30-2025/openpli-oe-core/build/tmp/work/osmio4k-oe-linux-gnueabi/enigma2/3.12+git/build/lib/python/Components/Renderer'

Making all in Addons

make[6]: Entering directory '/home/pli/builds/openpli-scarthgap-build-1-30-2025/openpli-oe-core/build/tmp/work/osmio4k-oe-linux-gnueabi/enigma2/3.12+git/build/lib/python/Components/Addons'
make[6]: Nothing to be done for 'all'.
make[6]: Leaving directory '/home/pli/builds/openpli-scarthgap-build-1-30-2025/openpli-oe-core/build/tmp/work/osmio4k-oe-linux-gnueabi/enigma2/3.12+git/build/lib/python/Components/Addons'

make[6]: Entering directory '/home/pli/builds/openpli-scarthgap-build-1-30-2025/openpli-oe-core/build/tmp/work/osmio4k-oe-linux-gnueabi/enigma2/3.12+git/build/lib/python/Components'
make[6]: Nothing to be done for 'all-am'.
make[6]: Leaving directory '/home/pli/builds/openpli-scarthgap-build-1-30-2025/openpli-oe-core/build/tmp/work/osmio4k-oe-linux-gnueabi/enigma2/3.12+git/build/lib/python/Components'

make[5]: Leaving directory '/home/pli/builds/openpli-scarthgap-build-1-30-2025/openpli-oe-core/build/tmp/work/osmio4k-oe-linux-gnueabi/enigma2/3.12+git/build/lib/python/Components'

Making all in Tools

make[5]: Entering directory '/home/pli/builds/openpli-scarthgap-build-1-30-2025/openpli-oe-core/build/tmp/work/osmio4k-oe-linux-gnueabi/enigma2/3.12+git/build/lib/python/Tools'
make[5]: Nothing to be done for 'all'.
make[5]: Leaving directory '/home/pli/builds/openpli-scarthgap-build-1-30-2025/openpli-oe-core/build/tmp/work/osmio4k-oe-linux-gnueabi/enigma2/3.12+git/build/lib/python/Tools'

Making all in Screens

make[5]: Entering directory '/home/pli/builds/openpli-scarthgap-build-1-30-2025/openpli-oe-core/build/tmp/work/osmio4k-oe-linux-gnueabi/enigma2/3.12+git/build/lib/python/Screens'
make[5]: Nothing to be done for 'all'.
make[5]: Leaving directory '/home/pli/builds/openpli-scarthgap-build-1-30-2025/openpli-oe-core/build/tmp/work/osmio4k-oe-linux-gnueabi/enigma2/3.12+git/build/lib/python/Screens'

Making all in Plugins

make[5]: Entering directory '/home/pli/builds/openpli-scarthgap-build-1-30-2025/openpli-oe-core/build/tmp/work/osmio4k-oe-linux-gnueabi/enigma2/3.12+git/build/lib/python/Plugins'

Making all in Extensions

make[6]: Entering directory '/home/pli/builds/openpli-scarthgap-build-1-30-2025/openpli-oe-core/build/tmp/work/osmio4k-oe-linux-gnueabi/enigma2/3.12+git/build/lib/python/Plugins/Extensions'

Making all in CutListEditor

make[7]: Entering directory '/home/pli/builds/openpli-scarthgap-build-1-30-2025/openpli-oe-core/build/tmp/work/osmio4k-oe-linux-gnueabi/enigma2/3.12+git/build/lib/python/Plugins/Extensions/CutListEditor'

Making all in meta

make[8]: Entering directory '/home/pli/builds/openpli-scarthgap-build-1-30-2025/openpli-oe-core/build/tmp/work/osmio4k-oe-linux-gnueabi/enigma2/3.12+git/build/lib/python/Plugins/Extensions/CutListEditor/meta'
make[8]: Nothing to be done for 'all'.
make[8]: Leaving directory '/home/pli/builds/openpli-scarthgap-build-1-30-2025/openpli-oe-core/build/tmp/work/osmio4k-oe-linux-gnueabi/enigma2/3.12+git/build/lib/python/Plugins/Extensions/CutListEditor/meta'

make[8]: Entering directory '/home/pli/builds/openpli-scarthgap-build-1-30-2025/openpli-oe-core/build/tmp/work/osmio4k-oe-linux-gnueabi/enigma2/3.12+git/build/lib/python/Plugins/Extensions/CutListEditor'
make[8]: Nothing to be done for 'all-am'.
make[8]: Leaving directory '/home/pli/builds/openpli-scarthgap-build-1-30-2025/openpli-oe-core/build/tmp/work/osmio4k-oe-linux-gnueabi/enigma2/3.12+git/build/lib/python/Plugins/Extensions/CutListEditor'

make[7]: Leaving directory '/home/pli/builds/openpli-scarthgap-build-1-30-2025/openpli-oe-core/build/tmp/work/osmio4k-oe-linux-gnueabi/enigma2/3.12+git/build/lib/python/Plugins/Extensions/CutListEditor'

Making all in PicturePlayer

make[7]: Entering directory '/home/pli/builds/openpli-scarthgap-build-1-30-2025/openpli-oe-core/build/tmp/work/osmio4k-oe-linux-gnueabi/enigma2/3.12+git/build/lib/python/Plugins/Extensions/PicturePlayer'

Making all in data

make[8]: Entering directory '/home/pli/builds/openpli-scarthgap-build-1-30-2025/openpli-oe-core/build/tmp/work/osmio4k-oe-linux-gnueabi/enigma2/3.12+git/build/lib/python/Plugins/Extensions/PicturePlayer/data'
make[8]: Nothing to be done for 'all'.
make[8]: Leaving directory '/home/pli/builds/openpli-scarthgap-build-1-30-2025/openpli-oe-core/build/tmp/work/osmio4k-oe-linux-gnueabi/enigma2/3.12+git/build/lib/python/Plugins/Extensions/PicturePlayer/data'

Making all in meta

make[8]: Entering directory '/home/pli/builds/openpli-scarthgap-build-1-30-2025/openpli-oe-core/build/tmp/work/osmio4k-oe-linux-gnueabi/enigma2/3.12+git/build/lib/python/Plugins/Extensions/PicturePlayer/meta'
make[8]: Nothing to be done for 'all'.
make[8]: Leaving directory '/home/pli/builds/openpli-scarthgap-build-1-30-2025/openpli-oe-core/build/tmp/work/osmio4k-oe-linux-gnueabi/enigma2/3.12+git/build/lib/python/Plugins/Extensions/PicturePlayer/meta'

make[8]: Entering directory '/home/pli/builds/openpli-scarthgap-build-1-30-2025/openpli-oe-core/build/tmp/work/osmio4k-oe-linux-gnueabi/enigma2/3.12+git/build/lib/python/Plugins/Extensions/PicturePlayer'
make[8]: Nothing to be done for 'all-am'.
make[8]: Leaving directory '/home/pli/builds/openpli-scarthgap-build-1-30-2025/openpli-oe-core/build/tmp/work/osmio4k-oe-linux-gnueabi/enigma2/3.12+git/build/lib/python/Plugins/Extensions/PicturePlayer'

make[7]: Leaving directory '/home/pli/builds/openpli-scarthgap-build-1-30-2025/openpli-oe-core/build/tmp/work/osmio4k-oe-linux-gnueabi/enigma2/3.12+git/build/lib/python/Plugins/Extensions/PicturePlayer'

Making all in MediaScanner

make[7]: Entering directory '/home/pli/builds/openpli-scarthgap-build-1-30-2025/openpli-oe-core/build/tmp/work/osmio4k-oe-linux-gnueabi/enigma2/3.12+git/build/lib/python/Plugins/Extensions/MediaScanner'

Making all in meta

make[8]: Entering directory '/home/pli/builds/openpli-scarthgap-build-1-30-2025/openpli-oe-core/build/tmp/work/osmio4k-oe-linux-gnueabi/enigma2/3.12+git/build/lib/python/Plugins/Extensions/MediaScanner/meta'
make[8]: Nothing to be done for 'all'.
make[8]: Leaving directory '/home/pli/builds/openpli-scarthgap-build-1-30-2025/openpli-oe-core/build/tmp/work/osmio4k-oe-linux-gnueabi/enigma2/3.12+git/build/lib/python/Plugins/Extensions/MediaScanner/meta'

make[8]: Entering directory '/home/pli/builds/openpli-scarthgap-build-1-30-2025/openpli-oe-core/build/tmp/work/osmio4k-oe-linux-gnueabi/enigma2/3.12+git/build/lib/python/Plugins/Extensions/MediaScanner'
make[8]: Nothing to be done for 'all-am'.
make[8]: Leaving directory '/home/pli/builds/openpli-scarthgap-build-1-30-2025/openpli-oe-core/build/tmp/work/osmio4k-oe-linux-gnueabi/enigma2/3.12+git/build/lib/python/Plugins/Extensions/MediaScanner'

make[7]: Leaving directory '/home/pli/builds/openpli-scarthgap-build-1-30-2025/openpli-oe-core/build/tmp/work/osmio4k-oe-linux-gnueabi/enigma2/3.12+git/build/lib/python/Plugins/Extensions/MediaScanner'

Making all in MediaPlayer

make[7]: Entering directory '/home/pli/builds/openpli-scarthgap-build-1-30-2025/openpli-oe-core/build/tmp/work/osmio4k-oe-linux-gnueabi/enigma2/3.12+git/build/lib/python/Plugins/Extensions/MediaPlayer'

Making all in meta

make[8]: Entering directory '/home/pli/builds/openpli-scarthgap-build-1-30-2025/openpli-oe-core/build/tmp/work/osmio4k-oe-linux-gnueabi/enigma2/3.12+git/build/lib/python/Plugins/Extensions/MediaPlayer/meta'
make[8]: Nothing to be done for 'all'.
make[8]: Leaving directory '/home/pli/builds/openpli-scarthgap-build-1-30-2025/openpli-oe-core/build/tmp/work/osmio4k-oe-linux-gnueabi/enigma2/3.12+git/build/lib/python/Plugins/Extensions/MediaPlayer/meta'

make[8]: Entering directory '/home/pli/builds/openpli-scarthgap-build-1-30-2025/openpli-oe-core/build/tmp/work/osmio4k-oe-linux-gnueabi/enigma2/3.12+git/build/lib/python/Plugins/Extensions/MediaPlayer'
make[8]: Nothing to be done for 'all-am'.
make[8]: Leaving directory '/home/pli/builds/openpli-scarthgap-build-1-30-2025/openpli-oe-core/build/tmp/work/osmio4k-oe-linux-gnueabi/enigma2/3.12+git/build/lib/python/Plugins/Extensions/MediaPlayer'

make[7]: Leaving directory '/home/pli/builds/openpli-scarthgap-build-1-30-2025/openpli-oe-core/build/tmp/work/osmio4k-oe-linux-gnueabi/enigma2/3.12+git/build/lib/python/Plugins/Extensions/MediaPlayer'

Making all in GraphMultiEPG

make[7]: Entering directory '/home/pli/builds/openpli-scarthgap-build-1-30-2025/openpli-oe-core/build/tmp/work/osmio4k-oe-linux-gnueabi/enigma2/3.12+git/build/lib/python/Plugins/Extensions/GraphMultiEPG'

Making all in meta

make[8]: Entering directory '/home/pli/builds/openpli-scarthgap-build-1-30-2025/openpli-oe-core/build/tmp/work/osmio4k-oe-linux-gnueabi/enigma2/3.12+git/build/lib/python/Plugins/Extensions/GraphMultiEPG/meta'
make[8]: Nothing to be done for 'all'.
make[8]: Leaving directory '/home/pli/builds/openpli-scarthgap-build-1-30-2025/openpli-oe-core/build/tmp/work/osmio4k-oe-linux-gnueabi/enigma2/3.12+git/build/lib/python/Plugins/Extensions/GraphMultiEPG/meta'

make[8]: Entering directory '/home/pli/builds/openpli-scarthgap-build-1-30-2025/openpli-oe-core/build/tmp/work/osmio4k-oe-linux-gnueabi/enigma2/3.12+git/build/lib/python/Plugins/Extensions/GraphMultiEPG'
make[8]: Nothing to be done for 'all-am'.
make[8]: Leaving directory '/home/pli/builds/openpli-scarthgap-build-1-30-2025/openpli-oe-core/build/tmp/work/osmio4k-oe-linux-gnueabi/enigma2/3.12+git/build/lib/python/Plugins/Extensions/GraphMultiEPG'

make[7]: Leaving directory '/home/pli/builds/openpli-scarthgap-build-1-30-2025/openpli-oe-core/build/tmp/work/osmio4k-oe-linux-gnueabi/enigma2/3.12+git/build/lib/python/Plugins/Extensions/GraphMultiEPG'

Making all in SocketMMI

make[7]: Entering directory '/home/pli/builds/openpli-scarthgap-build-1-30-2025/openpli-oe-core/build/tmp/work/osmio4k-oe-linux-gnueabi/enigma2/3.12+git/build/lib/python/Plugins/Extensions/SocketMMI'

Making all in src

make[8]: Entering directory '/home/pli/builds/openpli-scarthgap-build-1-30-2025/openpli-oe-core/build/tmp/work/osmio4k-oe-linux-gnueabi/enigma2/3.12+git/build/lib/python/Plugins/Extensions/SocketMMI/src'
/bin/bash ../../../../../../libtool  --tag=CXX   --mode=compile arm-oe-linux-gnueabi-g++  -march=armv7ve -mfpu=neon-vfpv4 -mfloat-abi=hard -D_TIME_BITS=64 -D_FILE_OFFSET_BITS=64 --sysroot=/home/pli/builds/openpli-scarthgap-build-1-30-2025/openpli-oe-core/build/tmp/work/osmio4k-oe-linux-gnueabi/enigma2/3.12+git/recipe-sysroot -std=gnu++17 -DHAVE_CONFIG_H -I. -I../../../../../../../git/lib/python/Plugins/Extensions/SocketMMI/src -I../../../../../..  -I../../../../../../../git -I../../../../../../../git/include -include Python.h -include ../../../../../../enigma2_config.h -I/home/pli/builds/openpli-scarthgap-build-1-30-2025/openpli-oe-core/build/tmp/work/osmio4k-oe-linux-gnueabi/enigma2/3.12+git/recipe-sysroot/usr/include/python3.12  -Os -pipe -g -feliminate-unused-debug-types -fcanon-prefix-map  -fmacro-prefix-map=/home/pli/builds/openpli-scarthgap-build-1-30-2025/openpli-oe-core/build/tmp/work/osmio4k-oe-linux-gnueabi/enigma2/3.12+git/git=/usr/src/debug/enigma2/3.12+git  -fdebug-prefix-map=/home/pli/builds/openpli-scarthgap-build-1-30-2025/openpli-oe-core/build/tmp/work/osmio4k-oe-linux-gnueabi/enigma2/3.12+git/git=/usr/src/debug/enigma2/3.12+git  -fmacro-prefix-map=/home/pli/builds/openpli-scarthgap-build-1-30-2025/openpli-oe-core/build/tmp/work/osmio4k-oe-linux-gnueabi/enigma2/3.12+git/build=/usr/src/debug/enigma2/3.12+git  -fdebug-prefix-map=/home/pli/builds/openpli-scarthgap-build-1-30-2025/openpli-oe-core/build/tmp/work/osmio4k-oe-linux-gnueabi/enigma2/3.12+git/build=/usr/src/debug/enigma2/3.12+git  -fdebug-prefix-map=/home/pli/builds/openpli-scarthgap-build-1-30-2025/openpli-oe-core/build/tmp/work/osmio4k-oe-linux-gnueabi/enigma2/3.12+git/recipe-sysroot=  -fmacro-prefix-map=/home/pli/builds/openpli-scarthgap-build-1-30-2025/openpli-oe-core/build/tmp/work/osmio4k-oe-linux-gnueabi/enigma2/3.12+git/recipe-sysroot=  -fdebug-prefix-map=/home/pli/builds/openpli-scarthgap-build-1-30-2025/openpli-oe-core/build/tmp/work/osmio4k-oe-linux-gnueabi/enigma2/3.12+git/recipe-sysroot-native=  -fvisibility-inlines-hidden -Wattribute-alias -Wattribute-alias=1 -Wall -Wextra -Werror 	-Wformat=2 -Wformat-overflow=2 -Wformat-nonliteral -Wformat-security 	-Wimplicit-fallthrough=5 -Wduplicated-branches -Wtrampolines 	-Wdangling-else -Wshift-overflow=2 -Wswitch 	-Wunused-but-set-parameter -Wunused-const-variable=1 -Wuninitialized 	-Wstringop-overflow=3 -Woverlength-strings 	-Wunsafe-loop-optimizations -Wpointer-arith 	-Wfloat-equal -Wlogical-op 	-Wno-error=cast-align=strict -Wno-error=ignored-qualifiers 	-Wno-error=cast-function-type -Wno-error=deprecated-declarations 	-Wno-error=stringop-truncation -Wno-error=shadow -Wno-error=cast-qual 	-Wno-error=aggregate-return -Wno-error=missing-field-initializers 	-Wno-error=packed -Wno-error=vla -Wno-error=clobbered -Wno-error=unused-parameter 	-I/home/pli/builds/openpli-scarthgap-build-1-30-2025/openpli-oe-core/build/tmp/work/osmio4k-oe-linux-gnueabi/enigma2/3.12+git/recipe-sysroot/usr/include/freetype2 -I/home/pli/builds/openpli-scarthgap-build-1-30-2025/openpli-oe-core/build/tmp/work/osmio4k-oe-linux-gnueabi/enigma2/3.12+git/recipe-sysroot/usr/include/fribidi -I/home/pli/builds/openpli-scarthgap-build-1-30-2025/openpli-oe-core/build/tmp/work/osmio4k-oe-linux-gnueabi/enigma2/3.12+git/recipe-sysroot/usr/include/glib-2.0 -I/home/pli/builds/openpli-scarthgap-build-1-30-2025/openpli-oe-core/build/tmp/work/osmio4k-oe-linux-gnueabi/enigma2/3.12+git/recipe-sysroot/usr/lib/glib-2.0/include -I/home/pli/builds/openpli-scarthgap-build-1-30-2025/openpli-oe-core/build/tmp/work/osmio4k-oe-linux-gnueabi/enigma2/3.12+git/recipe-sysroot/usr/include/libpng16 -I/home/pli/builds/openpli-scarthgap-build-1-30-2025/openpli-oe-core/build/tmp/work/osmio4k-oe-linux-gnueabi/enigma2/3.12+git/recipe-sysroot/usr/include/libxml2 -I/home/pli/builds/openpli-scarthgap-build-1-30-2025/openpli-oe-core/build/tmp/work/osmio4k-oe-linux-gnueabi/enigma2/3.12+git/recipe-sysroot/usr/include/sigc++-3.0 -I/home/pli/builds/openpli-scarthgap-build-1-30-2025/openpli-oe-core/build/tmp/work/osmio4k-oe-linux-gnueabi/enigma2/3.12+git/recipe-sysroot/usr/lib/sigc++-3.0/include -fno-rtti -fno-exceptions -rdynamic -funwind-tables  -fopenmp  -MT socket_mmi.lo -MD -MP -MF .deps/socket_mmi.Tpo -c -o socket_mmi.lo ../../../../../../../git/lib/python/Plugins/Extensions/SocketMMI/src/socket_mmi.cpp

libtool: compile:  arm-oe-linux-gnueabi-g++ -march=armv7ve -mfpu=neon-vfpv4 -mfloat-abi=hard -D_TIME_BITS=64 -D_FILE_OFFSET_BITS=64 --sysroot=/home/pli/builds/openpli-scarthgap-build-1-30-2025/openpli-oe-core/build/tmp/work/osmio4k-oe-linux-gnueabi/enigma2/3.12+git/recipe-sysroot -std=gnu++17 -DHAVE_CONFIG_H -I. -I../../../../../../../git/lib/python/Plugins/Extensions/SocketMMI/src -I../../../../../.. -I../../../../../../../git -I../../../../../../../git/include -include Python.h -include ../../../../../../enigma2_config.h -I/home/pli/builds/openpli-scarthgap-build-1-30-2025/openpli-oe-core/build/tmp/work/osmio4k-oe-linux-gnueabi/enigma2/3.12+git/recipe-sysroot/usr/include/python3.12 -Os -pipe -g -feliminate-unused-debug-types -fcanon-prefix-map -fmacro-prefix-map=/home/pli/builds/openpli-scarthgap-build-1-30-2025/openpli-oe-core/build/tmp/work/osmio4k-oe-linux-gnueabi/enigma2/3.12+git/git=/usr/src/debug/enigma2/3.12+git -fdebug-prefix-map=/home/pli/builds/openpli-scarthgap-build-1-30-2025/openpli-oe-core/build/tmp/work/osmio4k-oe-linux-gnueabi/enigma2/3.12+git/git=/usr/src/debug/enigma2/3.12+git -fmacro-prefix-map=/home/pli/builds/openpli-scarthgap-build-1-30-2025/openpli-oe-core/build/tmp/work/osmio4k-oe-linux-gnueabi/enigma2/3.12+git/build=/usr/src/debug/enigma2/3.12+git -fdebug-prefix-map=/home/pli/builds/openpli-scarthgap-build-1-30-2025/openpli-oe-core/build/tmp/work/osmio4k-oe-linux-gnueabi/enigma2/3.12+git/build=/usr/src/debug/enigma2/3.12+git -fdebug-prefix-map=/home/pli/builds/openpli-scarthgap-build-1-30-2025/openpli-oe-core/build/tmp/work/osmio4k-oe-linux-gnueabi/enigma2/3.12+git/recipe-sysroot= -fmacro-prefix-map=/home/pli/builds/openpli-scarthgap-build-1-30-2025/openpli-oe-core/build/tmp/work/osmio4k-oe-linux-gnueabi/enigma2/3.12+git/recipe-sysroot= -fdebug-prefix-map=/home/pli/builds/openpli-scarthgap-build-1-30-2025/openpli-oe-core/build/tmp/work/osmio4k-oe-linux-gnueabi/enigma2/3.12+git/recipe-sysroot-native= -fvisibility-inlines-hidden -Wattribute-alias -Wattribute-alias=1 -Wall -Wextra -Werror -Wformat=2 -Wformat-overflow=2 -Wformat-nonliteral -Wformat-security -Wimplicit-fallthrough=5 -Wduplicated-branches -Wtrampolines -Wdangling-else -Wshift-overflow=2 -Wswitch -Wunused-but-set-parameter -Wunused-const-variable=1 -Wuninitialized -Wstringop-overflow=3 -Woverlength-strings -Wunsafe-loop-optimizations -Wpointer-arith -Wfloat-equal -Wlogical-op -Wno-error=cast-align=strict -Wno-error=ignored-qualifiers -Wno-error=cast-function-type -Wno-error=deprecated-declarations -Wno-error=stringop-truncation -Wno-error=shadow -Wno-error=cast-qual -Wno-error=aggregate-return -Wno-error=missing-field-initializers -Wno-error=packed -Wno-error=vla -Wno-error=clobbered -Wno-error=unused-parameter -I/home/pli/builds/openpli-scarthgap-build-1-30-2025/openpli-oe-core/build/tmp/work/osmio4k-oe-linux-gnueabi/enigma2/3.12+git/recipe-sysroot/usr/include/freetype2 -I/home/pli/builds/openpli-scarthgap-build-1-30-2025/openpli-oe-core/build/tmp/work/osmio4k-oe-linux-gnueabi/enigma2/3.12+git/recipe-sysroot/usr/include/fribidi -I/home/pli/builds/openpli-scarthgap-build-1-30-2025/openpli-oe-core/build/tmp/work/osmio4k-oe-linux-gnueabi/enigma2/3.12+git/recipe-sysroot/usr/include/glib-2.0 -I/home/pli/builds/openpli-scarthgap-build-1-30-2025/openpli-oe-core/build/tmp/work/osmio4k-oe-linux-gnueabi/enigma2/3.12+git/recipe-sysroot/usr/lib/glib-2.0/include -I/home/pli/builds/openpli-scarthgap-build-1-30-2025/openpli-oe-core/build/tmp/work/osmio4k-oe-linux-gnueabi/enigma2/3.12+git/recipe-sysroot/usr/include/libpng16 -I/home/pli/builds/openpli-scarthgap-build-1-30-2025/openpli-oe-core/build/tmp/work/osmio4k-oe-linux-gnueabi/enigma2/3.12+git/recipe-sysroot/usr/include/libxml2 -I/home/pli/builds/openpli-scarthgap-build-1-30-2025/openpli-oe-core/build/tmp/work/osmio4k-oe-linux-gnueabi/enigma2/3.12+git/recipe-sysroot/usr/include/sigc++-3.0 -I/home/pli/builds/openpli-scarthgap-build-1-30-2025/openpli-oe-core/build/tmp/work/osmio4k-oe-linux-gnueabi/enigma2/3.12+git/recipe-sysroot/usr/lib/sigc++-3.0/include -fno-rtti -fno-exceptions -rdynamic -funwind-tables -fopenmp -MT socket_mmi.lo -MD -MP -MF .deps/socket_mmi.Tpo -c ../../../../../../../git/lib/python/Plugins/Extensions/SocketMMI/src/socket_mmi.cpp  -fPIC -DPIC -o .libs/socket_mmi.o

In file included from ../../../../../../../git/lib/dvb_ci/dvbci.h:9,
                 from ../../../../../../../git/lib/dvb_ci/dvbci_session.h:6,
                 from ../../../../../../../git/lib/python/Plugins/Extensions/SocketMMI/src/socket_mmi.cpp:12:
../../../../../../../git/lib/service/iservice.h: In member function 'virtual void iServiceInformation::getAITApplications(std::map<int, std::__cxx11::basic_string<char> >&)':
../../../../../../../git/lib/service/iservice.h:439:69: warning: unused parameter 'aitlist' [-Wunused-parameter]
  439 |         virtual void getAITApplications(std::map<int, std::string> &aitlist) {};
      |                                         ~~~~~~~~~~~~~~~~~~~~~~~~~~~~^~~~~~~

../../../../../../../git/lib/python/Plugins/Extensions/SocketMMI/src/socket_mmi.cpp: In function 'PyObject* socketmmi_get_socket_state_changed_cb_list(PyObject*)':
../../../../../../../git/lib/python/Plugins/Extensions/SocketMMI/src/socket_mmi.cpp:314:54: warning: unused parameter 'self' [-Wunused-parameter]
  314 | socketmmi_get_socket_state_changed_cb_list(PyObject *self)
      |                                            ~~~~~~~~~~^~~~

../../../../../../../git/lib/python/Plugins/Extensions/SocketMMI/src/socket_mmi.cpp: In function 'PyObject* socketmmi_set_init(PyObject*, PyObject*)':
../../../../../../../git/lib/python/Plugins/Extensions/SocketMMI/src/socket_mmi.cpp:320:30: warning: unused parameter 'self' [-Wunused-parameter]
  320 | socketmmi_set_init(PyObject *self, PyObject *args)
      |                    ~~~~~~~~~~^~~~

../../../../../../../git/lib/python/Plugins/Extensions/SocketMMI/src/socket_mmi.cpp: In function 'PyObject* socketmmi_set_reset(PyObject*, PyObject*)':
../../../../../../../git/lib/python/Plugins/Extensions/SocketMMI/src/socket_mmi.cpp:330:31: warning: unused parameter 'self' [-Wunused-parameter]
  330 | socketmmi_set_reset(PyObject *self, PyObject *args)
      |                     ~~~~~~~~~~^~~~

../../../../../../../git/lib/python/Plugins/Extensions/SocketMMI/src/socket_mmi.cpp: In function 'PyObject* socketmmi_available_mmi(PyObject*, PyObject*)':
../../../../../../../git/lib/python/Plugins/Extensions/SocketMMI/src/socket_mmi.cpp:340:35: warning: unused parameter 'self' [-Wunused-parameter]
  340 | socketmmi_available_mmi(PyObject *self, PyObject *args)
      |                         ~~~~~~~~~~^~~~

../../../../../../../git/lib/python/Plugins/Extensions/SocketMMI/src/socket_mmi.cpp: In function 'PyObject* socketmmi_get_mmi_screen(PyObject*, PyObject*)':
../../../../../../../git/lib/python/Plugins/Extensions/SocketMMI/src/socket_mmi.cpp:349:36: warning: unused parameter 'self' [-Wunused-parameter]
  349 | socketmmi_get_mmi_screen(PyObject *self, PyObject *args)
      |                          ~~~~~~~~~~^~~~

../../../../../../../git/lib/python/Plugins/Extensions/SocketMMI/src/socket_mmi.cpp: In function 'PyObject* socketmmi_start_mmi(PyObject*, PyObject*)':
../../../../../../../git/lib/python/Plugins/Extensions/SocketMMI/src/socket_mmi.cpp:358:31: warning: unused parameter 'self' [-Wunused-parameter]
  358 | socketmmi_start_mmi(PyObject *self, PyObject *args)
      |                     ~~~~~~~~~~^~~~

../../../../../../../git/lib/python/Plugins/Extensions/SocketMMI/src/socket_mmi.cpp: In function 'PyObject* socketmmi_stop_mmi(PyObject*, PyObject*)':
../../../../../../../git/lib/python/Plugins/Extensions/SocketMMI/src/socket_mmi.cpp:367:30: warning: unused parameter 'self' [-Wunused-parameter]
  367 | socketmmi_stop_mmi(PyObject *self, PyObject *args)
      |                    ~~~~~~~~~~^~~~

../../../../../../../git/lib/python/Plugins/Extensions/SocketMMI/src/socket_mmi.cpp: In function 'PyObject* socketmmi_answer_menu(PyObject*, PyObject*)':
../../../../../../../git/lib/python/Plugins/Extensions/SocketMMI/src/socket_mmi.cpp:376:33: warning: unused parameter 'self' [-Wunused-parameter]
  376 | socketmmi_answer_menu(PyObject *self, PyObject *args)
      |                       ~~~~~~~~~~^~~~

../../../../../../../git/lib/python/Plugins/Extensions/SocketMMI/src/socket_mmi.cpp: In function 'PyObject* socketmmi_answer_enq(PyObject*, PyObject*)':
../../../../../../../git/lib/python/Plugins/Extensions/SocketMMI/src/socket_mmi.cpp:385:32: warning: unused parameter 'self' [-Wunused-parameter]
  385 | socketmmi_answer_enq(PyObject *self, PyObject *args)
      |                      ~~~~~~~~~~^~~~

../../../../../../../git/lib/python/Plugins/Extensions/SocketMMI/src/socket_mmi.cpp: In function 'PyObject* socketmmi_cancel_enq(PyObject*, PyObject*)':
../../../../../../../git/lib/python/Plugins/Extensions/SocketMMI/src/socket_mmi.cpp:395:32: warning: unused parameter 'self' [-Wunused-parameter]
  395 | socketmmi_cancel_enq(PyObject *self, PyObject *args)
      |                      ~~~~~~~~~~^~~~

../../../../../../../git/lib/python/Plugins/Extensions/SocketMMI/src/socket_mmi.cpp: In function 'PyObject* socketmmi_get_state(PyObject*, PyObject*)':
../../../../../../../git/lib/python/Plugins/Extensions/SocketMMI/src/socket_mmi.cpp:404:31: warning: unused parameter 'self' [-Wunused-parameter]
  404 | socketmmi_get_state(PyObject *self, PyObject *args)
      |                     ~~~~~~~~~~^~~~

../../../../../../../git/lib/python/Plugins/Extensions/SocketMMI/src/socket_mmi.cpp: In function 'PyObject* socketmmi_get_mmi_state(PyObject*, PyObject*)':
../../../../../../../git/lib/python/Plugins/Extensions/SocketMMI/src/socket_mmi.cpp:413:35: warning: unused parameter 'self' [-Wunused-parameter]
  413 | socketmmi_get_mmi_state(PyObject *self, PyObject *args)
      |                         ~~~~~~~~~~^~~~

../../../../../../../git/lib/python/Plugins/Extensions/SocketMMI/src/socket_mmi.cpp: In function 'PyObject* socketmmi_get_name(PyObject*, PyObject*)':
../../../../../../../git/lib/python/Plugins/Extensions/SocketMMI/src/socket_mmi.cpp:422:30: warning: unused parameter 'self' [-Wunused-parameter]
  422 | socketmmi_get_name(PyObject *self, PyObject *args)
      |                    ~~~~~~~~~~^~~~

libtool: compile:  arm-oe-linux-gnueabi-g++ -march=armv7ve -mfpu=neon-vfpv4 -mfloat-abi=hard -D_TIME_BITS=64 -D_FILE_OFFSET_BITS=64 --sysroot=/home/pli/builds/openpli-scarthgap-build-1-30-2025/openpli-oe-core/build/tmp/work/osmio4k-oe-linux-gnueabi/enigma2/3.12+git/recipe-sysroot -std=gnu++17 -DHAVE_CONFIG_H -I. -I../../../../../../../git/lib/python/Plugins/Extensions/SocketMMI/src -I../../../../../.. -I../../../../../../../git -I../../../../../../../git/include -include Python.h -include ../../../../../../enigma2_config.h -I/home/pli/builds/openpli-scarthgap-build-1-30-2025/openpli-oe-core/build/tmp/work/osmio4k-oe-linux-gnueabi/enigma2/3.12+git/recipe-sysroot/usr/include/python3.12 -Os -pipe -g -feliminate-unused-debug-types -fcanon-prefix-map -fmacro-prefix-map=/home/pli/builds/openpli-scarthgap-build-1-30-2025/openpli-oe-core/build/tmp/work/osmio4k-oe-linux-gnueabi/enigma2/3.12+git/git=/usr/src/debug/enigma2/3.12+git -fdebug-prefix-map=/home/pli/builds/openpli-scarthgap-build-1-30-2025/openpli-oe-core/build/tmp/work/osmio4k-oe-linux-gnueabi/enigma2/3.12+git/git=/usr/src/debug/enigma2/3.12+git -fmacro-prefix-map=/home/pli/builds/openpli-scarthgap-build-1-30-2025/openpli-oe-core/build/tmp/work/osmio4k-oe-linux-gnueabi/enigma2/3.12+git/build=/usr/src/debug/enigma2/3.12+git -fdebug-prefix-map=/home/pli/builds/openpli-scarthgap-build-1-30-2025/openpli-oe-core/build/tmp/work/osmio4k-oe-linux-gnueabi/enigma2/3.12+git/build=/usr/src/debug/enigma2/3.12+git -fdebug-prefix-map=/home/pli/builds/openpli-scarthgap-build-1-30-2025/openpli-oe-core/build/tmp/work/osmio4k-oe-linux-gnueabi/enigma2/3.12+git/recipe-sysroot= -fmacro-prefix-map=/home/pli/builds/openpli-scarthgap-build-1-30-2025/openpli-oe-core/build/tmp/work/osmio4k-oe-linux-gnueabi/enigma2/3.12+git/recipe-sysroot= -fdebug-prefix-map=/home/pli/builds/openpli-scarthgap-build-1-30-2025/openpli-oe-core/build/tmp/work/osmio4k-oe-linux-gnueabi/enigma2/3.12+git/recipe-sysroot-native= -fvisibility-inlines-hidden -Wattribute-alias -Wattribute-alias=1 -Wall -Wextra -Werror -Wformat=2 -Wformat-overflow=2 -Wformat-nonliteral -Wformat-security -Wimplicit-fallthrough=5 -Wduplicated-branches -Wtrampolines -Wdangling-else -Wshift-overflow=2 -Wswitch -Wunused-but-set-parameter -Wunused-const-variable=1 -Wuninitialized -Wstringop-overflow=3 -Woverlength-strings -Wunsafe-loop-optimizations -Wpointer-arith -Wfloat-equal -Wlogical-op -Wno-error=cast-align=strict -Wno-error=ignored-qualifiers -Wno-error=cast-function-type -Wno-error=deprecated-declarations -Wno-error=stringop-truncation -Wno-error=shadow -Wno-error=cast-qual -Wno-error=aggregate-return -Wno-error=missing-field-initializers -Wno-error=packed -Wno-error=vla -Wno-error=clobbered -Wno-error=unused-parameter -I/home/pli/builds/openpli-scarthgap-build-1-30-2025/openpli-oe-core/build/tmp/work/osmio4k-oe-linux-gnueabi/enigma2/3.12+git/recipe-sysroot/usr/include/freetype2 -I/home/pli/builds/openpli-scarthgap-build-1-30-2025/openpli-oe-core/build/tmp/work/osmio4k-oe-linux-gnueabi/enigma2/3.12+git/recipe-sysroot/usr/include/fribidi -I/home/pli/builds/openpli-scarthgap-build-1-30-2025/openpli-oe-core/build/tmp/work/osmio4k-oe-linux-gnueabi/enigma2/3.12+git/recipe-sysroot/usr/include/glib-2.0 -I/home/pli/builds/openpli-scarthgap-build-1-30-2025/openpli-oe-core/build/tmp/work/osmio4k-oe-linux-gnueabi/enigma2/3.12+git/recipe-sysroot/usr/lib/glib-2.0/include -I/home/pli/builds/openpli-scarthgap-build-1-30-2025/openpli-oe-core/build/tmp/work/osmio4k-oe-linux-gnueabi/enigma2/3.12+git/recipe-sysroot/usr/include/libpng16 -I/home/pli/builds/openpli-scarthgap-build-1-30-2025/openpli-oe-core/build/tmp/work/osmio4k-oe-linux-gnueabi/enigma2/3.12+git/recipe-sysroot/usr/include/libxml2 -I/home/pli/builds/openpli-scarthgap-build-1-30-2025/openpli-oe-core/build/tmp/work/osmio4k-oe-linux-gnueabi/enigma2/3.12+git/recipe-sysroot/usr/include/sigc++-3.0 -I/home/pli/builds/openpli-scarthgap-build-1-30-2025/openpli-oe-core/build/tmp/work/osmio4k-oe-linux-gnueabi/enigma2/3.12+git/recipe-sysroot/usr/lib/sigc++-3.0/include -fno-rtti -fno-exceptions -rdynamic -funwind-tables -fopenmp -MT socket_mmi.lo -MD -MP -MF .deps/socket_mmi.Tpo -c ../../../../../../../git/lib/python/Plugins/Extensions/SocketMMI/src/socket_mmi.cpp -o socket_mmi.o >/dev/null 2>&1

mv -f .deps/socket_mmi.Tpo .deps/socket_mmi.Plo

/bin/bash ../../../../../../libtool  --tag=CXX   --mode=link arm-oe-linux-gnueabi-g++  -march=armv7ve -mfpu=neon-vfpv4 -mfloat-abi=hard -D_TIME_BITS=64 -D_FILE_OFFSET_BITS=64 --sysroot=/home/pli/builds/openpli-scarthgap-build-1-30-2025/openpli-oe-core/build/tmp/work/osmio4k-oe-linux-gnueabi/enigma2/3.12+git/recipe-sysroot -std=gnu++17  -Os -pipe -g -feliminate-unused-debug-types -fcanon-prefix-map  -fmacro-prefix-map=/home/pli/builds/openpli-scarthgap-build-1-30-2025/openpli-oe-core/build/tmp/work/osmio4k-oe-linux-gnueabi/enigma2/3.12+git/git=/usr/src/debug/enigma2/3.12+git  -fdebug-prefix-map=/home/pli/builds/openpli-scarthgap-build-1-30-2025/openpli-oe-core/build/tmp/work/osmio4k-oe-linux-gnueabi/enigma2/3.12+git/git=/usr/src/debug/enigma2/3.12+git  -fmacro-prefix-map=/home/pli/builds/openpli-scarthgap-build-1-30-2025/openpli-oe-core/build/tmp/work/osmio4k-oe-linux-gnueabi/enigma2/3.12+git/build=/usr/src/debug/enigma2/3.12+git  -fdebug-prefix-map=/home/pli/builds/openpli-scarthgap-build-1-30-2025/openpli-oe-core/build/tmp/work/osmio4k-oe-linux-gnueabi/enigma2/3.12+git/build=/usr/src/debug/enigma2/3.12+git  -fdebug-prefix-map=/home/pli/builds/openpli-scarthgap-build-1-30-2025/openpli-oe-core/build/tmp/work/osmio4k-oe-linux-gnueabi/enigma2/3.12+git/recipe-sysroot=  -fmacro-prefix-map=/home/pli/builds/openpli-scarthgap-build-1-30-2025/openpli-oe-core/build/tmp/work/osmio4k-oe-linux-gnueabi/enigma2/3.12+git/recipe-sysroot=  -fdebug-prefix-map=/home/pli/builds/openpli-scarthgap-build-1-30-2025/openpli-oe-core/build/tmp/work/osmio4k-oe-linux-gnueabi/enigma2/3.12+git/recipe-sysroot-native=  -fvisibility-inlines-hidden -Wattribute-alias -Wattribute-alias=1 -Wall -Wextra -Werror 	-Wformat=2 -Wformat-overflow=2 -Wformat-nonliteral -Wformat-security 	-Wimplicit-fallthrough=5 -Wduplicated-branches -Wtrampolines 	-Wdangling-else -Wshift-overflow=2 -Wswitch 	-Wunused-but-set-parameter -Wunused-const-variable=1 -Wuninitialized 	-Wstringop-overflow=3 -Woverlength-strings 	-Wunsafe-loop-optimizations -Wpointer-arith 	-Wfloat-equal -Wlogical-op 	-Wno-error=cast-align=strict -Wno-error=ignored-qualifiers 	-Wno-error=cast-function-type -Wno-error=deprecated-declarations 	-Wno-error=stringop-truncation -Wno-error=shadow -Wno-error=cast-qual 	-Wno-error=aggregate-return -Wno-error=missing-field-initializers 	-Wno-error=packed -Wno-error=vla -Wno-error=clobbered -Wno-error=unused-parameter 	-I/home/pli/builds/openpli-scarthgap-build-1-30-2025/openpli-oe-core/build/tmp/work/osmio4k-oe-linux-gnueabi/enigma2/3.12+git/recipe-sysroot/usr/include/freetype2 -I/home/pli/builds/openpli-scarthgap-build-1-30-2025/openpli-oe-core/build/tmp/work/osmio4k-oe-linux-gnueabi/enigma2/3.12+git/recipe-sysroot/usr/include/fribidi -I/home/pli/builds/openpli-scarthgap-build-1-30-2025/openpli-oe-core/build/tmp/work/osmio4k-oe-linux-gnueabi/enigma2/3.12+git/recipe-sysroot/usr/include/glib-2.0 -I/home/pli/builds/openpli-scarthgap-build-1-30-2025/openpli-oe-core/build/tmp/work/osmio4k-oe-linux-gnueabi/enigma2/3.12+git/recipe-sysroot/usr/lib/glib-2.0/include -I/home/pli/builds/openpli-scarthgap-build-1-30-2025/openpli-oe-core/build/tmp/work/osmio4k-oe-linux-gnueabi/enigma2/3.12+git/recipe-sysroot/usr/include/libpng16 -I/home/pli/builds/openpli-scarthgap-build-1-30-2025/openpli-oe-core/build/tmp/work/osmio4k-oe-linux-gnueabi/enigma2/3.12+git/recipe-sysroot/usr/include/libxml2 -I/home/pli/builds/openpli-scarthgap-build-1-30-2025/openpli-oe-core/build/tmp/work/osmio4k-oe-linux-gnueabi/enigma2/3.12+git/recipe-sysroot/usr/include/sigc++-3.0 -I/home/pli/builds/openpli-scarthgap-build-1-30-2025/openpli-oe-core/build/tmp/work/osmio4k-oe-linux-gnueabi/enigma2/3.12+git/recipe-sysroot/usr/lib/sigc++-3.0/include -fno-rtti -fno-exceptions -rdynamic -funwind-tables  -fopenmp  -avoid-version -module -lxml2 -Wl,-O1 -Wl,--hash-style=gnu -Wl,--as-needed -fcanon-prefix-map  -fmacro-prefix-map=/home/pli/builds/openpli-scarthgap-build-1-30-2025/openpli-oe-core/build/tmp/work/osmio4k-oe-linux-gnueabi/enigma2/3.12+git/git=/usr/src/debug/enigma2/3.12+git  -fdebug-prefix-map=/home/pli/builds/openpli-scarthgap-build-1-30-2025/openpli-oe-core/build/tmp/work/osmio4k-oe-linux-gnueabi/enigma2/3.12+git/git=/usr/src/debug/enigma2/3.12+git  -fmacro-prefix-map=/home/pli/builds/openpli-scarthgap-build-1-30-2025/openpli-oe-core/build/tmp/work/osmio4k-oe-linux-gnueabi/enigma2/3.12+git/build=/usr/src/debug/enigma2/3.12+git  -fdebug-prefix-map=/home/pli/builds/openpli-scarthgap-build-1-30-2025/openpli-oe-core/build/tmp/work/osmio4k-oe-linux-gnueabi/enigma2/3.12+git/build=/usr/src/debug/enigma2/3.12+git  -fdebug-prefix-map=/home/pli/builds/openpli-scarthgap-build-1-30-2025/openpli-oe-core/build/tmp/work/osmio4k-oe-linux-gnueabi/enigma2/3.12+git/recipe-sysroot=  -fmacro-prefix-map=/home/pli/builds/openpli-scarthgap-build-1-30-2025/openpli-oe-core/build/tmp/work/osmio4k-oe-linux-gnueabi/enigma2/3.12+git/recipe-sysroot=  -fdebug-prefix-map=/home/pli/builds/openpli-scarthgap-build-1-30-2025/openpli-oe-core/build/tmp/work/osmio4k-oe-linux-gnueabi/enigma2/3.12+git/recipe-sysroot-native=  -o socketmmi.la -rpath /usr/lib/enigma2/python/Plugins/Extensions/SocketMMI socket_mmi.lo  -ludfread 

libtool: link: arm-oe-linux-gnueabi-g++  -march=armv7ve -mfpu=neon-vfpv4 -mfloat-abi=hard -D_TIME_BITS=64 -D_FILE_OFFSET_BITS=64 --sysroot=/home/pli/builds/openpli-scarthgap-build-1-30-2025/openpli-oe-core/build/tmp/work/osmio4k-oe-linux-gnueabi/enigma2/3.12+git/recipe-sysroot  -fPIC -DPIC -shared -nostdlib /home/pli/builds/openpli-scarthgap-build-1-30-2025/openpli-oe-core/build/tmp/work/osmio4k-oe-linux-gnueabi/enigma2/3.12+git/recipe-sysroot/usr/lib/crti.o /home/pli/builds/openpli-scarthgap-build-1-30-2025/openpli-oe-core/build/tmp/work/osmio4k-oe-linux-gnueabi/enigma2/3.12+git/recipe-sysroot/usr/lib/arm-oe-linux-gnueabi/13.3.0/crtbeginS.o  .libs/socket_mmi.o   -lxml2 -ludfread -L/home/pli/builds/openpli-scarthgap-build-1-30-2025/openpli-oe-core/build/tmp/work/osmio4k-oe-linux-gnueabi/enigma2/3.12+git/recipe-sysroot-native/usr/bin/arm-oe-linux-gnueabi/../../lib/arm-oe-linux-gnueabi/gcc/arm-oe-linux-gnueabi/13.3.0 -L/home/pli/builds/openpli-scarthgap-build-1-30-2025/openpli-oe-core/build/tmp/work/osmio4k-oe-linux-gnueabi/enigma2/3.12+git/recipe-sysroot-native/usr/bin/arm-oe-linux-gnueabi/../../lib/arm-oe-linux-gnueabi/gcc -L/home/pli/builds/openpli-scarthgap-build-1-30-2025/openpli-oe-core/build/tmp/work/osmio4k-oe-linux-gnueabi/enigma2/3.12+git/recipe-sysroot/lib -L/home/pli/builds/openpli-scarthgap-build-1-30-2025/openpli-oe-core/build/tmp/work/osmio4k-oe-linux-gnueabi/enigma2/3.12+git/recipe-sysroot/usr/lib/arm-oe-linux-gnueabi/13.3.0 -L/home/pli/builds/openpli-scarthgap-build-1-30-2025/openpli-oe-core/build/tmp/work/osmio4k-oe-linux-gnueabi/enigma2/3.12+git/recipe-sysroot/usr/lib -lstdc++ -lm -lc -lgcc_s /home/pli/builds/openpli-scarthgap-build-1-30-2025/openpli-oe-core/build/tmp/work/osmio4k-oe-linux-gnueabi/enigma2/3.12+git/recipe-sysroot/usr/lib/arm-oe-linux-gnueabi/13.3.0/crtendS.o /home/pli/builds/openpli-scarthgap-build-1-30-2025/openpli-oe-core/build/tmp/work/osmio4k-oe-linux-gnueabi/enigma2/3.12+git/recipe-sysroot/usr/lib/crtn.o  -march=armv7ve -mfpu=neon-vfpv4 -mfloat-abi=hard --sysroot=/home/pli/builds/openpli-scarthgap-build-1-30-2025/openpli-oe-core/build/tmp/work/osmio4k-oe-linux-gnueabi/enigma2/3.12+git/recipe-sysroot -Os -g -fmacro-prefix-map=/home/pli/builds/openpli-scarthgap-build-1-30-2025/openpli-oe-core/build/tmp/work/osmio4k-oe-linux-gnueabi/enigma2/3.12+git/git=/usr/src/debug/enigma2/3.12+git -fdebug-prefix-map=/home/pli/builds/openpli-scarthgap-build-1-30-2025/openpli-oe-core/build/tmp/work/osmio4k-oe-linux-gnueabi/enigma2/3.12+git/git=/usr/src/debug/enigma2/3.12+git -fmacro-prefix-map=/home/pli/builds/openpli-scarthgap-build-1-30-2025/openpli-oe-core/build/tmp/work/osmio4k-oe-linux-gnueabi/enigma2/3.12+git/build=/usr/src/debug/enigma2/3.12+git -fdebug-prefix-map=/home/pli/builds/openpli-scarthgap-build-1-30-2025/openpli-oe-core/build/tmp/work/osmio4k-oe-linux-gnueabi/enigma2/3.12+git/build=/usr/src/debug/enigma2/3.12+git -fdebug-prefix-map=/home/pli/builds/openpli-scarthgap-build-1-30-2025/openpli-oe-core/build/tmp/work/osmio4k-oe-linux-gnueabi/enigma2/3.12+git/recipe-sysroot= -fmacro-prefix-map=/home/pli/builds/openpli-scarthgap-build-1-30-2025/openpli-oe-core/build/tmp/work/osmio4k-oe-linux-gnueabi/enigma2/3.12+git/recipe-sysroot= -fdebug-prefix-map=/home/pli/builds/openpli-scarthgap-build-1-30-2025/openpli-oe-core/build/tmp/work/osmio4k-oe-linux-gnueabi/enigma2/3.12+git/recipe-sysroot-native= -fopenmp -Wl,-O1 -Wl,--hash-style=gnu -Wl,--as-needed -fmacro-prefix-map=/home/pli/builds/openpli-scarthgap-build-1-30-2025/openpli-oe-core/build/tmp/work/osmio4k-oe-linux-gnueabi/enigma2/3.12+git/git=/usr/src/debug/enigma2/3.12+git -fdebug-prefix-map=/home/pli/builds/openpli-scarthgap-build-1-30-2025/openpli-oe-core/build/tmp/work/osmio4k-oe-linux-gnueabi/enigma2/3.12+git/git=/usr/src/debug/enigma2/3.12+git -fmacro-prefix-map=/home/pli/builds/openpli-scarthgap-build-1-30-2025/openpli-oe-core/build/tmp/work/osmio4k-oe-linux-gnueabi/enigma2/3.12+git/build=/usr/src/debug/enigma2/3.12+git -fdebug-prefix-map=/home/pli/builds/openpli-scarthgap-build-1-30-2025/openpli-oe-core/build/tmp/work/osmio4k-oe-linux-gnueabi/enigma2/3.12+git/build=/usr/src/debug/enigma2/3.12+git -fdebug-prefix-map=/home/pli/builds/openpli-scarthgap-build-1-30-2025/openpli-oe-core/build/tmp/work/osmio4k-oe-linux-gnueabi/enigma2/3.12+git/recipe-sysroot= -fmacro-prefix-map=/home/pli/builds/openpli-scarthgap-build-1-30-2025/openpli-oe-core/build/tmp/work/osmio4k-oe-linux-gnueabi/enigma2/3.12+git/recipe-sysroot= -fdebug-prefix-map=/home/pli/builds/openpli-scarthgap-build-1-30-2025/openpli-oe-core/build/tmp/work/osmio4k-oe-linux-gnueabi/enigma2/3.12+git/recipe-sysroot-native=   -fopenmp -Wl,-soname -Wl,socketmmi.so -o .libs/socketmmi.so

libtool: link: arm-oe-linux-gnueabi-gcc-ar cr .libs/socketmmi.a  socket_mmi.o

libtool: link: arm-oe-linux-gnueabi-gcc-ranlib .libs/socketmmi.a

libtool: link: ( cd ".libs" && rm -f "socketmmi.la" && ln -s "../socketmmi.la" "socketmmi.la" )

make[8]: Leaving directory '/home/pli/builds/openpli-scarthgap-build-1-30-2025/openpli-oe-core/build/tmp/work/osmio4k-oe-linux-gnueabi/enigma2/3.12+git/build/lib/python/Plugins/Extensions/SocketMMI/src'

Making all in meta

make[8]: Entering directory '/home/pli/builds/openpli-scarthgap-build-1-30-2025/openpli-oe-core/build/tmp/work/osmio4k-oe-linux-gnueabi/enigma2/3.12+git/build/lib/python/Plugins/Extensions/SocketMMI/meta'
make[8]: Nothing to be done for 'all'.
make[8]: Leaving directory '/home/pli/builds/openpli-scarthgap-build-1-30-2025/openpli-oe-core/build/tmp/work/osmio4k-oe-linux-gnueabi/enigma2/3.12+git/build/lib/python/Plugins/Extensions/SocketMMI/meta'

make[8]: Entering directory '/home/pli/builds/openpli-scarthgap-build-1-30-2025/openpli-oe-core/build/tmp/work/osmio4k-oe-linux-gnueabi/enigma2/3.12+git/build/lib/python/Plugins/Extensions/SocketMMI'
make[8]: Nothing to be done for 'all-am'.
make[8]: Leaving directory '/home/pli/builds/openpli-scarthgap-build-1-30-2025/openpli-oe-core/build/tmp/work/osmio4k-oe-linux-gnueabi/enigma2/3.12+git/build/lib/python/Plugins/Extensions/SocketMMI'

make[7]: Leaving directory '/home/pli/builds/openpli-scarthgap-build-1-30-2025/openpli-oe-core/build/tmp/work/osmio4k-oe-linux-gnueabi/enigma2/3.12+git/build/lib/python/Plugins/Extensions/SocketMMI'

Making all in DVDBurn

make[7]: Entering directory '/home/pli/builds/openpli-scarthgap-build-1-30-2025/openpli-oe-core/build/tmp/work/osmio4k-oe-linux-gnueabi/enigma2/3.12+git/build/lib/python/Plugins/Extensions/DVDBurn'

Making all in meta

make[8]: Entering directory '/home/pli/builds/openpli-scarthgap-build-1-30-2025/openpli-oe-core/build/tmp/work/osmio4k-oe-linux-gnueabi/enigma2/3.12+git/build/lib/python/Plugins/Extensions/DVDBurn/meta'
make[8]: Nothing to be done for 'all'.
make[8]: Leaving directory '/home/pli/builds/openpli-scarthgap-build-1-30-2025/openpli-oe-core/build/tmp/work/osmio4k-oe-linux-gnueabi/enigma2/3.12+git/build/lib/python/Plugins/Extensions/DVDBurn/meta'

make[8]: Entering directory '/home/pli/builds/openpli-scarthgap-build-1-30-2025/openpli-oe-core/build/tmp/work/osmio4k-oe-linux-gnueabi/enigma2/3.12+git/build/lib/python/Plugins/Extensions/DVDBurn'
make[8]: Nothing to be done for 'all-am'.
make[8]: Leaving directory '/home/pli/builds/openpli-scarthgap-build-1-30-2025/openpli-oe-core/build/tmp/work/osmio4k-oe-linux-gnueabi/enigma2/3.12+git/build/lib/python/Plugins/Extensions/DVDBurn'

make[7]: Leaving directory '/home/pli/builds/openpli-scarthgap-build-1-30-2025/openpli-oe-core/build/tmp/work/osmio4k-oe-linux-gnueabi/enigma2/3.12+git/build/lib/python/Plugins/Extensions/DVDBurn'

Making all in DVDPlayer

make[7]: Entering directory '/home/pli/builds/openpli-scarthgap-build-1-30-2025/openpli-oe-core/build/tmp/work/osmio4k-oe-linux-gnueabi/enigma2/3.12+git/build/lib/python/Plugins/Extensions/DVDPlayer'
make[7]: Nothing to be done for 'all'.
make[7]: Leaving directory '/home/pli/builds/openpli-scarthgap-build-1-30-2025/openpli-oe-core/build/tmp/work/osmio4k-oe-linux-gnueabi/enigma2/3.12+git/build/lib/python/Plugins/Extensions/DVDPlayer'

make[7]: Entering directory '/home/pli/builds/openpli-scarthgap-build-1-30-2025/openpli-oe-core/build/tmp/work/osmio4k-oe-linux-gnueabi/enigma2/3.12+git/build/lib/python/Plugins/Extensions'
make[7]: Nothing to be done for 'all-am'.
make[7]: Leaving directory '/home/pli/builds/openpli-scarthgap-build-1-30-2025/openpli-oe-core/build/tmp/work/osmio4k-oe-linux-gnueabi/enigma2/3.12+git/build/lib/python/Plugins/Extensions'

make[6]: Leaving directory '/home/pli/builds/openpli-scarthgap-build-1-30-2025/openpli-oe-core/build/tmp/work/osmio4k-oe-linux-gnueabi/enigma2/3.12+git/build/lib/python/Plugins/Extensions'

Making all in SystemPlugins

make[6]: Entering directory '/home/pli/builds/openpli-scarthgap-build-1-30-2025/openpli-oe-core/build/tmp/work/osmio4k-oe-linux-gnueabi/enigma2/3.12+git/build/lib/python/Plugins/SystemPlugins'

Making all in SoftwareManager

make[7]: Entering directory '/home/pli/builds/openpli-scarthgap-build-1-30-2025/openpli-oe-core/build/tmp/work/osmio4k-oe-linux-gnueabi/enigma2/3.12+git/build/lib/python/Plugins/SystemPlugins/SoftwareManager'

Making all in meta

make[8]: Entering directory '/home/pli/builds/openpli-scarthgap-build-1-30-2025/openpli-oe-core/build/tmp/work/osmio4k-oe-linux-gnueabi/enigma2/3.12+git/build/lib/python/Plugins/SystemPlugins/SoftwareManager/meta'
make[8]: Nothing to be done for 'all'.
make[8]: Leaving directory '/home/pli/builds/openpli-scarthgap-build-1-30-2025/openpli-oe-core/build/tmp/work/osmio4k-oe-linux-gnueabi/enigma2/3.12+git/build/lib/python/Plugins/SystemPlugins/SoftwareManager/meta'

make[8]: Entering directory '/home/pli/builds/openpli-scarthgap-build-1-30-2025/openpli-oe-core/build/tmp/work/osmio4k-oe-linux-gnueabi/enigma2/3.12+git/build/lib/python/Plugins/SystemPlugins/SoftwareManager'
make[8]: Nothing to be done for 'all-am'.
make[8]: Leaving directory '/home/pli/builds/openpli-scarthgap-build-1-30-2025/openpli-oe-core/build/tmp/work/osmio4k-oe-linux-gnueabi/enigma2/3.12+git/build/lib/python/Plugins/SystemPlugins/SoftwareManager'

make[7]: Leaving directory '/home/pli/builds/openpli-scarthgap-build-1-30-2025/openpli-oe-core/build/tmp/work/osmio4k-oe-linux-gnueabi/enigma2/3.12+git/build/lib/python/Plugins/SystemPlugins/SoftwareManager'

Making all in PositionerSetup

make[7]: Entering directory '/home/pli/builds/openpli-scarthgap-build-1-30-2025/openpli-oe-core/build/tmp/work/osmio4k-oe-linux-gnueabi/enigma2/3.12+git/build/lib/python/Plugins/SystemPlugins/PositionerSetup'

Making all in meta

make[8]: Entering directory '/home/pli/builds/openpli-scarthgap-build-1-30-2025/openpli-oe-core/build/tmp/work/osmio4k-oe-linux-gnueabi/enigma2/3.12+git/build/lib/python/Plugins/SystemPlugins/PositionerSetup/meta'
make[8]: Nothing to be done for 'all'.
make[8]: Leaving directory '/home/pli/builds/openpli-scarthgap-build-1-30-2025/openpli-oe-core/build/tmp/work/osmio4k-oe-linux-gnueabi/enigma2/3.12+git/build/lib/python/Plugins/SystemPlugins/PositionerSetup/meta'

make[8]: Entering directory '/home/pli/builds/openpli-scarthgap-build-1-30-2025/openpli-oe-core/build/tmp/work/osmio4k-oe-linux-gnueabi/enigma2/3.12+git/build/lib/python/Plugins/SystemPlugins/PositionerSetup'
make[8]: Nothing to be done for 'all-am'.
make[8]: Leaving directory '/home/pli/builds/openpli-scarthgap-build-1-30-2025/openpli-oe-core/build/tmp/work/osmio4k-oe-linux-gnueabi/enigma2/3.12+git/build/lib/python/Plugins/SystemPlugins/PositionerSetup'

make[7]: Leaving directory '/home/pli/builds/openpli-scarthgap-build-1-30-2025/openpli-oe-core/build/tmp/work/osmio4k-oe-linux-gnueabi/enigma2/3.12+git/build/lib/python/Plugins/SystemPlugins/PositionerSetup'

Making all in Satfinder

make[7]: Entering directory '/home/pli/builds/openpli-scarthgap-build-1-30-2025/openpli-oe-core/build/tmp/work/osmio4k-oe-linux-gnueabi/enigma2/3.12+git/build/lib/python/Plugins/SystemPlugins/Satfinder'

Making all in meta

make[8]: Entering directory '/home/pli/builds/openpli-scarthgap-build-1-30-2025/openpli-oe-core/build/tmp/work/osmio4k-oe-linux-gnueabi/enigma2/3.12+git/build/lib/python/Plugins/SystemPlugins/Satfinder/meta'
make[8]: Nothing to be done for 'all'.
make[8]: Leaving directory '/home/pli/builds/openpli-scarthgap-build-1-30-2025/openpli-oe-core/build/tmp/work/osmio4k-oe-linux-gnueabi/enigma2/3.12+git/build/lib/python/Plugins/SystemPlugins/Satfinder/meta'

make[8]: Entering directory '/home/pli/builds/openpli-scarthgap-build-1-30-2025/openpli-oe-core/build/tmp/work/osmio4k-oe-linux-gnueabi/enigma2/3.12+git/build/lib/python/Plugins/SystemPlugins/Satfinder'
make[8]: Nothing to be done for 'all-am'.
make[8]: Leaving directory '/home/pli/builds/openpli-scarthgap-build-1-30-2025/openpli-oe-core/build/tmp/work/osmio4k-oe-linux-gnueabi/enigma2/3.12+git/build/lib/python/Plugins/SystemPlugins/Satfinder'

make[7]: Leaving directory '/home/pli/builds/openpli-scarthgap-build-1-30-2025/openpli-oe-core/build/tmp/work/osmio4k-oe-linux-gnueabi/enigma2/3.12+git/build/lib/python/Plugins/SystemPlugins/Satfinder'

Making all in SatelliteEquipmentControl

make[7]: Entering directory '/home/pli/builds/openpli-scarthgap-build-1-30-2025/openpli-oe-core/build/tmp/work/osmio4k-oe-linux-gnueabi/enigma2/3.12+git/build/lib/python/Plugins/SystemPlugins/SatelliteEquipmentControl'

Making all in meta

make[8]: Entering directory '/home/pli/builds/openpli-scarthgap-build-1-30-2025/openpli-oe-core/build/tmp/work/osmio4k-oe-linux-gnueabi/enigma2/3.12+git/build/lib/python/Plugins/SystemPlugins/SatelliteEquipmentControl/meta'
make[8]: Nothing to be done for 'all'.
make[8]: Leaving directory '/home/pli/builds/openpli-scarthgap-build-1-30-2025/openpli-oe-core/build/tmp/work/osmio4k-oe-linux-gnueabi/enigma2/3.12+git/build/lib/python/Plugins/SystemPlugins/SatelliteEquipmentControl/meta'

make[8]: Entering directory '/home/pli/builds/openpli-scarthgap-build-1-30-2025/openpli-oe-core/build/tmp/work/osmio4k-oe-linux-gnueabi/enigma2/3.12+git/build/lib/python/Plugins/SystemPlugins/SatelliteEquipmentControl'
make[8]: Nothing to be done for 'all-am'.
make[8]: Leaving directory '/home/pli/builds/openpli-scarthgap-build-1-30-2025/openpli-oe-core/build/tmp/work/osmio4k-oe-linux-gnueabi/enigma2/3.12+git/build/lib/python/Plugins/SystemPlugins/SatelliteEquipmentControl'

make[7]: Leaving directory '/home/pli/builds/openpli-scarthgap-build-1-30-2025/openpli-oe-core/build/tmp/work/osmio4k-oe-linux-gnueabi/enigma2/3.12+git/build/lib/python/Plugins/SystemPlugins/SatelliteEquipmentControl'

Making all in Videomode

make[7]: Entering directory '/home/pli/builds/openpli-scarthgap-build-1-30-2025/openpli-oe-core/build/tmp/work/osmio4k-oe-linux-gnueabi/enigma2/3.12+git/build/lib/python/Plugins/SystemPlugins/Videomode'

Making all in meta

make[8]: Entering directory '/home/pli/builds/openpli-scarthgap-build-1-30-2025/openpli-oe-core/build/tmp/work/osmio4k-oe-linux-gnueabi/enigma2/3.12+git/build/lib/python/Plugins/SystemPlugins/Videomode/meta'
make[8]: Nothing to be done for 'all'.
make[8]: Leaving directory '/home/pli/builds/openpli-scarthgap-build-1-30-2025/openpli-oe-core/build/tmp/work/osmio4k-oe-linux-gnueabi/enigma2/3.12+git/build/lib/python/Plugins/SystemPlugins/Videomode/meta'

make[8]: Entering directory '/home/pli/builds/openpli-scarthgap-build-1-30-2025/openpli-oe-core/build/tmp/work/osmio4k-oe-linux-gnueabi/enigma2/3.12+git/build/lib/python/Plugins/SystemPlugins/Videomode'
make[8]: Nothing to be done for 'all-am'.
make[8]: Leaving directory '/home/pli/builds/openpli-scarthgap-build-1-30-2025/openpli-oe-core/build/tmp/work/osmio4k-oe-linux-gnueabi/enigma2/3.12+git/build/lib/python/Plugins/SystemPlugins/Videomode'

make[7]: Leaving directory '/home/pli/builds/openpli-scarthgap-build-1-30-2025/openpli-oe-core/build/tmp/work/osmio4k-oe-linux-gnueabi/enigma2/3.12+git/build/lib/python/Plugins/SystemPlugins/Videomode'

Making all in VideoTune

make[7]: Entering directory '/home/pli/builds/openpli-scarthgap-build-1-30-2025/openpli-oe-core/build/tmp/work/osmio4k-oe-linux-gnueabi/enigma2/3.12+git/build/lib/python/Plugins/SystemPlugins/VideoTune'

Making all in meta

make[8]: Entering directory '/home/pli/builds/openpli-scarthgap-build-1-30-2025/openpli-oe-core/build/tmp/work/osmio4k-oe-linux-gnueabi/enigma2/3.12+git/build/lib/python/Plugins/SystemPlugins/VideoTune/meta'
make[8]: Nothing to be done for 'all'.
make[8]: Leaving directory '/home/pli/builds/openpli-scarthgap-build-1-30-2025/openpli-oe-core/build/tmp/work/osmio4k-oe-linux-gnueabi/enigma2/3.12+git/build/lib/python/Plugins/SystemPlugins/VideoTune/meta'

make[8]: Entering directory '/home/pli/builds/openpli-scarthgap-build-1-30-2025/openpli-oe-core/build/tmp/work/osmio4k-oe-linux-gnueabi/enigma2/3.12+git/build/lib/python/Plugins/SystemPlugins/VideoTune'
make[8]: Nothing to be done for 'all-am'.
make[8]: Leaving directory '/home/pli/builds/openpli-scarthgap-build-1-30-2025/openpli-oe-core/build/tmp/work/osmio4k-oe-linux-gnueabi/enigma2/3.12+git/build/lib/python/Plugins/SystemPlugins/VideoTune'

make[7]: Leaving directory '/home/pli/builds/openpli-scarthgap-build-1-30-2025/openpli-oe-core/build/tmp/work/osmio4k-oe-linux-gnueabi/enigma2/3.12+git/build/lib/python/Plugins/SystemPlugins/VideoTune'

Making all in Hotplug

make[7]: Entering directory '/home/pli/builds/openpli-scarthgap-build-1-30-2025/openpli-oe-core/build/tmp/work/osmio4k-oe-linux-gnueabi/enigma2/3.12+git/build/lib/python/Plugins/SystemPlugins/Hotplug'

Making all in meta

make[8]: Entering directory '/home/pli/builds/openpli-scarthgap-build-1-30-2025/openpli-oe-core/build/tmp/work/osmio4k-oe-linux-gnueabi/enigma2/3.12+git/build/lib/python/Plugins/SystemPlugins/Hotplug/meta'
make[8]: Nothing to be done for 'all'.
make[8]: Leaving directory '/home/pli/builds/openpli-scarthgap-build-1-30-2025/openpli-oe-core/build/tmp/work/osmio4k-oe-linux-gnueabi/enigma2/3.12+git/build/lib/python/Plugins/SystemPlugins/Hotplug/meta'

make[8]: Entering directory '/home/pli/builds/openpli-scarthgap-build-1-30-2025/openpli-oe-core/build/tmp/work/osmio4k-oe-linux-gnueabi/enigma2/3.12+git/build/lib/python/Plugins/SystemPlugins/Hotplug'
make[8]: Nothing to be done for 'all-am'.
make[8]: Leaving directory '/home/pli/builds/openpli-scarthgap-build-1-30-2025/openpli-oe-core/build/tmp/work/osmio4k-oe-linux-gnueabi/enigma2/3.12+git/build/lib/python/Plugins/SystemPlugins/Hotplug'

make[7]: Leaving directory '/home/pli/builds/openpli-scarthgap-build-1-30-2025/openpli-oe-core/build/tmp/work/osmio4k-oe-linux-gnueabi/enigma2/3.12+git/build/lib/python/Plugins/SystemPlugins/Hotplug'

Making all in DefaultServicesScanner

make[7]: Entering directory '/home/pli/builds/openpli-scarthgap-build-1-30-2025/openpli-oe-core/build/tmp/work/osmio4k-oe-linux-gnueabi/enigma2/3.12+git/build/lib/python/Plugins/SystemPlugins/DefaultServicesScanner'

Making all in meta

make[8]: Entering directory '/home/pli/builds/openpli-scarthgap-build-1-30-2025/openpli-oe-core/build/tmp/work/osmio4k-oe-linux-gnueabi/enigma2/3.12+git/build/lib/python/Plugins/SystemPlugins/DefaultServicesScanner/meta'
make[8]: Nothing to be done for 'all'.
make[8]: Leaving directory '/home/pli/builds/openpli-scarthgap-build-1-30-2025/openpli-oe-core/build/tmp/work/osmio4k-oe-linux-gnueabi/enigma2/3.12+git/build/lib/python/Plugins/SystemPlugins/DefaultServicesScanner/meta'

make[8]: Entering directory '/home/pli/builds/openpli-scarthgap-build-1-30-2025/openpli-oe-core/build/tmp/work/osmio4k-oe-linux-gnueabi/enigma2/3.12+git/build/lib/python/Plugins/SystemPlugins/DefaultServicesScanner'
make[8]: Nothing to be done for 'all-am'.
make[8]: Leaving directory '/home/pli/builds/openpli-scarthgap-build-1-30-2025/openpli-oe-core/build/tmp/work/osmio4k-oe-linux-gnueabi/enigma2/3.12+git/build/lib/python/Plugins/SystemPlugins/DefaultServicesScanner'

make[7]: Leaving directory '/home/pli/builds/openpli-scarthgap-build-1-30-2025/openpli-oe-core/build/tmp/work/osmio4k-oe-linux-gnueabi/enigma2/3.12+git/build/lib/python/Plugins/SystemPlugins/DefaultServicesScanner'

Making all in DiseqcTester

make[7]: Entering directory '/home/pli/builds/openpli-scarthgap-build-1-30-2025/openpli-oe-core/build/tmp/work/osmio4k-oe-linux-gnueabi/enigma2/3.12+git/build/lib/python/Plugins/SystemPlugins/DiseqcTester'

Making all in meta

make[8]: Entering directory '/home/pli/builds/openpli-scarthgap-build-1-30-2025/openpli-oe-core/build/tmp/work/osmio4k-oe-linux-gnueabi/enigma2/3.12+git/build/lib/python/Plugins/SystemPlugins/DiseqcTester/meta'
make[8]: Nothing to be done for 'all'.
make[8]: Leaving directory '/home/pli/builds/openpli-scarthgap-build-1-30-2025/openpli-oe-core/build/tmp/work/osmio4k-oe-linux-gnueabi/enigma2/3.12+git/build/lib/python/Plugins/SystemPlugins/DiseqcTester/meta'

make[8]: Entering directory '/home/pli/builds/openpli-scarthgap-build-1-30-2025/openpli-oe-core/build/tmp/work/osmio4k-oe-linux-gnueabi/enigma2/3.12+git/build/lib/python/Plugins/SystemPlugins/DiseqcTester'
make[8]: Nothing to be done for 'all-am'.
make[8]: Leaving directory '/home/pli/builds/openpli-scarthgap-build-1-30-2025/openpli-oe-core/build/tmp/work/osmio4k-oe-linux-gnueabi/enigma2/3.12+git/build/lib/python/Plugins/SystemPlugins/DiseqcTester'

make[7]: Leaving directory '/home/pli/builds/openpli-scarthgap-build-1-30-2025/openpli-oe-core/build/tmp/work/osmio4k-oe-linux-gnueabi/enigma2/3.12+git/build/lib/python/Plugins/SystemPlugins/DiseqcTester'

Making all in CommonInterfaceAssignment

make[7]: Entering directory '/home/pli/builds/openpli-scarthgap-build-1-30-2025/openpli-oe-core/build/tmp/work/osmio4k-oe-linux-gnueabi/enigma2/3.12+git/build/lib/python/Plugins/SystemPlugins/CommonInterfaceAssignment'

Making all in meta

make[8]: Entering directory '/home/pli/builds/openpli-scarthgap-build-1-30-2025/openpli-oe-core/build/tmp/work/osmio4k-oe-linux-gnueabi/enigma2/3.12+git/build/lib/python/Plugins/SystemPlugins/CommonInterfaceAssignment/meta'
make[8]: Nothing to be done for 'all'.
make[8]: Leaving directory '/home/pli/builds/openpli-scarthgap-build-1-30-2025/openpli-oe-core/build/tmp/work/osmio4k-oe-linux-gnueabi/enigma2/3.12+git/build/lib/python/Plugins/SystemPlugins/CommonInterfaceAssignment/meta'

make[8]: Entering directory '/home/pli/builds/openpli-scarthgap-build-1-30-2025/openpli-oe-core/build/tmp/work/osmio4k-oe-linux-gnueabi/enigma2/3.12+git/build/lib/python/Plugins/SystemPlugins/CommonInterfaceAssignment'
make[8]: Nothing to be done for 'all-am'.
make[8]: Leaving directory '/home/pli/builds/openpli-scarthgap-build-1-30-2025/openpli-oe-core/build/tmp/work/osmio4k-oe-linux-gnueabi/enigma2/3.12+git/build/lib/python/Plugins/SystemPlugins/CommonInterfaceAssignment'

make[7]: Leaving directory '/home/pli/builds/openpli-scarthgap-build-1-30-2025/openpli-oe-core/build/tmp/work/osmio4k-oe-linux-gnueabi/enigma2/3.12+git/build/lib/python/Plugins/SystemPlugins/CommonInterfaceAssignment'

Making all in CableScan

make[7]: Entering directory '/home/pli/builds/openpli-scarthgap-build-1-30-2025/openpli-oe-core/build/tmp/work/osmio4k-oe-linux-gnueabi/enigma2/3.12+git/build/lib/python/Plugins/SystemPlugins/CableScan'
make[7]: Nothing to be done for 'all'.
make[7]: Leaving directory '/home/pli/builds/openpli-scarthgap-build-1-30-2025/openpli-oe-core/build/tmp/work/osmio4k-oe-linux-gnueabi/enigma2/3.12+git/build/lib/python/Plugins/SystemPlugins/CableScan'

Making all in FastScan

make[7]: Entering directory '/home/pli/builds/openpli-scarthgap-build-1-30-2025/openpli-oe-core/build/tmp/work/osmio4k-oe-linux-gnueabi/enigma2/3.12+git/build/lib/python/Plugins/SystemPlugins/FastScan'
make[7]: Nothing to be done for 'all'.
make[7]: Leaving directory '/home/pli/builds/openpli-scarthgap-build-1-30-2025/openpli-oe-core/build/tmp/work/osmio4k-oe-linux-gnueabi/enigma2/3.12+git/build/lib/python/Plugins/SystemPlugins/FastScan'

Making all in OSDPositionSetup

make[7]: Entering directory '/home/pli/builds/openpli-scarthgap-build-1-30-2025/openpli-oe-core/build/tmp/work/osmio4k-oe-linux-gnueabi/enigma2/3.12+git/build/lib/python/Plugins/SystemPlugins/OSDPositionSetup'
make[7]: Nothing to be done for 'all'.
make[7]: Leaving directory '/home/pli/builds/openpli-scarthgap-build-1-30-2025/openpli-oe-core/build/tmp/work/osmio4k-oe-linux-gnueabi/enigma2/3.12+git/build/lib/python/Plugins/SystemPlugins/OSDPositionSetup'

Making all in OSD3DSetup

make[7]: Entering directory '/home/pli/builds/openpli-scarthgap-build-1-30-2025/openpli-oe-core/build/tmp/work/osmio4k-oe-linux-gnueabi/enigma2/3.12+git/build/lib/python/Plugins/SystemPlugins/OSD3DSetup'
make[7]: Nothing to be done for 'all'.
make[7]: Leaving directory '/home/pli/builds/openpli-scarthgap-build-1-30-2025/openpli-oe-core/build/tmp/work/osmio4k-oe-linux-gnueabi/enigma2/3.12+git/build/lib/python/Plugins/SystemPlugins/OSD3DSetup'

Making all in HdmiCEC

make[7]: Entering directory '/home/pli/builds/openpli-scarthgap-build-1-30-2025/openpli-oe-core/build/tmp/work/osmio4k-oe-linux-gnueabi/enigma2/3.12+git/build/lib/python/Plugins/SystemPlugins/HdmiCEC'
make[7]: Nothing to be done for 'all'.
make[7]: Leaving directory '/home/pli/builds/openpli-scarthgap-build-1-30-2025/openpli-oe-core/build/tmp/work/osmio4k-oe-linux-gnueabi/enigma2/3.12+git/build/lib/python/Plugins/SystemPlugins/HdmiCEC'

Making all in VideoClippingSetup

make[7]: Entering directory '/home/pli/builds/openpli-scarthgap-build-1-30-2025/openpli-oe-core/build/tmp/work/osmio4k-oe-linux-gnueabi/enigma2/3.12+git/build/lib/python/Plugins/SystemPlugins/VideoClippingSetup'
make[7]: Nothing to be done for 'all'.
make[7]: Leaving directory '/home/pli/builds/openpli-scarthgap-build-1-30-2025/openpli-oe-core/build/tmp/work/osmio4k-oe-linux-gnueabi/enigma2/3.12+git/build/lib/python/Plugins/SystemPlugins/VideoClippingSetup'

Making all in VideoEnhancement

make[7]: Entering directory '/home/pli/builds/openpli-scarthgap-build-1-30-2025/openpli-oe-core/build/tmp/work/osmio4k-oe-linux-gnueabi/enigma2/3.12+git/build/lib/python/Plugins/SystemPlugins/VideoEnhancement'

Making all in meta

make[8]: Entering directory '/home/pli/builds/openpli-scarthgap-build-1-30-2025/openpli-oe-core/build/tmp/work/osmio4k-oe-linux-gnueabi/enigma2/3.12+git/build/lib/python/Plugins/SystemPlugins/VideoEnhancement/meta'
make[8]: Nothing to be done for 'all'.
make[8]: Leaving directory '/home/pli/builds/openpli-scarthgap-build-1-30-2025/openpli-oe-core/build/tmp/work/osmio4k-oe-linux-gnueabi/enigma2/3.12+git/build/lib/python/Plugins/SystemPlugins/VideoEnhancement/meta'

make[8]: Entering directory '/home/pli/builds/openpli-scarthgap-build-1-30-2025/openpli-oe-core/build/tmp/work/osmio4k-oe-linux-gnueabi/enigma2/3.12+git/build/lib/python/Plugins/SystemPlugins/VideoEnhancement'
make[8]: Nothing to be done for 'all-am'.
make[8]: Leaving directory '/home/pli/builds/openpli-scarthgap-build-1-30-2025/openpli-oe-core/build/tmp/work/osmio4k-oe-linux-gnueabi/enigma2/3.12+git/build/lib/python/Plugins/SystemPlugins/VideoEnhancement'

make[7]: Leaving directory '/home/pli/builds/openpli-scarthgap-build-1-30-2025/openpli-oe-core/build/tmp/work/osmio4k-oe-linux-gnueabi/enigma2/3.12+git/build/lib/python/Plugins/SystemPlugins/VideoEnhancement'

Making all in WirelessLan

make[7]: Entering directory '/home/pli/builds/openpli-scarthgap-build-1-30-2025/openpli-oe-core/build/tmp/work/osmio4k-oe-linux-gnueabi/enigma2/3.12+git/build/lib/python/Plugins/SystemPlugins/WirelessLan'

Making all in meta

make[8]: Entering directory '/home/pli/builds/openpli-scarthgap-build-1-30-2025/openpli-oe-core/build/tmp/work/osmio4k-oe-linux-gnueabi/enigma2/3.12+git/build/lib/python/Plugins/SystemPlugins/WirelessLan/meta'
make[8]: Nothing to be done for 'all'.
make[8]: Leaving directory '/home/pli/builds/openpli-scarthgap-build-1-30-2025/openpli-oe-core/build/tmp/work/osmio4k-oe-linux-gnueabi/enigma2/3.12+git/build/lib/python/Plugins/SystemPlugins/WirelessLan/meta'

make[8]: Entering directory '/home/pli/builds/openpli-scarthgap-build-1-30-2025/openpli-oe-core/build/tmp/work/osmio4k-oe-linux-gnueabi/enigma2/3.12+git/build/lib/python/Plugins/SystemPlugins/WirelessLan'
make[8]: Nothing to be done for 'all-am'.
make[8]: Leaving directory '/home/pli/builds/openpli-scarthgap-build-1-30-2025/openpli-oe-core/build/tmp/work/osmio4k-oe-linux-gnueabi/enigma2/3.12+git/build/lib/python/Plugins/SystemPlugins/WirelessLan'

make[7]: Leaving directory '/home/pli/builds/openpli-scarthgap-build-1-30-2025/openpli-oe-core/build/tmp/work/osmio4k-oe-linux-gnueabi/enigma2/3.12+git/build/lib/python/Plugins/SystemPlugins/WirelessLan'

Making all in NetworkWizard

make[7]: Entering directory '/home/pli/builds/openpli-scarthgap-build-1-30-2025/openpli-oe-core/build/tmp/work/osmio4k-oe-linux-gnueabi/enigma2/3.12+git/build/lib/python/Plugins/SystemPlugins/NetworkWizard'

Making all in meta

make[8]: Entering directory '/home/pli/builds/openpli-scarthgap-build-1-30-2025/openpli-oe-core/build/tmp/work/osmio4k-oe-linux-gnueabi/enigma2/3.12+git/build/lib/python/Plugins/SystemPlugins/NetworkWizard/meta'
make[8]: Nothing to be done for 'all'.
make[8]: Leaving directory '/home/pli/builds/openpli-scarthgap-build-1-30-2025/openpli-oe-core/build/tmp/work/osmio4k-oe-linux-gnueabi/enigma2/3.12+git/build/lib/python/Plugins/SystemPlugins/NetworkWizard/meta'

make[8]: Entering directory '/home/pli/builds/openpli-scarthgap-build-1-30-2025/openpli-oe-core/build/tmp/work/osmio4k-oe-linux-gnueabi/enigma2/3.12+git/build/lib/python/Plugins/SystemPlugins/NetworkWizard'
make[8]: Nothing to be done for 'all-am'.
make[8]: Leaving directory '/home/pli/builds/openpli-scarthgap-build-1-30-2025/openpli-oe-core/build/tmp/work/osmio4k-oe-linux-gnueabi/enigma2/3.12+git/build/lib/python/Plugins/SystemPlugins/NetworkWizard'

make[7]: Leaving directory '/home/pli/builds/openpli-scarthgap-build-1-30-2025/openpli-oe-core/build/tmp/work/osmio4k-oe-linux-gnueabi/enigma2/3.12+git/build/lib/python/Plugins/SystemPlugins/NetworkWizard'

Making all in FastChannelChange

make[7]: Entering directory '/home/pli/builds/openpli-scarthgap-build-1-30-2025/openpli-oe-core/build/tmp/work/osmio4k-oe-linux-gnueabi/enigma2/3.12+git/build/lib/python/Plugins/SystemPlugins/FastChannelChange'

Making all in meta

make[8]: Entering directory '/home/pli/builds/openpli-scarthgap-build-1-30-2025/openpli-oe-core/build/tmp/work/osmio4k-oe-linux-gnueabi/enigma2/3.12+git/build/lib/python/Plugins/SystemPlugins/FastChannelChange/meta'
make[8]: Nothing to be done for 'all'.
make[8]: Leaving directory '/home/pli/builds/openpli-scarthgap-build-1-30-2025/openpli-oe-core/build/tmp/work/osmio4k-oe-linux-gnueabi/enigma2/3.12+git/build/lib/python/Plugins/SystemPlugins/FastChannelChange/meta'

make[8]: Entering directory '/home/pli/builds/openpli-scarthgap-build-1-30-2025/openpli-oe-core/build/tmp/work/osmio4k-oe-linux-gnueabi/enigma2/3.12+git/build/lib/python/Plugins/SystemPlugins/FastChannelChange'
make[8]: Nothing to be done for 'all-am'.
make[8]: Leaving directory '/home/pli/builds/openpli-scarthgap-build-1-30-2025/openpli-oe-core/build/tmp/work/osmio4k-oe-linux-gnueabi/enigma2/3.12+git/build/lib/python/Plugins/SystemPlugins/FastChannelChange'

make[7]: Leaving directory '/home/pli/builds/openpli-scarthgap-build-1-30-2025/openpli-oe-core/build/tmp/work/osmio4k-oe-linux-gnueabi/enigma2/3.12+git/build/lib/python/Plugins/SystemPlugins/FastChannelChange'

make[7]: Entering directory '/home/pli/builds/openpli-scarthgap-build-1-30-2025/openpli-oe-core/build/tmp/work/osmio4k-oe-linux-gnueabi/enigma2/3.12+git/build/lib/python/Plugins/SystemPlugins'
make[7]: Nothing to be done for 'all-am'.
make[7]: Leaving directory '/home/pli/builds/openpli-scarthgap-build-1-30-2025/openpli-oe-core/build/tmp/work/osmio4k-oe-linux-gnueabi/enigma2/3.12+git/build/lib/python/Plugins/SystemPlugins'

make[6]: Leaving directory '/home/pli/builds/openpli-scarthgap-build-1-30-2025/openpli-oe-core/build/tmp/work/osmio4k-oe-linux-gnueabi/enigma2/3.12+git/build/lib/python/Plugins/SystemPlugins'

Making all in PLi

make[6]: Entering directory '/home/pli/builds/openpli-scarthgap-build-1-30-2025/openpli-oe-core/build/tmp/work/osmio4k-oe-linux-gnueabi/enigma2/3.12+git/build/lib/python/Plugins/PLi'
make[6]: Nothing to be done for 'all'.
make[6]: Leaving directory '/home/pli/builds/openpli-scarthgap-build-1-30-2025/openpli-oe-core/build/tmp/work/osmio4k-oe-linux-gnueabi/enigma2/3.12+git/build/lib/python/Plugins/PLi'

make[6]: Entering directory '/home/pli/builds/openpli-scarthgap-build-1-30-2025/openpli-oe-core/build/tmp/work/osmio4k-oe-linux-gnueabi/enigma2/3.12+git/build/lib/python/Plugins'
make[6]: Nothing to be done for 'all-am'.
make[6]: Leaving directory '/home/pli/builds/openpli-scarthgap-build-1-30-2025/openpli-oe-core/build/tmp/work/osmio4k-oe-linux-gnueabi/enigma2/3.12+git/build/lib/python/Plugins'

make[5]: Leaving directory '/home/pli/builds/openpli-scarthgap-build-1-30-2025/openpli-oe-core/build/tmp/work/osmio4k-oe-linux-gnueabi/enigma2/3.12+git/build/lib/python/Plugins'

make[5]: Entering directory '/home/pli/builds/openpli-scarthgap-build-1-30-2025/openpli-oe-core/build/tmp/work/osmio4k-oe-linux-gnueabi/enigma2/3.12+git/build/lib/python'
make[5]: Nothing to be done for 'all-am'.
make[5]: Leaving directory '/home/pli/builds/openpli-scarthgap-build-1-30-2025/openpli-oe-core/build/tmp/work/osmio4k-oe-linux-gnueabi/enigma2/3.12+git/build/lib/python'

make[4]: Leaving directory '/home/pli/builds/openpli-scarthgap-build-1-30-2025/openpli-oe-core/build/tmp/work/osmio4k-oe-linux-gnueabi/enigma2/3.12+git/build/lib/python'

make[4]: Entering directory '/home/pli/builds/openpli-scarthgap-build-1-30-2025/openpli-oe-core/build/tmp/work/osmio4k-oe-linux-gnueabi/enigma2/3.12+git/build/lib'

/home/pli/builds/openpli-scarthgap-build-1-30-2025/openpli-oe-core/build/tmp/work/osmio4k-oe-linux-gnueabi/enigma2/3.12+git/recipe-sysroot-native/usr/bin/swig -c++ -python -MT python/enigma_python.cpp -MD -MF .deps/python/enigma_python.Tpo -I../../git -O -nortti -nothreads -o python/enigma_python.cpp ../../git/lib/python/enigma_python.i

depbase=`echo actions/action.o | sed 's|[^/]*$|.deps/&|;s|\.o$||'`;\
arm-oe-linux-gnueabi-g++  -march=armv7ve -mfpu=neon-vfpv4 -mfloat-abi=hard -D_TIME_BITS=64 -D_FILE_OFFSET_BITS=64 --sysroot=/home/pli/builds/openpli-scarthgap-build-1-30-2025/openpli-oe-core/build/tmp/work/osmio4k-oe-linux-gnueabi/enigma2/3.12+git/recipe-sysroot -std=gnu++17 -DHAVE_CONFIG_H -I. -I../../git/lib -I..  -I.. -I../../git -I../../git/include -DPY_SSIZE_T_CLEAN -include Python.h -include ../enigma2_config.h -I/home/pli/builds/openpli-scarthgap-build-1-30-2025/openpli-oe-core/build/tmp/work/osmio4k-oe-linux-gnueabi/enigma2/3.12+git/recipe-sysroot/usr/include/python3.12  -Os -pipe -g -feliminate-unused-debug-types -fcanon-prefix-map  -fmacro-prefix-map=/home/pli/builds/openpli-scarthgap-build-1-30-2025/openpli-oe-core/build/tmp/work/osmio4k-oe-linux-gnueabi/enigma2/3.12+git/git=/usr/src/debug/enigma2/3.12+git  -fdebug-prefix-map=/home/pli/builds/openpli-scarthgap-build-1-30-2025/openpli-oe-core/build/tmp/work/osmio4k-oe-linux-gnueabi/enigma2/3.12+git/git=/usr/src/debug/enigma2/3.12+git  -fmacro-prefix-map=/home/pli/builds/openpli-scarthgap-build-1-30-2025/openpli-oe-core/build/tmp/work/osmio4k-oe-linux-gnueabi/enigma2/3.12+git/build=/usr/src/debug/enigma2/3.12+git  -fdebug-prefix-map=/home/pli/builds/openpli-scarthgap-build-1-30-2025/openpli-oe-core/build/tmp/work/osmio4k-oe-linux-gnueabi/enigma2/3.12+git/build=/usr/src/debug/enigma2/3.12+git  -fdebug-prefix-map=/home/pli/builds/openpli-scarthgap-build-1-30-2025/openpli-oe-core/build/tmp/work/osmio4k-oe-linux-gnueabi/enigma2/3.12+git/recipe-sysroot=  -fmacro-prefix-map=/home/pli/builds/openpli-scarthgap-build-1-30-2025/openpli-oe-core/build/tmp/work/osmio4k-oe-linux-gnueabi/enigma2/3.12+git/recipe-sysroot=  -fdebug-prefix-map=/home/pli/builds/openpli-scarthgap-build-1-30-2025/openpli-oe-core/build/tmp/work/osmio4k-oe-linux-gnueabi/enigma2/3.12+git/recipe-sysroot-native=  -fvisibility-inlines-hidden -Wattribute-alias -Wattribute-alias=1 -Wall -Wextra -Werror 	-Wformat=2 -Wformat-overflow=2 -Wformat-nonliteral -Wformat-security 	-Wimplicit-fallthrough=5 -Wduplicated-branches -Wtrampolines 	-Wdangling-else -Wshift-overflow=2 -Wswitch 	-Wunused-but-set-parameter -Wunused-const-variable=1 -Wuninitialized 	-Wstringop-overflow=3 -Woverlength-strings 	-Wunsafe-loop-optimizations -Wpointer-arith 	-Wfloat-equal -Wlogical-op 	-Wno-error=cast-align=strict -Wno-error=ignored-qualifiers 	-Wno-error=cast-function-type -Wno-error=deprecated-declarations 	-Wno-error=stringop-truncation -Wno-error=shadow -Wno-error=cast-qual 	-Wno-error=aggregate-return -Wno-error=missing-field-initializers 	-Wno-error=packed -Wno-error=vla -Wno-error=clobbered -Wno-error=unused-parameter 	-I/home/pli/builds/openpli-scarthgap-build-1-30-2025/openpli-oe-core/build/tmp/work/osmio4k-oe-linux-gnueabi/enigma2/3.12+git/recipe-sysroot/usr/include/freetype2 -I/home/pli/builds/openpli-scarthgap-build-1-30-2025/openpli-oe-core/build/tmp/work/osmio4k-oe-linux-gnueabi/enigma2/3.12+git/recipe-sysroot/usr/include/fribidi -I/home/pli/builds/openpli-scarthgap-build-1-30-2025/openpli-oe-core/build/tmp/work/osmio4k-oe-linux-gnueabi/enigma2/3.12+git/recipe-sysroot/usr/include/glib-2.0 -I/home/pli/builds/openpli-scarthgap-build-1-30-2025/openpli-oe-core/build/tmp/work/osmio4k-oe-linux-gnueabi/enigma2/3.12+git/recipe-sysroot/usr/lib/glib-2.0/include -I/home/pli/builds/openpli-scarthgap-build-1-30-2025/openpli-oe-core/build/tmp/work/osmio4k-oe-linux-gnueabi/enigma2/3.12+git/recipe-sysroot/usr/include/libpng16 -I/home/pli/builds/openpli-scarthgap-build-1-30-2025/openpli-oe-core/build/tmp/work/osmio4k-oe-linux-gnueabi/enigma2/3.12+git/recipe-sysroot/usr/include/libxml2 -I/home/pli/builds/openpli-scarthgap-build-1-30-2025/openpli-oe-core/build/tmp/work/osmio4k-oe-linux-gnueabi/enigma2/3.12+git/recipe-sysroot/usr/include/sigc++-3.0 -I/home/pli/builds/openpli-scarthgap-build-1-30-2025/openpli-oe-core/build/tmp/work/osmio4k-oe-linux-gnueabi/enigma2/3.12+git/recipe-sysroot/usr/lib/sigc++-3.0/include -fno-rtti -fno-exceptions -rdynamic -funwind-tables  -fopenmp  -MT actions/action.o -MD -MP -MF $depbase.Tpo -c -o actions/action.o ../../git/lib/actions/action.cpp &&\
mv -f $depbase.Tpo $depbase.Po

depbase=`echo base/buffer.o | sed 's|[^/]*$|.deps/&|;s|\.o$||'`;\
arm-oe-linux-gnueabi-g++  -march=armv7ve -mfpu=neon-vfpv4 -mfloat-abi=hard -D_TIME_BITS=64 -D_FILE_OFFSET_BITS=64 --sysroot=/home/pli/builds/openpli-scarthgap-build-1-30-2025/openpli-oe-core/build/tmp/work/osmio4k-oe-linux-gnueabi/enigma2/3.12+git/recipe-sysroot -std=gnu++17 -DHAVE_CONFIG_H -I. -I../../git/lib -I..  -I.. -I../../git -I../../git/include -DPY_SSIZE_T_CLEAN -include Python.h -include ../enigma2_config.h -I/home/pli/builds/openpli-scarthgap-build-1-30-2025/openpli-oe-core/build/tmp/work/osmio4k-oe-linux-gnueabi/enigma2/3.12+git/recipe-sysroot/usr/include/python3.12  -Os -pipe -g -feliminate-unused-debug-types -fcanon-prefix-map  -fmacro-prefix-map=/home/pli/builds/openpli-scarthgap-build-1-30-2025/openpli-oe-core/build/tmp/work/osmio4k-oe-linux-gnueabi/enigma2/3.12+git/git=/usr/src/debug/enigma2/3.12+git  -fdebug-prefix-map=/home/pli/builds/openpli-scarthgap-build-1-30-2025/openpli-oe-core/build/tmp/work/osmio4k-oe-linux-gnueabi/enigma2/3.12+git/git=/usr/src/debug/enigma2/3.12+git  -fmacro-prefix-map=/home/pli/builds/openpli-scarthgap-build-1-30-2025/openpli-oe-core/build/tmp/work/osmio4k-oe-linux-gnueabi/enigma2/3.12+git/build=/usr/src/debug/enigma2/3.12+git  -fdebug-prefix-map=/home/pli/builds/openpli-scarthgap-build-1-30-2025/openpli-oe-core/build/tmp/work/osmio4k-oe-linux-gnueabi/enigma2/3.12+git/build=/usr/src/debug/enigma2/3.12+git  -fdebug-prefix-map=/home/pli/builds/openpli-scarthgap-build-1-30-2025/openpli-oe-core/build/tmp/work/osmio4k-oe-linux-gnueabi/enigma2/3.12+git/recipe-sysroot=  -fmacro-prefix-map=/home/pli/builds/openpli-scarthgap-build-1-30-2025/openpli-oe-core/build/tmp/work/osmio4k-oe-linux-gnueabi/enigma2/3.12+git/recipe-sysroot=  -fdebug-prefix-map=/home/pli/builds/openpli-scarthgap-build-1-30-2025/openpli-oe-core/build/tmp/work/osmio4k-oe-linux-gnueabi/enigma2/3.12+git/recipe-sysroot-native=  -fvisibility-inlines-hidden -Wattribute-alias -Wattribute-alias=1 -Wall -Wextra -Werror 	-Wformat=2 -Wformat-overflow=2 -Wformat-nonliteral -Wformat-security 	-Wimplicit-fallthrough=5 -Wduplicated-branches -Wtrampolines 	-Wdangling-else -Wshift-overflow=2 -Wswitch 	-Wunused-but-set-parameter -Wunused-const-variable=1 -Wuninitialized 	-Wstringop-overflow=3 -Woverlength-strings 	-Wunsafe-loop-optimizations -Wpointer-arith 	-Wfloat-equal -Wlogical-op 	-Wno-error=cast-align=strict -Wno-error=ignored-qualifiers 	-Wno-error=cast-function-type -Wno-error=deprecated-declarations 	-Wno-error=stringop-truncation -Wno-error=shadow -Wno-error=cast-qual 	-Wno-error=aggregate-return -Wno-error=missing-field-initializers 	-Wno-error=packed -Wno-error=vla -Wno-error=clobbered -Wno-error=unused-parameter 	-I/home/pli/builds/openpli-scarthgap-build-1-30-2025/openpli-oe-core/build/tmp/work/osmio4k-oe-linux-gnueabi/enigma2/3.12+git/recipe-sysroot/usr/include/freetype2 -I/home/pli/builds/openpli-scarthgap-build-1-30-2025/openpli-oe-core/build/tmp/work/osmio4k-oe-linux-gnueabi/enigma2/3.12+git/recipe-sysroot/usr/include/fribidi -I/home/pli/builds/openpli-scarthgap-build-1-30-2025/openpli-oe-core/build/tmp/work/osmio4k-oe-linux-gnueabi/enigma2/3.12+git/recipe-sysroot/usr/include/glib-2.0 -I/home/pli/builds/openpli-scarthgap-build-1-30-2025/openpli-oe-core/build/tmp/work/osmio4k-oe-linux-gnueabi/enigma2/3.12+git/recipe-sysroot/usr/lib/glib-2.0/include -I/home/pli/builds/openpli-scarthgap-build-1-30-2025/openpli-oe-core/build/tmp/work/osmio4k-oe-linux-gnueabi/enigma2/3.12+git/recipe-sysroot/usr/include/libpng16 -I/home/pli/builds/openpli-scarthgap-build-1-30-2025/openpli-oe-core/build/tmp/work/osmio4k-oe-linux-gnueabi/enigma2/3.12+git/recipe-sysroot/usr/include/libxml2 -I/home/pli/builds/openpli-scarthgap-build-1-30-2025/openpli-oe-core/build/tmp/work/osmio4k-oe-linux-gnueabi/enigma2/3.12+git/recipe-sysroot/usr/include/sigc++-3.0 -I/home/pli/builds/openpli-scarthgap-build-1-30-2025/openpli-oe-core/build/tmp/work/osmio4k-oe-linux-gnueabi/enigma2/3.12+git/recipe-sysroot/usr/lib/sigc++-3.0/include -fno-rtti -fno-exceptions -rdynamic -funwind-tables  -fopenmp  -MT base/buffer.o -MD -MP -MF $depbase.Tpo -c -o base/buffer.o ../../git/lib/base/buffer.cpp &&\
mv -f $depbase.Tpo $depbase.Po

depbase=`echo base/cachedtssource.o | sed 's|[^/]*$|.deps/&|;s|\.o$||'`;\
arm-oe-linux-gnueabi-g++  -march=armv7ve -mfpu=neon-vfpv4 -mfloat-abi=hard -D_TIME_BITS=64 -D_FILE_OFFSET_BITS=64 --sysroot=/home/pli/builds/openpli-scarthgap-build-1-30-2025/openpli-oe-core/build/tmp/work/osmio4k-oe-linux-gnueabi/enigma2/3.12+git/recipe-sysroot -std=gnu++17 -DHAVE_CONFIG_H -I. -I../../git/lib -I..  -I.. -I../../git -I../../git/include -DPY_SSIZE_T_CLEAN -include Python.h -include ../enigma2_config.h -I/home/pli/builds/openpli-scarthgap-build-1-30-2025/openpli-oe-core/build/tmp/work/osmio4k-oe-linux-gnueabi/enigma2/3.12+git/recipe-sysroot/usr/include/python3.12  -Os -pipe -g -feliminate-unused-debug-types -fcanon-prefix-map  -fmacro-prefix-map=/home/pli/builds/openpli-scarthgap-build-1-30-2025/openpli-oe-core/build/tmp/work/osmio4k-oe-linux-gnueabi/enigma2/3.12+git/git=/usr/src/debug/enigma2/3.12+git  -fdebug-prefix-map=/home/pli/builds/openpli-scarthgap-build-1-30-2025/openpli-oe-core/build/tmp/work/osmio4k-oe-linux-gnueabi/enigma2/3.12+git/git=/usr/src/debug/enigma2/3.12+git  -fmacro-prefix-map=/home/pli/builds/openpli-scarthgap-build-1-30-2025/openpli-oe-core/build/tmp/work/osmio4k-oe-linux-gnueabi/enigma2/3.12+git/build=/usr/src/debug/enigma2/3.12+git  -fdebug-prefix-map=/home/pli/builds/openpli-scarthgap-build-1-30-2025/openpli-oe-core/build/tmp/work/osmio4k-oe-linux-gnueabi/enigma2/3.12+git/build=/usr/src/debug/enigma2/3.12+git  -fdebug-prefix-map=/home/pli/builds/openpli-scarthgap-build-1-30-2025/openpli-oe-core/build/tmp/work/osmio4k-oe-linux-gnueabi/enigma2/3.12+git/recipe-sysroot=  -fmacro-prefix-map=/home/pli/builds/openpli-scarthgap-build-1-30-2025/openpli-oe-core/build/tmp/work/osmio4k-oe-linux-gnueabi/enigma2/3.12+git/recipe-sysroot=  -fdebug-prefix-map=/home/pli/builds/openpli-scarthgap-build-1-30-2025/openpli-oe-core/build/tmp/work/osmio4k-oe-linux-gnueabi/enigma2/3.12+git/recipe-sysroot-native=  -fvisibility-inlines-hidden -Wattribute-alias -Wattribute-alias=1 -Wall -Wextra -Werror 	-Wformat=2 -Wformat-overflow=2 -Wformat-nonliteral -Wformat-security 	-Wimplicit-fallthrough=5 -Wduplicated-branches -Wtrampolines 	-Wdangling-else -Wshift-overflow=2 -Wswitch 	-Wunused-but-set-parameter -Wunused-const-variable=1 -Wuninitialized 	-Wstringop-overflow=3 -Woverlength-strings 	-Wunsafe-loop-optimizations -Wpointer-arith 	-Wfloat-equal -Wlogical-op 	-Wno-error=cast-align=strict -Wno-error=ignored-qualifiers 	-Wno-error=cast-function-type -Wno-error=deprecated-declarations 	-Wno-error=stringop-truncation -Wno-error=shadow -Wno-error=cast-qual 	-Wno-error=aggregate-return -Wno-error=missing-field-initializers 	-Wno-error=packed -Wno-error=vla -Wno-error=clobbered -Wno-error=unused-parameter 	-I/home/pli/builds/openpli-scarthgap-build-1-30-2025/openpli-oe-core/build/tmp/work/osmio4k-oe-linux-gnueabi/enigma2/3.12+git/recipe-sysroot/usr/include/freetype2 -I/home/pli/builds/openpli-scarthgap-build-1-30-2025/openpli-oe-core/build/tmp/work/osmio4k-oe-linux-gnueabi/enigma2/3.12+git/recipe-sysroot/usr/include/fribidi -I/home/pli/builds/openpli-scarthgap-build-1-30-2025/openpli-oe-core/build/tmp/work/osmio4k-oe-linux-gnueabi/enigma2/3.12+git/recipe-sysroot/usr/include/glib-2.0 -I/home/pli/builds/openpli-scarthgap-build-1-30-2025/openpli-oe-core/build/tmp/work/osmio4k-oe-linux-gnueabi/enigma2/3.12+git/recipe-sysroot/usr/lib/glib-2.0/include -I/home/pli/builds/openpli-scarthgap-build-1-30-2025/openpli-oe-core/build/tmp/work/osmio4k-oe-linux-gnueabi/enigma2/3.12+git/recipe-sysroot/usr/include/libpng16 -I/home/pli/builds/openpli-scarthgap-build-1-30-2025/openpli-oe-core/build/tmp/work/osmio4k-oe-linux-gnueabi/enigma2/3.12+git/recipe-sysroot/usr/include/libxml2 -I/home/pli/builds/openpli-scarthgap-build-1-30-2025/openpli-oe-core/build/tmp/work/osmio4k-oe-linux-gnueabi/enigma2/3.12+git/recipe-sysroot/usr/include/sigc++-3.0 -I/home/pli/builds/openpli-scarthgap-build-1-30-2025/openpli-oe-core/build/tmp/work/osmio4k-oe-linux-gnueabi/enigma2/3.12+git/recipe-sysroot/usr/lib/sigc++-3.0/include -fno-rtti -fno-exceptions -rdynamic -funwind-tables  -fopenmp  -MT base/cachedtssource.o -MD -MP -MF $depbase.Tpo -c -o base/cachedtssource.o ../../git/lib/base/cachedtssource.cpp &&\
mv -f $depbase.Tpo $depbase.Po

depbase=`echo base/cfile.o | sed 's|[^/]*$|.deps/&|;s|\.o$||'`;\
arm-oe-linux-gnueabi-g++  -march=armv7ve -mfpu=neon-vfpv4 -mfloat-abi=hard -D_TIME_BITS=64 -D_FILE_OFFSET_BITS=64 --sysroot=/home/pli/builds/openpli-scarthgap-build-1-30-2025/openpli-oe-core/build/tmp/work/osmio4k-oe-linux-gnueabi/enigma2/3.12+git/recipe-sysroot -std=gnu++17 -DHAVE_CONFIG_H -I. -I../../git/lib -I..  -I.. -I../../git -I../../git/include -DPY_SSIZE_T_CLEAN -include Python.h -include ../enigma2_config.h -I/home/pli/builds/openpli-scarthgap-build-1-30-2025/openpli-oe-core/build/tmp/work/osmio4k-oe-linux-gnueabi/enigma2/3.12+git/recipe-sysroot/usr/include/python3.12  -Os -pipe -g -feliminate-unused-debug-types -fcanon-prefix-map  -fmacro-prefix-map=/home/pli/builds/openpli-scarthgap-build-1-30-2025/openpli-oe-core/build/tmp/work/osmio4k-oe-linux-gnueabi/enigma2/3.12+git/git=/usr/src/debug/enigma2/3.12+git  -fdebug-prefix-map=/home/pli/builds/openpli-scarthgap-build-1-30-2025/openpli-oe-core/build/tmp/work/osmio4k-oe-linux-gnueabi/enigma2/3.12+git/git=/usr/src/debug/enigma2/3.12+git  -fmacro-prefix-map=/home/pli/builds/openpli-scarthgap-build-1-30-2025/openpli-oe-core/build/tmp/work/osmio4k-oe-linux-gnueabi/enigma2/3.12+git/build=/usr/src/debug/enigma2/3.12+git  -fdebug-prefix-map=/home/pli/builds/openpli-scarthgap-build-1-30-2025/openpli-oe-core/build/tmp/work/osmio4k-oe-linux-gnueabi/enigma2/3.12+git/build=/usr/src/debug/enigma2/3.12+git  -fdebug-prefix-map=/home/pli/builds/openpli-scarthgap-build-1-30-2025/openpli-oe-core/build/tmp/work/osmio4k-oe-linux-gnueabi/enigma2/3.12+git/recipe-sysroot=  -fmacro-prefix-map=/home/pli/builds/openpli-scarthgap-build-1-30-2025/openpli-oe-core/build/tmp/work/osmio4k-oe-linux-gnueabi/enigma2/3.12+git/recipe-sysroot=  -fdebug-prefix-map=/home/pli/builds/openpli-scarthgap-build-1-30-2025/openpli-oe-core/build/tmp/work/osmio4k-oe-linux-gnueabi/enigma2/3.12+git/recipe-sysroot-native=  -fvisibility-inlines-hidden -Wattribute-alias -Wattribute-alias=1 -Wall -Wextra -Werror 	-Wformat=2 -Wformat-overflow=2 -Wformat-nonliteral -Wformat-security 	-Wimplicit-fallthrough=5 -Wduplicated-branches -Wtrampolines 	-Wdangling-else -Wshift-overflow=2 -Wswitch 	-Wunused-but-set-parameter -Wunused-const-variable=1 -Wuninitialized 	-Wstringop-overflow=3 -Woverlength-strings 	-Wunsafe-loop-optimizations -Wpointer-arith 	-Wfloat-equal -Wlogical-op 	-Wno-error=cast-align=strict -Wno-error=ignored-qualifiers 	-Wno-error=cast-function-type -Wno-error=deprecated-declarations 	-Wno-error=stringop-truncation -Wno-error=shadow -Wno-error=cast-qual 	-Wno-error=aggregate-return -Wno-error=missing-field-initializers 	-Wno-error=packed -Wno-error=vla -Wno-error=clobbered -Wno-error=unused-parameter 	-I/home/pli/builds/openpli-scarthgap-build-1-30-2025/openpli-oe-core/build/tmp/work/osmio4k-oe-linux-gnueabi/enigma2/3.12+git/recipe-sysroot/usr/include/freetype2 -I/home/pli/builds/openpli-scarthgap-build-1-30-2025/openpli-oe-core/build/tmp/work/osmio4k-oe-linux-gnueabi/enigma2/3.12+git/recipe-sysroot/usr/include/fribidi -I/home/pli/builds/openpli-scarthgap-build-1-30-2025/openpli-oe-core/build/tmp/work/osmio4k-oe-linux-gnueabi/enigma2/3.12+git/recipe-sysroot/usr/include/glib-2.0 -I/home/pli/builds/openpli-scarthgap-build-1-30-2025/openpli-oe-core/build/tmp/work/osmio4k-oe-linux-gnueabi/enigma2/3.12+git/recipe-sysroot/usr/lib/glib-2.0/include -I/home/pli/builds/openpli-scarthgap-build-1-30-2025/openpli-oe-core/build/tmp/work/osmio4k-oe-linux-gnueabi/enigma2/3.12+git/recipe-sysroot/usr/include/libpng16 -I/home/pli/builds/openpli-scarthgap-build-1-30-2025/openpli-oe-core/build/tmp/work/osmio4k-oe-linux-gnueabi/enigma2/3.12+git/recipe-sysroot/usr/include/libxml2 -I/home/pli/builds/openpli-scarthgap-build-1-30-2025/openpli-oe-core/build/tmp/work/osmio4k-oe-linux-gnueabi/enigma2/3.12+git/recipe-sysroot/usr/include/sigc++-3.0 -I/home/pli/builds/openpli-scarthgap-build-1-30-2025/openpli-oe-core/build/tmp/work/osmio4k-oe-linux-gnueabi/enigma2/3.12+git/recipe-sysroot/usr/lib/sigc++-3.0/include -fno-rtti -fno-exceptions -rdynamic -funwind-tables  -fopenmp  -MT base/cfile.o -MD -MP -MF $depbase.Tpo -c -o base/cfile.o ../../git/lib/base/cfile.cpp &&\
mv -f $depbase.Tpo $depbase.Po

depbase=`echo base/connection.o | sed 's|[^/]*$|.deps/&|;s|\.o$||'`;\
arm-oe-linux-gnueabi-g++  -march=armv7ve -mfpu=neon-vfpv4 -mfloat-abi=hard -D_TIME_BITS=64 -D_FILE_OFFSET_BITS=64 --sysroot=/home/pli/builds/openpli-scarthgap-build-1-30-2025/openpli-oe-core/build/tmp/work/osmio4k-oe-linux-gnueabi/enigma2/3.12+git/recipe-sysroot -std=gnu++17 -DHAVE_CONFIG_H -I. -I../../git/lib -I..  -I.. -I../../git -I../../git/include -DPY_SSIZE_T_CLEAN -include Python.h -include ../enigma2_config.h -I/home/pli/builds/openpli-scarthgap-build-1-30-2025/openpli-oe-core/build/tmp/work/osmio4k-oe-linux-gnueabi/enigma2/3.12+git/recipe-sysroot/usr/include/python3.12  -Os -pipe -g -feliminate-unused-debug-types -fcanon-prefix-map  -fmacro-prefix-map=/home/pli/builds/openpli-scarthgap-build-1-30-2025/openpli-oe-core/build/tmp/work/osmio4k-oe-linux-gnueabi/enigma2/3.12+git/git=/usr/src/debug/enigma2/3.12+git  -fdebug-prefix-map=/home/pli/builds/openpli-scarthgap-build-1-30-2025/openpli-oe-core/build/tmp/work/osmio4k-oe-linux-gnueabi/enigma2/3.12+git/git=/usr/src/debug/enigma2/3.12+git  -fmacro-prefix-map=/home/pli/builds/openpli-scarthgap-build-1-30-2025/openpli-oe-core/build/tmp/work/osmio4k-oe-linux-gnueabi/enigma2/3.12+git/build=/usr/src/debug/enigma2/3.12+git  -fdebug-prefix-map=/home/pli/builds/openpli-scarthgap-build-1-30-2025/openpli-oe-core/build/tmp/work/osmio4k-oe-linux-gnueabi/enigma2/3.12+git/build=/usr/src/debug/enigma2/3.12+git  -fdebug-prefix-map=/home/pli/builds/openpli-scarthgap-build-1-30-2025/openpli-oe-core/build/tmp/work/osmio4k-oe-linux-gnueabi/enigma2/3.12+git/recipe-sysroot=  -fmacro-prefix-map=/home/pli/builds/openpli-scarthgap-build-1-30-2025/openpli-oe-core/build/tmp/work/osmio4k-oe-linux-gnueabi/enigma2/3.12+git/recipe-sysroot=  -fdebug-prefix-map=/home/pli/builds/openpli-scarthgap-build-1-30-2025/openpli-oe-core/build/tmp/work/osmio4k-oe-linux-gnueabi/enigma2/3.12+git/recipe-sysroot-native=  -fvisibility-inlines-hidden -Wattribute-alias -Wattribute-alias=1 -Wall -Wextra -Werror 	-Wformat=2 -Wformat-overflow=2 -Wformat-nonliteral -Wformat-security 	-Wimplicit-fallthrough=5 -Wduplicated-branches -Wtrampolines 	-Wdangling-else -Wshift-overflow=2 -Wswitch 	-Wunused-but-set-parameter -Wunused-const-variable=1 -Wuninitialized 	-Wstringop-overflow=3 -Woverlength-strings 	-Wunsafe-loop-optimizations -Wpointer-arith 	-Wfloat-equal -Wlogical-op 	-Wno-error=cast-align=strict -Wno-error=ignored-qualifiers 	-Wno-error=cast-function-type -Wno-error=deprecated-declarations 	-Wno-error=stringop-truncation -Wno-error=shadow -Wno-error=cast-qual 	-Wno-error=aggregate-return -Wno-error=missing-field-initializers 	-Wno-error=packed -Wno-error=vla -Wno-error=clobbered -Wno-error=unused-parameter 	-I/home/pli/builds/openpli-scarthgap-build-1-30-2025/openpli-oe-core/build/tmp/work/osmio4k-oe-linux-gnueabi/enigma2/3.12+git/recipe-sysroot/usr/include/freetype2 -I/home/pli/builds/openpli-scarthgap-build-1-30-2025/openpli-oe-core/build/tmp/work/osmio4k-oe-linux-gnueabi/enigma2/3.12+git/recipe-sysroot/usr/include/fribidi -I/home/pli/builds/openpli-scarthgap-build-1-30-2025/openpli-oe-core/build/tmp/work/osmio4k-oe-linux-gnueabi/enigma2/3.12+git/recipe-sysroot/usr/include/glib-2.0 -I/home/pli/builds/openpli-scarthgap-build-1-30-2025/openpli-oe-core/build/tmp/work/osmio4k-oe-linux-gnueabi/enigma2/3.12+git/recipe-sysroot/usr/lib/glib-2.0/include -I/home/pli/builds/openpli-scarthgap-build-1-30-2025/openpli-oe-core/build/tmp/work/osmio4k-oe-linux-gnueabi/enigma2/3.12+git/recipe-sysroot/usr/include/libpng16 -I/home/pli/builds/openpli-scarthgap-build-1-30-2025/openpli-oe-core/build/tmp/work/osmio4k-oe-linux-gnueabi/enigma2/3.12+git/recipe-sysroot/usr/include/libxml2 -I/home/pli/builds/openpli-scarthgap-build-1-30-2025/openpli-oe-core/build/tmp/work/osmio4k-oe-linux-gnueabi/enigma2/3.12+git/recipe-sysroot/usr/include/sigc++-3.0 -I/home/pli/builds/openpli-scarthgap-build-1-30-2025/openpli-oe-core/build/tmp/work/osmio4k-oe-linux-gnueabi/enigma2/3.12+git/recipe-sysroot/usr/lib/sigc++-3.0/include -fno-rtti -fno-exceptions -rdynamic -funwind-tables  -fopenmp  -MT base/connection.o -MD -MP -MF $depbase.Tpo -c -o base/connection.o ../../git/lib/base/connection.cpp &&\
mv -f $depbase.Tpo $depbase.Po

depbase=`echo base/console.o | sed 's|[^/]*$|.deps/&|;s|\.o$||'`;\
arm-oe-linux-gnueabi-g++  -march=armv7ve -mfpu=neon-vfpv4 -mfloat-abi=hard -D_TIME_BITS=64 -D_FILE_OFFSET_BITS=64 --sysroot=/home/pli/builds/openpli-scarthgap-build-1-30-2025/openpli-oe-core/build/tmp/work/osmio4k-oe-linux-gnueabi/enigma2/3.12+git/recipe-sysroot -std=gnu++17 -DHAVE_CONFIG_H -I. -I../../git/lib -I..  -I.. -I../../git -I../../git/include -DPY_SSIZE_T_CLEAN -include Python.h -include ../enigma2_config.h -I/home/pli/builds/openpli-scarthgap-build-1-30-2025/openpli-oe-core/build/tmp/work/osmio4k-oe-linux-gnueabi/enigma2/3.12+git/recipe-sysroot/usr/include/python3.12  -Os -pipe -g -feliminate-unused-debug-types -fcanon-prefix-map  -fmacro-prefix-map=/home/pli/builds/openpli-scarthgap-build-1-30-2025/openpli-oe-core/build/tmp/work/osmio4k-oe-linux-gnueabi/enigma2/3.12+git/git=/usr/src/debug/enigma2/3.12+git  -fdebug-prefix-map=/home/pli/builds/openpli-scarthgap-build-1-30-2025/openpli-oe-core/build/tmp/work/osmio4k-oe-linux-gnueabi/enigma2/3.12+git/git=/usr/src/debug/enigma2/3.12+git  -fmacro-prefix-map=/home/pli/builds/openpli-scarthgap-build-1-30-2025/openpli-oe-core/build/tmp/work/osmio4k-oe-linux-gnueabi/enigma2/3.12+git/build=/usr/src/debug/enigma2/3.12+git  -fdebug-prefix-map=/home/pli/builds/openpli-scarthgap-build-1-30-2025/openpli-oe-core/build/tmp/work/osmio4k-oe-linux-gnueabi/enigma2/3.12+git/build=/usr/src/debug/enigma2/3.12+git  -fdebug-prefix-map=/home/pli/builds/openpli-scarthgap-build-1-30-2025/openpli-oe-core/build/tmp/work/osmio4k-oe-linux-gnueabi/enigma2/3.12+git/recipe-sysroot=  -fmacro-prefix-map=/home/pli/builds/openpli-scarthgap-build-1-30-2025/openpli-oe-core/build/tmp/work/osmio4k-oe-linux-gnueabi/enigma2/3.12+git/recipe-sysroot=  -fdebug-prefix-map=/home/pli/builds/openpli-scarthgap-build-1-30-2025/openpli-oe-core/build/tmp/work/osmio4k-oe-linux-gnueabi/enigma2/3.12+git/recipe-sysroot-native=  -fvisibility-inlines-hidden -Wattribute-alias -Wattribute-alias=1 -Wall -Wextra -Werror 	-Wformat=2 -Wformat-overflow=2 -Wformat-nonliteral -Wformat-security 	-Wimplicit-fallthrough=5 -Wduplicated-branches -Wtrampolines 	-Wdangling-else -Wshift-overflow=2 -Wswitch 	-Wunused-but-set-parameter -Wunused-const-variable=1 -Wuninitialized 	-Wstringop-overflow=3 -Woverlength-strings 	-Wunsafe-loop-optimizations -Wpointer-arith 	-Wfloat-equal -Wlogical-op 	-Wno-error=cast-align=strict -Wno-error=ignored-qualifiers 	-Wno-error=cast-function-type -Wno-error=deprecated-declarations 	-Wno-error=stringop-truncation -Wno-error=shadow -Wno-error=cast-qual 	-Wno-error=aggregate-return -Wno-error=missing-field-initializers 	-Wno-error=packed -Wno-error=vla -Wno-error=clobbered -Wno-error=unused-parameter 	-I/home/pli/builds/openpli-scarthgap-build-1-30-2025/openpli-oe-core/build/tmp/work/osmio4k-oe-linux-gnueabi/enigma2/3.12+git/recipe-sysroot/usr/include/freetype2 -I/home/pli/builds/openpli-scarthgap-build-1-30-2025/openpli-oe-core/build/tmp/work/osmio4k-oe-linux-gnueabi/enigma2/3.12+git/recipe-sysroot/usr/include/fribidi -I/home/pli/builds/openpli-scarthgap-build-1-30-2025/openpli-oe-core/build/tmp/work/osmio4k-oe-linux-gnueabi/enigma2/3.12+git/recipe-sysroot/usr/include/glib-2.0 -I/home/pli/builds/openpli-scarthgap-build-1-30-2025/openpli-oe-core/build/tmp/work/osmio4k-oe-linux-gnueabi/enigma2/3.12+git/recipe-sysroot/usr/lib/glib-2.0/include -I/home/pli/builds/openpli-scarthgap-build-1-30-2025/openpli-oe-core/build/tmp/work/osmio4k-oe-linux-gnueabi/enigma2/3.12+git/recipe-sysroot/usr/include/libpng16 -I/home/pli/builds/openpli-scarthgap-build-1-30-2025/openpli-oe-core/build/tmp/work/osmio4k-oe-linux-gnueabi/enigma2/3.12+git/recipe-sysroot/usr/include/libxml2 -I/home/pli/builds/openpli-scarthgap-build-1-30-2025/openpli-oe-core/build/tmp/work/osmio4k-oe-linux-gnueabi/enigma2/3.12+git/recipe-sysroot/usr/include/sigc++-3.0 -I/home/pli/builds/openpli-scarthgap-build-1-30-2025/openpli-oe-core/build/tmp/work/osmio4k-oe-linux-gnueabi/enigma2/3.12+git/recipe-sysroot/usr/lib/sigc++-3.0/include -fno-rtti -fno-exceptions -rdynamic -funwind-tables  -fopenmp  -MT base/console.o -MD -MP -MF $depbase.Tpo -c -o base/console.o ../../git/lib/base/console.cpp &&\
mv -f $depbase.Tpo $depbase.Po

depbase=`echo base/e2avahi.o | sed 's|[^/]*$|.deps/&|;s|\.o$||'`;\
arm-oe-linux-gnueabi-g++  -march=armv7ve -mfpu=neon-vfpv4 -mfloat-abi=hard -D_TIME_BITS=64 -D_FILE_OFFSET_BITS=64 --sysroot=/home/pli/builds/openpli-scarthgap-build-1-30-2025/openpli-oe-core/build/tmp/work/osmio4k-oe-linux-gnueabi/enigma2/3.12+git/recipe-sysroot -std=gnu++17 -DHAVE_CONFIG_H -I. -I../../git/lib -I..  -I.. -I../../git -I../../git/include -DPY_SSIZE_T_CLEAN -include Python.h -include ../enigma2_config.h -I/home/pli/builds/openpli-scarthgap-build-1-30-2025/openpli-oe-core/build/tmp/work/osmio4k-oe-linux-gnueabi/enigma2/3.12+git/recipe-sysroot/usr/include/python3.12  -Os -pipe -g -feliminate-unused-debug-types -fcanon-prefix-map  -fmacro-prefix-map=/home/pli/builds/openpli-scarthgap-build-1-30-2025/openpli-oe-core/build/tmp/work/osmio4k-oe-linux-gnueabi/enigma2/3.12+git/git=/usr/src/debug/enigma2/3.12+git  -fdebug-prefix-map=/home/pli/builds/openpli-scarthgap-build-1-30-2025/openpli-oe-core/build/tmp/work/osmio4k-oe-linux-gnueabi/enigma2/3.12+git/git=/usr/src/debug/enigma2/3.12+git  -fmacro-prefix-map=/home/pli/builds/openpli-scarthgap-build-1-30-2025/openpli-oe-core/build/tmp/work/osmio4k-oe-linux-gnueabi/enigma2/3.12+git/build=/usr/src/debug/enigma2/3.12+git  -fdebug-prefix-map=/home/pli/builds/openpli-scarthgap-build-1-30-2025/openpli-oe-core/build/tmp/work/osmio4k-oe-linux-gnueabi/enigma2/3.12+git/build=/usr/src/debug/enigma2/3.12+git  -fdebug-prefix-map=/home/pli/builds/openpli-scarthgap-build-1-30-2025/openpli-oe-core/build/tmp/work/osmio4k-oe-linux-gnueabi/enigma2/3.12+git/recipe-sysroot=  -fmacro-prefix-map=/home/pli/builds/openpli-scarthgap-build-1-30-2025/openpli-oe-core/build/tmp/work/osmio4k-oe-linux-gnueabi/enigma2/3.12+git/recipe-sysroot=  -fdebug-prefix-map=/home/pli/builds/openpli-scarthgap-build-1-30-2025/openpli-oe-core/build/tmp/work/osmio4k-oe-linux-gnueabi/enigma2/3.12+git/recipe-sysroot-native=  -fvisibility-inlines-hidden -Wattribute-alias -Wattribute-alias=1 -Wall -Wextra -Werror 	-Wformat=2 -Wformat-overflow=2 -Wformat-nonliteral -Wformat-security 	-Wimplicit-fallthrough=5 -Wduplicated-branches -Wtrampolines 	-Wdangling-else -Wshift-overflow=2 -Wswitch 	-Wunused-but-set-parameter -Wunused-const-variable=1 -Wuninitialized 	-Wstringop-overflow=3 -Woverlength-strings 	-Wunsafe-loop-optimizations -Wpointer-arith 	-Wfloat-equal -Wlogical-op 	-Wno-error=cast-align=strict -Wno-error=ignored-qualifiers 	-Wno-error=cast-function-type -Wno-error=deprecated-declarations 	-Wno-error=stringop-truncation -Wno-error=shadow -Wno-error=cast-qual 	-Wno-error=aggregate-return -Wno-error=missing-field-initializers 	-Wno-error=packed -Wno-error=vla -Wno-error=clobbered -Wno-error=unused-parameter 	-I/home/pli/builds/openpli-scarthgap-build-1-30-2025/openpli-oe-core/build/tmp/work/osmio4k-oe-linux-gnueabi/enigma2/3.12+git/recipe-sysroot/usr/include/freetype2 -I/home/pli/builds/openpli-scarthgap-build-1-30-2025/openpli-oe-core/build/tmp/work/osmio4k-oe-linux-gnueabi/enigma2/3.12+git/recipe-sysroot/usr/include/fribidi -I/home/pli/builds/openpli-scarthgap-build-1-30-2025/openpli-oe-core/build/tmp/work/osmio4k-oe-linux-gnueabi/enigma2/3.12+git/recipe-sysroot/usr/include/glib-2.0 -I/home/pli/builds/openpli-scarthgap-build-1-30-2025/openpli-oe-core/build/tmp/work/osmio4k-oe-linux-gnueabi/enigma2/3.12+git/recipe-sysroot/usr/lib/glib-2.0/include -I/home/pli/builds/openpli-scarthgap-build-1-30-2025/openpli-oe-core/build/tmp/work/osmio4k-oe-linux-gnueabi/enigma2/3.12+git/recipe-sysroot/usr/include/libpng16 -I/home/pli/builds/openpli-scarthgap-build-1-30-2025/openpli-oe-core/build/tmp/work/osmio4k-oe-linux-gnueabi/enigma2/3.12+git/recipe-sysroot/usr/include/libxml2 -I/home/pli/builds/openpli-scarthgap-build-1-30-2025/openpli-oe-core/build/tmp/work/osmio4k-oe-linux-gnueabi/enigma2/3.12+git/recipe-sysroot/usr/include/sigc++-3.0 -I/home/pli/builds/openpli-scarthgap-build-1-30-2025/openpli-oe-core/build/tmp/work/osmio4k-oe-linux-gnueabi/enigma2/3.12+git/recipe-sysroot/usr/lib/sigc++-3.0/include -fno-rtti -fno-exceptions -rdynamic -funwind-tables  -fopenmp  -MT base/e2avahi.o -MD -MP -MF $depbase.Tpo -c -o base/e2avahi.o ../../git/lib/base/e2avahi.cpp &&\
mv -f $depbase.Tpo $depbase.Po

depbase=`echo base/ebase.o | sed 's|[^/]*$|.deps/&|;s|\.o$||'`;\
arm-oe-linux-gnueabi-g++  -march=armv7ve -mfpu=neon-vfpv4 -mfloat-abi=hard -D_TIME_BITS=64 -D_FILE_OFFSET_BITS=64 --sysroot=/home/pli/builds/openpli-scarthgap-build-1-30-2025/openpli-oe-core/build/tmp/work/osmio4k-oe-linux-gnueabi/enigma2/3.12+git/recipe-sysroot -std=gnu++17 -DHAVE_CONFIG_H -I. -I../../git/lib -I..  -I.. -I../../git -I../../git/include -DPY_SSIZE_T_CLEAN -include Python.h -include ../enigma2_config.h -I/home/pli/builds/openpli-scarthgap-build-1-30-2025/openpli-oe-core/build/tmp/work/osmio4k-oe-linux-gnueabi/enigma2/3.12+git/recipe-sysroot/usr/include/python3.12  -Os -pipe -g -feliminate-unused-debug-types -fcanon-prefix-map  -fmacro-prefix-map=/home/pli/builds/openpli-scarthgap-build-1-30-2025/openpli-oe-core/build/tmp/work/osmio4k-oe-linux-gnueabi/enigma2/3.12+git/git=/usr/src/debug/enigma2/3.12+git  -fdebug-prefix-map=/home/pli/builds/openpli-scarthgap-build-1-30-2025/openpli-oe-core/build/tmp/work/osmio4k-oe-linux-gnueabi/enigma2/3.12+git/git=/usr/src/debug/enigma2/3.12+git  -fmacro-prefix-map=/home/pli/builds/openpli-scarthgap-build-1-30-2025/openpli-oe-core/build/tmp/work/osmio4k-oe-linux-gnueabi/enigma2/3.12+git/build=/usr/src/debug/enigma2/3.12+git  -fdebug-prefix-map=/home/pli/builds/openpli-scarthgap-build-1-30-2025/openpli-oe-core/build/tmp/work/osmio4k-oe-linux-gnueabi/enigma2/3.12+git/build=/usr/src/debug/enigma2/3.12+git  -fdebug-prefix-map=/home/pli/builds/openpli-scarthgap-build-1-30-2025/openpli-oe-core/build/tmp/work/osmio4k-oe-linux-gnueabi/enigma2/3.12+git/recipe-sysroot=  -fmacro-prefix-map=/home/pli/builds/openpli-scarthgap-build-1-30-2025/openpli-oe-core/build/tmp/work/osmio4k-oe-linux-gnueabi/enigma2/3.12+git/recipe-sysroot=  -fdebug-prefix-map=/home/pli/builds/openpli-scarthgap-build-1-30-2025/openpli-oe-core/build/tmp/work/osmio4k-oe-linux-gnueabi/enigma2/3.12+git/recipe-sysroot-native=  -fvisibility-inlines-hidden -Wattribute-alias -Wattribute-alias=1 -Wall -Wextra -Werror 	-Wformat=2 -Wformat-overflow=2 -Wformat-nonliteral -Wformat-security 	-Wimplicit-fallthrough=5 -Wduplicated-branches -Wtrampolines 	-Wdangling-else -Wshift-overflow=2 -Wswitch 	-Wunused-but-set-parameter -Wunused-const-variable=1 -Wuninitialized 	-Wstringop-overflow=3 -Woverlength-strings 	-Wunsafe-loop-optimizations -Wpointer-arith 	-Wfloat-equal -Wlogical-op 	-Wno-error=cast-align=strict -Wno-error=ignored-qualifiers 	-Wno-error=cast-function-type -Wno-error=deprecated-declarations 	-Wno-error=stringop-truncation -Wno-error=shadow -Wno-error=cast-qual 	-Wno-error=aggregate-return -Wno-error=missing-field-initializers 	-Wno-error=packed -Wno-error=vla -Wno-error=clobbered -Wno-error=unused-parameter 	-I/home/pli/builds/openpli-scarthgap-build-1-30-2025/openpli-oe-core/build/tmp/work/osmio4k-oe-linux-gnueabi/enigma2/3.12+git/recipe-sysroot/usr/include/freetype2 -I/home/pli/builds/openpli-scarthgap-build-1-30-2025/openpli-oe-core/build/tmp/work/osmio4k-oe-linux-gnueabi/enigma2/3.12+git/recipe-sysroot/usr/include/fribidi -I/home/pli/builds/openpli-scarthgap-build-1-30-2025/openpli-oe-core/build/tmp/work/osmio4k-oe-linux-gnueabi/enigma2/3.12+git/recipe-sysroot/usr/include/glib-2.0 -I/home/pli/builds/openpli-scarthgap-build-1-30-2025/openpli-oe-core/build/tmp/work/osmio4k-oe-linux-gnueabi/enigma2/3.12+git/recipe-sysroot/usr/lib/glib-2.0/include -I/home/pli/builds/openpli-scarthgap-build-1-30-2025/openpli-oe-core/build/tmp/work/osmio4k-oe-linux-gnueabi/enigma2/3.12+git/recipe-sysroot/usr/include/libpng16 -I/home/pli/builds/openpli-scarthgap-build-1-30-2025/openpli-oe-core/build/tmp/work/osmio4k-oe-linux-gnueabi/enigma2/3.12+git/recipe-sysroot/usr/include/libxml2 -I/home/pli/builds/openpli-scarthgap-build-1-30-2025/openpli-oe-core/build/tmp/work/osmio4k-oe-linux-gnueabi/enigma2/3.12+git/recipe-sysroot/usr/include/sigc++-3.0 -I/home/pli/builds/openpli-scarthgap-build-1-30-2025/openpli-oe-core/build/tmp/work/osmio4k-oe-linux-gnueabi/enigma2/3.12+git/recipe-sysroot/usr/lib/sigc++-3.0/include -fno-rtti -fno-exceptions -rdynamic -funwind-tables  -fopenmp  -MT base/ebase.o -MD -MP -MF $depbase.Tpo -c -o base/ebase.o ../../git/lib/base/ebase.cpp &&\
mv -f $depbase.Tpo $depbase.Po

depbase=`echo base/eenv.o | sed 's|[^/]*$|.deps/&|;s|\.o$||'`;\
arm-oe-linux-gnueabi-g++  -march=armv7ve -mfpu=neon-vfpv4 -mfloat-abi=hard -D_TIME_BITS=64 -D_FILE_OFFSET_BITS=64 --sysroot=/home/pli/builds/openpli-scarthgap-build-1-30-2025/openpli-oe-core/build/tmp/work/osmio4k-oe-linux-gnueabi/enigma2/3.12+git/recipe-sysroot -std=gnu++17 -DHAVE_CONFIG_H -I. -I../../git/lib -I..  -I.. -I../../git -I../../git/include -DPY_SSIZE_T_CLEAN -include Python.h -include ../enigma2_config.h -I/home/pli/builds/openpli-scarthgap-build-1-30-2025/openpli-oe-core/build/tmp/work/osmio4k-oe-linux-gnueabi/enigma2/3.12+git/recipe-sysroot/usr/include/python3.12  -Os -pipe -g -feliminate-unused-debug-types -fcanon-prefix-map  -fmacro-prefix-map=/home/pli/builds/openpli-scarthgap-build-1-30-2025/openpli-oe-core/build/tmp/work/osmio4k-oe-linux-gnueabi/enigma2/3.12+git/git=/usr/src/debug/enigma2/3.12+git  -fdebug-prefix-map=/home/pli/builds/openpli-scarthgap-build-1-30-2025/openpli-oe-core/build/tmp/work/osmio4k-oe-linux-gnueabi/enigma2/3.12+git/git=/usr/src/debug/enigma2/3.12+git  -fmacro-prefix-map=/home/pli/builds/openpli-scarthgap-build-1-30-2025/openpli-oe-core/build/tmp/work/osmio4k-oe-linux-gnueabi/enigma2/3.12+git/build=/usr/src/debug/enigma2/3.12+git  -fdebug-prefix-map=/home/pli/builds/openpli-scarthgap-build-1-30-2025/openpli-oe-core/build/tmp/work/osmio4k-oe-linux-gnueabi/enigma2/3.12+git/build=/usr/src/debug/enigma2/3.12+git  -fdebug-prefix-map=/home/pli/builds/openpli-scarthgap-build-1-30-2025/openpli-oe-core/build/tmp/work/osmio4k-oe-linux-gnueabi/enigma2/3.12+git/recipe-sysroot=  -fmacro-prefix-map=/home/pli/builds/openpli-scarthgap-build-1-30-2025/openpli-oe-core/build/tmp/work/osmio4k-oe-linux-gnueabi/enigma2/3.12+git/recipe-sysroot=  -fdebug-prefix-map=/home/pli/builds/openpli-scarthgap-build-1-30-2025/openpli-oe-core/build/tmp/work/osmio4k-oe-linux-gnueabi/enigma2/3.12+git/recipe-sysroot-native=  -fvisibility-inlines-hidden -Wattribute-alias -Wattribute-alias=1 -Wall -Wextra -Werror 	-Wformat=2 -Wformat-overflow=2 -Wformat-nonliteral -Wformat-security 	-Wimplicit-fallthrough=5 -Wduplicated-branches -Wtrampolines 	-Wdangling-else -Wshift-overflow=2 -Wswitch 	-Wunused-but-set-parameter -Wunused-const-variable=1 -Wuninitialized 	-Wstringop-overflow=3 -Woverlength-strings 	-Wunsafe-loop-optimizations -Wpointer-arith 	-Wfloat-equal -Wlogical-op 	-Wno-error=cast-align=strict -Wno-error=ignored-qualifiers 	-Wno-error=cast-function-type -Wno-error=deprecated-declarations 	-Wno-error=stringop-truncation -Wno-error=shadow -Wno-error=cast-qual 	-Wno-error=aggregate-return -Wno-error=missing-field-initializers 	-Wno-error=packed -Wno-error=vla -Wno-error=clobbered -Wno-error=unused-parameter 	-I/home/pli/builds/openpli-scarthgap-build-1-30-2025/openpli-oe-core/build/tmp/work/osmio4k-oe-linux-gnueabi/enigma2/3.12+git/recipe-sysroot/usr/include/freetype2 -I/home/pli/builds/openpli-scarthgap-build-1-30-2025/openpli-oe-core/build/tmp/work/osmio4k-oe-linux-gnueabi/enigma2/3.12+git/recipe-sysroot/usr/include/fribidi -I/home/pli/builds/openpli-scarthgap-build-1-30-2025/openpli-oe-core/build/tmp/work/osmio4k-oe-linux-gnueabi/enigma2/3.12+git/recipe-sysroot/usr/include/glib-2.0 -I/home/pli/builds/openpli-scarthgap-build-1-30-2025/openpli-oe-core/build/tmp/work/osmio4k-oe-linux-gnueabi/enigma2/3.12+git/recipe-sysroot/usr/lib/glib-2.0/include -I/home/pli/builds/openpli-scarthgap-build-1-30-2025/openpli-oe-core/build/tmp/work/osmio4k-oe-linux-gnueabi/enigma2/3.12+git/recipe-sysroot/usr/include/libpng16 -I/home/pli/builds/openpli-scarthgap-build-1-30-2025/openpli-oe-core/build/tmp/work/osmio4k-oe-linux-gnueabi/enigma2/3.12+git/recipe-sysroot/usr/include/libxml2 -I/home/pli/builds/openpli-scarthgap-build-1-30-2025/openpli-oe-core/build/tmp/work/osmio4k-oe-linux-gnueabi/enigma2/3.12+git/recipe-sysroot/usr/include/sigc++-3.0 -I/home/pli/builds/openpli-scarthgap-build-1-30-2025/openpli-oe-core/build/tmp/work/osmio4k-oe-linux-gnueabi/enigma2/3.12+git/recipe-sysroot/usr/lib/sigc++-3.0/include -fno-rtti -fno-exceptions -rdynamic -funwind-tables  -fopenmp  -MT base/eenv.o -MD -MP -MF $depbase.Tpo -c -o base/eenv.o base/eenv.cpp &&\
mv -f $depbase.Tpo $depbase.Po

depbase=`echo base/eerror.o | sed 's|[^/]*$|.deps/&|;s|\.o$||'`;\
arm-oe-linux-gnueabi-g++  -march=armv7ve -mfpu=neon-vfpv4 -mfloat-abi=hard -D_TIME_BITS=64 -D_FILE_OFFSET_BITS=64 --sysroot=/home/pli/builds/openpli-scarthgap-build-1-30-2025/openpli-oe-core/build/tmp/work/osmio4k-oe-linux-gnueabi/enigma2/3.12+git/recipe-sysroot -std=gnu++17 -DHAVE_CONFIG_H -I. -I../../git/lib -I..  -I.. -I../../git -I../../git/include -DPY_SSIZE_T_CLEAN -include Python.h -include ../enigma2_config.h -I/home/pli/builds/openpli-scarthgap-build-1-30-2025/openpli-oe-core/build/tmp/work/osmio4k-oe-linux-gnueabi/enigma2/3.12+git/recipe-sysroot/usr/include/python3.12  -Os -pipe -g -feliminate-unused-debug-types -fcanon-prefix-map  -fmacro-prefix-map=/home/pli/builds/openpli-scarthgap-build-1-30-2025/openpli-oe-core/build/tmp/work/osmio4k-oe-linux-gnueabi/enigma2/3.12+git/git=/usr/src/debug/enigma2/3.12+git  -fdebug-prefix-map=/home/pli/builds/openpli-scarthgap-build-1-30-2025/openpli-oe-core/build/tmp/work/osmio4k-oe-linux-gnueabi/enigma2/3.12+git/git=/usr/src/debug/enigma2/3.12+git  -fmacro-prefix-map=/home/pli/builds/openpli-scarthgap-build-1-30-2025/openpli-oe-core/build/tmp/work/osmio4k-oe-linux-gnueabi/enigma2/3.12+git/build=/usr/src/debug/enigma2/3.12+git  -fdebug-prefix-map=/home/pli/builds/openpli-scarthgap-build-1-30-2025/openpli-oe-core/build/tmp/work/osmio4k-oe-linux-gnueabi/enigma2/3.12+git/build=/usr/src/debug/enigma2/3.12+git  -fdebug-prefix-map=/home/pli/builds/openpli-scarthgap-build-1-30-2025/openpli-oe-core/build/tmp/work/osmio4k-oe-linux-gnueabi/enigma2/3.12+git/recipe-sysroot=  -fmacro-prefix-map=/home/pli/builds/openpli-scarthgap-build-1-30-2025/openpli-oe-core/build/tmp/work/osmio4k-oe-linux-gnueabi/enigma2/3.12+git/recipe-sysroot=  -fdebug-prefix-map=/home/pli/builds/openpli-scarthgap-build-1-30-2025/openpli-oe-core/build/tmp/work/osmio4k-oe-linux-gnueabi/enigma2/3.12+git/recipe-sysroot-native=  -fvisibility-inlines-hidden -Wattribute-alias -Wattribute-alias=1 -Wall -Wextra -Werror 	-Wformat=2 -Wformat-overflow=2 -Wformat-nonliteral -Wformat-security 	-Wimplicit-fallthrough=5 -Wduplicated-branches -Wtrampolines 	-Wdangling-else -Wshift-overflow=2 -Wswitch 	-Wunused-but-set-parameter -Wunused-const-variable=1 -Wuninitialized 	-Wstringop-overflow=3 -Woverlength-strings 	-Wunsafe-loop-optimizations -Wpointer-arith 	-Wfloat-equal -Wlogical-op 	-Wno-error=cast-align=strict -Wno-error=ignored-qualifiers 	-Wno-error=cast-function-type -Wno-error=deprecated-declarations 	-Wno-error=stringop-truncation -Wno-error=shadow -Wno-error=cast-qual 	-Wno-error=aggregate-return -Wno-error=missing-field-initializers 	-Wno-error=packed -Wno-error=vla -Wno-error=clobbered -Wno-error=unused-parameter 	-I/home/pli/builds/openpli-scarthgap-build-1-30-2025/openpli-oe-core/build/tmp/work/osmio4k-oe-linux-gnueabi/enigma2/3.12+git/recipe-sysroot/usr/include/freetype2 -I/home/pli/builds/openpli-scarthgap-build-1-30-2025/openpli-oe-core/build/tmp/work/osmio4k-oe-linux-gnueabi/enigma2/3.12+git/recipe-sysroot/usr/include/fribidi -I/home/pli/builds/openpli-scarthgap-build-1-30-2025/openpli-oe-core/build/tmp/work/osmio4k-oe-linux-gnueabi/enigma2/3.12+git/recipe-sysroot/usr/include/glib-2.0 -I/home/pli/builds/openpli-scarthgap-build-1-30-2025/openpli-oe-core/build/tmp/work/osmio4k-oe-linux-gnueabi/enigma2/3.12+git/recipe-sysroot/usr/lib/glib-2.0/include -I/home/pli/builds/openpli-scarthgap-build-1-30-2025/openpli-oe-core/build/tmp/work/osmio4k-oe-linux-gnueabi/enigma2/3.12+git/recipe-sysroot/usr/include/libpng16 -I/home/pli/builds/openpli-scarthgap-build-1-30-2025/openpli-oe-core/build/tmp/work/osmio4k-oe-linux-gnueabi/enigma2/3.12+git/recipe-sysroot/usr/include/libxml2 -I/home/pli/builds/openpli-scarthgap-build-1-30-2025/openpli-oe-core/build/tmp/work/osmio4k-oe-linux-gnueabi/enigma2/3.12+git/recipe-sysroot/usr/include/sigc++-3.0 -I/home/pli/builds/openpli-scarthgap-build-1-30-2025/openpli-oe-core/build/tmp/work/osmio4k-oe-linux-gnueabi/enigma2/3.12+git/recipe-sysroot/usr/lib/sigc++-3.0/include -fno-rtti -fno-exceptions -rdynamic -funwind-tables  -fopenmp  -MT base/eerror.o -MD -MP -MF $depbase.Tpo -c -o base/eerror.o ../../git/lib/base/eerror.cpp &&\
mv -f $depbase.Tpo $depbase.Po

depbase=`echo base/elock.o | sed 's|[^/]*$|.deps/&|;s|\.o$||'`;\
arm-oe-linux-gnueabi-g++  -march=armv7ve -mfpu=neon-vfpv4 -mfloat-abi=hard -D_TIME_BITS=64 -D_FILE_OFFSET_BITS=64 --sysroot=/home/pli/builds/openpli-scarthgap-build-1-30-2025/openpli-oe-core/build/tmp/work/osmio4k-oe-linux-gnueabi/enigma2/3.12+git/recipe-sysroot -std=gnu++17 -DHAVE_CONFIG_H -I. -I../../git/lib -I..  -I.. -I../../git -I../../git/include -DPY_SSIZE_T_CLEAN -include Python.h -include ../enigma2_config.h -I/home/pli/builds/openpli-scarthgap-build-1-30-2025/openpli-oe-core/build/tmp/work/osmio4k-oe-linux-gnueabi/enigma2/3.12+git/recipe-sysroot/usr/include/python3.12  -Os -pipe -g -feliminate-unused-debug-types -fcanon-prefix-map  -fmacro-prefix-map=/home/pli/builds/openpli-scarthgap-build-1-30-2025/openpli-oe-core/build/tmp/work/osmio4k-oe-linux-gnueabi/enigma2/3.12+git/git=/usr/src/debug/enigma2/3.12+git  -fdebug-prefix-map=/home/pli/builds/openpli-scarthgap-build-1-30-2025/openpli-oe-core/build/tmp/work/osmio4k-oe-linux-gnueabi/enigma2/3.12+git/git=/usr/src/debug/enigma2/3.12+git  -fmacro-prefix-map=/home/pli/builds/openpli-scarthgap-build-1-30-2025/openpli-oe-core/build/tmp/work/osmio4k-oe-linux-gnueabi/enigma2/3.12+git/build=/usr/src/debug/enigma2/3.12+git  -fdebug-prefix-map=/home/pli/builds/openpli-scarthgap-build-1-30-2025/openpli-oe-core/build/tmp/work/osmio4k-oe-linux-gnueabi/enigma2/3.12+git/build=/usr/src/debug/enigma2/3.12+git  -fdebug-prefix-map=/home/pli/builds/openpli-scarthgap-build-1-30-2025/openpli-oe-core/build/tmp/work/osmio4k-oe-linux-gnueabi/enigma2/3.12+git/recipe-sysroot=  -fmacro-prefix-map=/home/pli/builds/openpli-scarthgap-build-1-30-2025/openpli-oe-core/build/tmp/work/osmio4k-oe-linux-gnueabi/enigma2/3.12+git/recipe-sysroot=  -fdebug-prefix-map=/home/pli/builds/openpli-scarthgap-build-1-30-2025/openpli-oe-core/build/tmp/work/osmio4k-oe-linux-gnueabi/enigma2/3.12+git/recipe-sysroot-native=  -fvisibility-inlines-hidden -Wattribute-alias -Wattribute-alias=1 -Wall -Wextra -Werror 	-Wformat=2 -Wformat-overflow=2 -Wformat-nonliteral -Wformat-security 	-Wimplicit-fallthrough=5 -Wduplicated-branches -Wtrampolines 	-Wdangling-else -Wshift-overflow=2 -Wswitch 	-Wunused-but-set-parameter -Wunused-const-variable=1 -Wuninitialized 	-Wstringop-overflow=3 -Woverlength-strings 	-Wunsafe-loop-optimizations -Wpointer-arith 	-Wfloat-equal -Wlogical-op 	-Wno-error=cast-align=strict -Wno-error=ignored-qualifiers 	-Wno-error=cast-function-type -Wno-error=deprecated-declarations 	-Wno-error=stringop-truncation -Wno-error=shadow -Wno-error=cast-qual 	-Wno-error=aggregate-return -Wno-error=missing-field-initializers 	-Wno-error=packed -Wno-error=vla -Wno-error=clobbered -Wno-error=unused-parameter 	-I/home/pli/builds/openpli-scarthgap-build-1-30-2025/openpli-oe-core/build/tmp/work/osmio4k-oe-linux-gnueabi/enigma2/3.12+git/recipe-sysroot/usr/include/freetype2 -I/home/pli/builds/openpli-scarthgap-build-1-30-2025/openpli-oe-core/build/tmp/work/osmio4k-oe-linux-gnueabi/enigma2/3.12+git/recipe-sysroot/usr/include/fribidi -I/home/pli/builds/openpli-scarthgap-build-1-30-2025/openpli-oe-core/build/tmp/work/osmio4k-oe-linux-gnueabi/enigma2/3.12+git/recipe-sysroot/usr/include/glib-2.0 -I/home/pli/builds/openpli-scarthgap-build-1-30-2025/openpli-oe-core/build/tmp/work/osmio4k-oe-linux-gnueabi/enigma2/3.12+git/recipe-sysroot/usr/lib/glib-2.0/include -I/home/pli/builds/openpli-scarthgap-build-1-30-2025/openpli-oe-core/build/tmp/work/osmio4k-oe-linux-gnueabi/enigma2/3.12+git/recipe-sysroot/usr/include/libpng16 -I/home/pli/builds/openpli-scarthgap-build-1-30-2025/openpli-oe-core/build/tmp/work/osmio4k-oe-linux-gnueabi/enigma2/3.12+git/recipe-sysroot/usr/include/libxml2 -I/home/pli/builds/openpli-scarthgap-build-1-30-2025/openpli-oe-core/build/tmp/work/osmio4k-oe-linux-gnueabi/enigma2/3.12+git/recipe-sysroot/usr/include/sigc++-3.0 -I/home/pli/builds/openpli-scarthgap-build-1-30-2025/openpli-oe-core/build/tmp/work/osmio4k-oe-linux-gnueabi/enigma2/3.12+git/recipe-sysroot/usr/lib/sigc++-3.0/include -fno-rtti -fno-exceptions -rdynamic -funwind-tables  -fopenmp  -MT base/elock.o -MD -MP -MF $depbase.Tpo -c -o base/elock.o ../../git/lib/base/elock.cpp &&\
mv -f $depbase.Tpo $depbase.Po

depbase=`echo base/encoding.o | sed 's|[^/]*$|.deps/&|;s|\.o$||'`;\
arm-oe-linux-gnueabi-g++  -march=armv7ve -mfpu=neon-vfpv4 -mfloat-abi=hard -D_TIME_BITS=64 -D_FILE_OFFSET_BITS=64 --sysroot=/home/pli/builds/openpli-scarthgap-build-1-30-2025/openpli-oe-core/build/tmp/work/osmio4k-oe-linux-gnueabi/enigma2/3.12+git/recipe-sysroot -std=gnu++17 -DHAVE_CONFIG_H -I. -I../../git/lib -I..  -I.. -I../../git -I../../git/include -DPY_SSIZE_T_CLEAN -include Python.h -include ../enigma2_config.h -I/home/pli/builds/openpli-scarthgap-build-1-30-2025/openpli-oe-core/build/tmp/work/osmio4k-oe-linux-gnueabi/enigma2/3.12+git/recipe-sysroot/usr/include/python3.12  -Os -pipe -g -feliminate-unused-debug-types -fcanon-prefix-map  -fmacro-prefix-map=/home/pli/builds/openpli-scarthgap-build-1-30-2025/openpli-oe-core/build/tmp/work/osmio4k-oe-linux-gnueabi/enigma2/3.12+git/git=/usr/src/debug/enigma2/3.12+git  -fdebug-prefix-map=/home/pli/builds/openpli-scarthgap-build-1-30-2025/openpli-oe-core/build/tmp/work/osmio4k-oe-linux-gnueabi/enigma2/3.12+git/git=/usr/src/debug/enigma2/3.12+git  -fmacro-prefix-map=/home/pli/builds/openpli-scarthgap-build-1-30-2025/openpli-oe-core/build/tmp/work/osmio4k-oe-linux-gnueabi/enigma2/3.12+git/build=/usr/src/debug/enigma2/3.12+git  -fdebug-prefix-map=/home/pli/builds/openpli-scarthgap-build-1-30-2025/openpli-oe-core/build/tmp/work/osmio4k-oe-linux-gnueabi/enigma2/3.12+git/build=/usr/src/debug/enigma2/3.12+git  -fdebug-prefix-map=/home/pli/builds/openpli-scarthgap-build-1-30-2025/openpli-oe-core/build/tmp/work/osmio4k-oe-linux-gnueabi/enigma2/3.12+git/recipe-sysroot=  -fmacro-prefix-map=/home/pli/builds/openpli-scarthgap-build-1-30-2025/openpli-oe-core/build/tmp/work/osmio4k-oe-linux-gnueabi/enigma2/3.12+git/recipe-sysroot=  -fdebug-prefix-map=/home/pli/builds/openpli-scarthgap-build-1-30-2025/openpli-oe-core/build/tmp/work/osmio4k-oe-linux-gnueabi/enigma2/3.12+git/recipe-sysroot-native=  -fvisibility-inlines-hidden -Wattribute-alias -Wattribute-alias=1 -Wall -Wextra -Werror 	-Wformat=2 -Wformat-overflow=2 -Wformat-nonliteral -Wformat-security 	-Wimplicit-fallthrough=5 -Wduplicated-branches -Wtrampolines 	-Wdangling-else -Wshift-overflow=2 -Wswitch 	-Wunused-but-set-parameter -Wunused-const-variable=1 -Wuninitialized 	-Wstringop-overflow=3 -Woverlength-strings 	-Wunsafe-loop-optimizations -Wpointer-arith 	-Wfloat-equal -Wlogical-op 	-Wno-error=cast-align=strict -Wno-error=ignored-qualifiers 	-Wno-error=cast-function-type -Wno-error=deprecated-declarations 	-Wno-error=stringop-truncation -Wno-error=shadow -Wno-error=cast-qual 	-Wno-error=aggregate-return -Wno-error=missing-field-initializers 	-Wno-error=packed -Wno-error=vla -Wno-error=clobbered -Wno-error=unused-parameter 	-I/home/pli/builds/openpli-scarthgap-build-1-30-2025/openpli-oe-core/build/tmp/work/osmio4k-oe-linux-gnueabi/enigma2/3.12+git/recipe-sysroot/usr/include/freetype2 -I/home/pli/builds/openpli-scarthgap-build-1-30-2025/openpli-oe-core/build/tmp/work/osmio4k-oe-linux-gnueabi/enigma2/3.12+git/recipe-sysroot/usr/include/fribidi -I/home/pli/builds/openpli-scarthgap-build-1-30-2025/openpli-oe-core/build/tmp/work/osmio4k-oe-linux-gnueabi/enigma2/3.12+git/recipe-sysroot/usr/include/glib-2.0 -I/home/pli/builds/openpli-scarthgap-build-1-30-2025/openpli-oe-core/build/tmp/work/osmio4k-oe-linux-gnueabi/enigma2/3.12+git/recipe-sysroot/usr/lib/glib-2.0/include -I/home/pli/builds/openpli-scarthgap-build-1-30-2025/openpli-oe-core/build/tmp/work/osmio4k-oe-linux-gnueabi/enigma2/3.12+git/recipe-sysroot/usr/include/libpng16 -I/home/pli/builds/openpli-scarthgap-build-1-30-2025/openpli-oe-core/build/tmp/work/osmio4k-oe-linux-gnueabi/enigma2/3.12+git/recipe-sysroot/usr/include/libxml2 -I/home/pli/builds/openpli-scarthgap-build-1-30-2025/openpli-oe-core/build/tmp/work/osmio4k-oe-linux-gnueabi/enigma2/3.12+git/recipe-sysroot/usr/include/sigc++-3.0 -I/home/pli/builds/openpli-scarthgap-build-1-30-2025/openpli-oe-core/build/tmp/work/osmio4k-oe-linux-gnueabi/enigma2/3.12+git/recipe-sysroot/usr/lib/sigc++-3.0/include -fno-rtti -fno-exceptions -rdynamic -funwind-tables  -fopenmp  -MT base/encoding.o -MD -MP -MF $depbase.Tpo -c -o base/encoding.o ../../git/lib/base/encoding.cpp &&\
mv -f $depbase.Tpo $depbase.Po

depbase=`echo base/estring.o | sed 's|[^/]*$|.deps/&|;s|\.o$||'`;\
arm-oe-linux-gnueabi-g++  -march=armv7ve -mfpu=neon-vfpv4 -mfloat-abi=hard -D_TIME_BITS=64 -D_FILE_OFFSET_BITS=64 --sysroot=/home/pli/builds/openpli-scarthgap-build-1-30-2025/openpli-oe-core/build/tmp/work/osmio4k-oe-linux-gnueabi/enigma2/3.12+git/recipe-sysroot -std=gnu++17 -DHAVE_CONFIG_H -I. -I../../git/lib -I..  -I.. -I../../git -I../../git/include -DPY_SSIZE_T_CLEAN -include Python.h -include ../enigma2_config.h -I/home/pli/builds/openpli-scarthgap-build-1-30-2025/openpli-oe-core/build/tmp/work/osmio4k-oe-linux-gnueabi/enigma2/3.12+git/recipe-sysroot/usr/include/python3.12  -Os -pipe -g -feliminate-unused-debug-types -fcanon-prefix-map  -fmacro-prefix-map=/home/pli/builds/openpli-scarthgap-build-1-30-2025/openpli-oe-core/build/tmp/work/osmio4k-oe-linux-gnueabi/enigma2/3.12+git/git=/usr/src/debug/enigma2/3.12+git  -fdebug-prefix-map=/home/pli/builds/openpli-scarthgap-build-1-30-2025/openpli-oe-core/build/tmp/work/osmio4k-oe-linux-gnueabi/enigma2/3.12+git/git=/usr/src/debug/enigma2/3.12+git  -fmacro-prefix-map=/home/pli/builds/openpli-scarthgap-build-1-30-2025/openpli-oe-core/build/tmp/work/osmio4k-oe-linux-gnueabi/enigma2/3.12+git/build=/usr/src/debug/enigma2/3.12+git  -fdebug-prefix-map=/home/pli/builds/openpli-scarthgap-build-1-30-2025/openpli-oe-core/build/tmp/work/osmio4k-oe-linux-gnueabi/enigma2/3.12+git/build=/usr/src/debug/enigma2/3.12+git  -fdebug-prefix-map=/home/pli/builds/openpli-scarthgap-build-1-30-2025/openpli-oe-core/build/tmp/work/osmio4k-oe-linux-gnueabi/enigma2/3.12+git/recipe-sysroot=  -fmacro-prefix-map=/home/pli/builds/openpli-scarthgap-build-1-30-2025/openpli-oe-core/build/tmp/work/osmio4k-oe-linux-gnueabi/enigma2/3.12+git/recipe-sysroot=  -fdebug-prefix-map=/home/pli/builds/openpli-scarthgap-build-1-30-2025/openpli-oe-core/build/tmp/work/osmio4k-oe-linux-gnueabi/enigma2/3.12+git/recipe-sysroot-native=  -fvisibility-inlines-hidden -Wattribute-alias -Wattribute-alias=1 -Wall -Wextra -Werror 	-Wformat=2 -Wformat-overflow=2 -Wformat-nonliteral -Wformat-security 	-Wimplicit-fallthrough=5 -Wduplicated-branches -Wtrampolines 	-Wdangling-else -Wshift-overflow=2 -Wswitch 	-Wunused-but-set-parameter -Wunused-const-variable=1 -Wuninitialized 	-Wstringop-overflow=3 -Woverlength-strings 	-Wunsafe-loop-optimizations -Wpointer-arith 	-Wfloat-equal -Wlogical-op 	-Wno-error=cast-align=strict -Wno-error=ignored-qualifiers 	-Wno-error=cast-function-type -Wno-error=deprecated-declarations 	-Wno-error=stringop-truncation -Wno-error=shadow -Wno-error=cast-qual 	-Wno-error=aggregate-return -Wno-error=missing-field-initializers 	-Wno-error=packed -Wno-error=vla -Wno-error=clobbered -Wno-error=unused-parameter 	-I/home/pli/builds/openpli-scarthgap-build-1-30-2025/openpli-oe-core/build/tmp/work/osmio4k-oe-linux-gnueabi/enigma2/3.12+git/recipe-sysroot/usr/include/freetype2 -I/home/pli/builds/openpli-scarthgap-build-1-30-2025/openpli-oe-core/build/tmp/work/osmio4k-oe-linux-gnueabi/enigma2/3.12+git/recipe-sysroot/usr/include/fribidi -I/home/pli/builds/openpli-scarthgap-build-1-30-2025/openpli-oe-core/build/tmp/work/osmio4k-oe-linux-gnueabi/enigma2/3.12+git/recipe-sysroot/usr/include/glib-2.0 -I/home/pli/builds/openpli-scarthgap-build-1-30-2025/openpli-oe-core/build/tmp/work/osmio4k-oe-linux-gnueabi/enigma2/3.12+git/recipe-sysroot/usr/lib/glib-2.0/include -I/home/pli/builds/openpli-scarthgap-build-1-30-2025/openpli-oe-core/build/tmp/work/osmio4k-oe-linux-gnueabi/enigma2/3.12+git/recipe-sysroot/usr/include/libpng16 -I/home/pli/builds/openpli-scarthgap-build-1-30-2025/openpli-oe-core/build/tmp/work/osmio4k-oe-linux-gnueabi/enigma2/3.12+git/recipe-sysroot/usr/include/libxml2 -I/home/pli/builds/openpli-scarthgap-build-1-30-2025/openpli-oe-core/build/tmp/work/osmio4k-oe-linux-gnueabi/enigma2/3.12+git/recipe-sysroot/usr/include/sigc++-3.0 -I/home/pli/builds/openpli-scarthgap-build-1-30-2025/openpli-oe-core/build/tmp/work/osmio4k-oe-linux-gnueabi/enigma2/3.12+git/recipe-sysroot/usr/lib/sigc++-3.0/include -fno-rtti -fno-exceptions -rdynamic -funwind-tables  -fopenmp  -MT base/estring.o -MD -MP -MF $depbase.Tpo -c -o base/estring.o ../../git/lib/base/estring.cpp &&\
mv -f $depbase.Tpo $depbase.Po

depbase=`echo base/freesatv2.o | sed 's|[^/]*$|.deps/&|;s|\.o$||'`;\
arm-oe-linux-gnueabi-g++  -march=armv7ve -mfpu=neon-vfpv4 -mfloat-abi=hard -D_TIME_BITS=64 -D_FILE_OFFSET_BITS=64 --sysroot=/home/pli/builds/openpli-scarthgap-build-1-30-2025/openpli-oe-core/build/tmp/work/osmio4k-oe-linux-gnueabi/enigma2/3.12+git/recipe-sysroot -std=gnu++17 -DHAVE_CONFIG_H -I. -I../../git/lib -I..  -I.. -I../../git -I../../git/include -DPY_SSIZE_T_CLEAN -include Python.h -include ../enigma2_config.h -I/home/pli/builds/openpli-scarthgap-build-1-30-2025/openpli-oe-core/build/tmp/work/osmio4k-oe-linux-gnueabi/enigma2/3.12+git/recipe-sysroot/usr/include/python3.12  -Os -pipe -g -feliminate-unused-debug-types -fcanon-prefix-map  -fmacro-prefix-map=/home/pli/builds/openpli-scarthgap-build-1-30-2025/openpli-oe-core/build/tmp/work/osmio4k-oe-linux-gnueabi/enigma2/3.12+git/git=/usr/src/debug/enigma2/3.12+git  -fdebug-prefix-map=/home/pli/builds/openpli-scarthgap-build-1-30-2025/openpli-oe-core/build/tmp/work/osmio4k-oe-linux-gnueabi/enigma2/3.12+git/git=/usr/src/debug/enigma2/3.12+git  -fmacro-prefix-map=/home/pli/builds/openpli-scarthgap-build-1-30-2025/openpli-oe-core/build/tmp/work/osmio4k-oe-linux-gnueabi/enigma2/3.12+git/build=/usr/src/debug/enigma2/3.12+git  -fdebug-prefix-map=/home/pli/builds/openpli-scarthgap-build-1-30-2025/openpli-oe-core/build/tmp/work/osmio4k-oe-linux-gnueabi/enigma2/3.12+git/build=/usr/src/debug/enigma2/3.12+git  -fdebug-prefix-map=/home/pli/builds/openpli-scarthgap-build-1-30-2025/openpli-oe-core/build/tmp/work/osmio4k-oe-linux-gnueabi/enigma2/3.12+git/recipe-sysroot=  -fmacro-prefix-map=/home/pli/builds/openpli-scarthgap-build-1-30-2025/openpli-oe-core/build/tmp/work/osmio4k-oe-linux-gnueabi/enigma2/3.12+git/recipe-sysroot=  -fdebug-prefix-map=/home/pli/builds/openpli-scarthgap-build-1-30-2025/openpli-oe-core/build/tmp/work/osmio4k-oe-linux-gnueabi/enigma2/3.12+git/recipe-sysroot-native=  -fvisibility-inlines-hidden -Wattribute-alias -Wattribute-alias=1 -Wall -Wextra -Werror 	-Wformat=2 -Wformat-overflow=2 -Wformat-nonliteral -Wformat-security 	-Wimplicit-fallthrough=5 -Wduplicated-branches -Wtrampolines 	-Wdangling-else -Wshift-overflow=2 -Wswitch 	-Wunused-but-set-parameter -Wunused-const-variable=1 -Wuninitialized 	-Wstringop-overflow=3 -Woverlength-strings 	-Wunsafe-loop-optimizations -Wpointer-arith 	-Wfloat-equal -Wlogical-op 	-Wno-error=cast-align=strict -Wno-error=ignored-qualifiers 	-Wno-error=cast-function-type -Wno-error=deprecated-declarations 	-Wno-error=stringop-truncation -Wno-error=shadow -Wno-error=cast-qual 	-Wno-error=aggregate-return -Wno-error=missing-field-initializers 	-Wno-error=packed -Wno-error=vla -Wno-error=clobbered -Wno-error=unused-parameter 	-I/home/pli/builds/openpli-scarthgap-build-1-30-2025/openpli-oe-core/build/tmp/work/osmio4k-oe-linux-gnueabi/enigma2/3.12+git/recipe-sysroot/usr/include/freetype2 -I/home/pli/builds/openpli-scarthgap-build-1-30-2025/openpli-oe-core/build/tmp/work/osmio4k-oe-linux-gnueabi/enigma2/3.12+git/recipe-sysroot/usr/include/fribidi -I/home/pli/builds/openpli-scarthgap-build-1-30-2025/openpli-oe-core/build/tmp/work/osmio4k-oe-linux-gnueabi/enigma2/3.12+git/recipe-sysroot/usr/include/glib-2.0 -I/home/pli/builds/openpli-scarthgap-build-1-30-2025/openpli-oe-core/build/tmp/work/osmio4k-oe-linux-gnueabi/enigma2/3.12+git/recipe-sysroot/usr/lib/glib-2.0/include -I/home/pli/builds/openpli-scarthgap-build-1-30-2025/openpli-oe-core/build/tmp/work/osmio4k-oe-linux-gnueabi/enigma2/3.12+git/recipe-sysroot/usr/include/libpng16 -I/home/pli/builds/openpli-scarthgap-build-1-30-2025/openpli-oe-core/build/tmp/work/osmio4k-oe-linux-gnueabi/enigma2/3.12+git/recipe-sysroot/usr/include/libxml2 -I/home/pli/builds/openpli-scarthgap-build-1-30-2025/openpli-oe-core/build/tmp/work/osmio4k-oe-linux-gnueabi/enigma2/3.12+git/recipe-sysroot/usr/include/sigc++-3.0 -I/home/pli/builds/openpli-scarthgap-build-1-30-2025/openpli-oe-core/build/tmp/work/osmio4k-oe-linux-gnueabi/enigma2/3.12+git/recipe-sysroot/usr/lib/sigc++-3.0/include -fno-rtti -fno-exceptions -rdynamic -funwind-tables  -fopenmp  -MT base/freesatv2.o -MD -MP -MF $depbase.Tpo -c -o base/freesatv2.o ../../git/lib/base/freesatv2.cpp &&\
mv -f $depbase.Tpo $depbase.Po

depbase=`echo base/huffman.o | sed 's|[^/]*$|.deps/&|;s|\.o$||'`;\
arm-oe-linux-gnueabi-g++  -march=armv7ve -mfpu=neon-vfpv4 -mfloat-abi=hard -D_TIME_BITS=64 -D_FILE_OFFSET_BITS=64 --sysroot=/home/pli/builds/openpli-scarthgap-build-1-30-2025/openpli-oe-core/build/tmp/work/osmio4k-oe-linux-gnueabi/enigma2/3.12+git/recipe-sysroot -std=gnu++17 -DHAVE_CONFIG_H -I. -I../../git/lib -I..  -I.. -I../../git -I../../git/include -DPY_SSIZE_T_CLEAN -include Python.h -include ../enigma2_config.h -I/home/pli/builds/openpli-scarthgap-build-1-30-2025/openpli-oe-core/build/tmp/work/osmio4k-oe-linux-gnueabi/enigma2/3.12+git/recipe-sysroot/usr/include/python3.12  -Os -pipe -g -feliminate-unused-debug-types -fcanon-prefix-map  -fmacro-prefix-map=/home/pli/builds/openpli-scarthgap-build-1-30-2025/openpli-oe-core/build/tmp/work/osmio4k-oe-linux-gnueabi/enigma2/3.12+git/git=/usr/src/debug/enigma2/3.12+git  -fdebug-prefix-map=/home/pli/builds/openpli-scarthgap-build-1-30-2025/openpli-oe-core/build/tmp/work/osmio4k-oe-linux-gnueabi/enigma2/3.12+git/git=/usr/src/debug/enigma2/3.12+git  -fmacro-prefix-map=/home/pli/builds/openpli-scarthgap-build-1-30-2025/openpli-oe-core/build/tmp/work/osmio4k-oe-linux-gnueabi/enigma2/3.12+git/build=/usr/src/debug/enigma2/3.12+git  -fdebug-prefix-map=/home/pli/builds/openpli-scarthgap-build-1-30-2025/openpli-oe-core/build/tmp/work/osmio4k-oe-linux-gnueabi/enigma2/3.12+git/build=/usr/src/debug/enigma2/3.12+git  -fdebug-prefix-map=/home/pli/builds/openpli-scarthgap-build-1-30-2025/openpli-oe-core/build/tmp/work/osmio4k-oe-linux-gnueabi/enigma2/3.12+git/recipe-sysroot=  -fmacro-prefix-map=/home/pli/builds/openpli-scarthgap-build-1-30-2025/openpli-oe-core/build/tmp/work/osmio4k-oe-linux-gnueabi/enigma2/3.12+git/recipe-sysroot=  -fdebug-prefix-map=/home/pli/builds/openpli-scarthgap-build-1-30-2025/openpli-oe-core/build/tmp/work/osmio4k-oe-linux-gnueabi/enigma2/3.12+git/recipe-sysroot-native=  -fvisibility-inlines-hidden -Wattribute-alias -Wattribute-alias=1 -Wall -Wextra -Werror 	-Wformat=2 -Wformat-overflow=2 -Wformat-nonliteral -Wformat-security 	-Wimplicit-fallthrough=5 -Wduplicated-branches -Wtrampolines 	-Wdangling-else -Wshift-overflow=2 -Wswitch 	-Wunused-but-set-parameter -Wunused-const-variable=1 -Wuninitialized 	-Wstringop-overflow=3 -Woverlength-strings 	-Wunsafe-loop-optimizations -Wpointer-arith 	-Wfloat-equal -Wlogical-op 	-Wno-error=cast-align=strict -Wno-error=ignored-qualifiers 	-Wno-error=cast-function-type -Wno-error=deprecated-declarations 	-Wno-error=stringop-truncation -Wno-error=shadow -Wno-error=cast-qual 	-Wno-error=aggregate-return -Wno-error=missing-field-initializers 	-Wno-error=packed -Wno-error=vla -Wno-error=clobbered -Wno-error=unused-parameter 	-I/home/pli/builds/openpli-scarthgap-build-1-30-2025/openpli-oe-core/build/tmp/work/osmio4k-oe-linux-gnueabi/enigma2/3.12+git/recipe-sysroot/usr/include/freetype2 -I/home/pli/builds/openpli-scarthgap-build-1-30-2025/openpli-oe-core/build/tmp/work/osmio4k-oe-linux-gnueabi/enigma2/3.12+git/recipe-sysroot/usr/include/fribidi -I/home/pli/builds/openpli-scarthgap-build-1-30-2025/openpli-oe-core/build/tmp/work/osmio4k-oe-linux-gnueabi/enigma2/3.12+git/recipe-sysroot/usr/include/glib-2.0 -I/home/pli/builds/openpli-scarthgap-build-1-30-2025/openpli-oe-core/build/tmp/work/osmio4k-oe-linux-gnueabi/enigma2/3.12+git/recipe-sysroot/usr/lib/glib-2.0/include -I/home/pli/builds/openpli-scarthgap-build-1-30-2025/openpli-oe-core/build/tmp/work/osmio4k-oe-linux-gnueabi/enigma2/3.12+git/recipe-sysroot/usr/include/libpng16 -I/home/pli/builds/openpli-scarthgap-build-1-30-2025/openpli-oe-core/build/tmp/work/osmio4k-oe-linux-gnueabi/enigma2/3.12+git/recipe-sysroot/usr/include/libxml2 -I/home/pli/builds/openpli-scarthgap-build-1-30-2025/openpli-oe-core/build/tmp/work/osmio4k-oe-linux-gnueabi/enigma2/3.12+git/recipe-sysroot/usr/include/sigc++-3.0 -I/home/pli/builds/openpli-scarthgap-build-1-30-2025/openpli-oe-core/build/tmp/work/osmio4k-oe-linux-gnueabi/enigma2/3.12+git/recipe-sysroot/usr/lib/sigc++-3.0/include -fno-rtti -fno-exceptions -rdynamic -funwind-tables  -fopenmp  -MT base/huffman.o -MD -MP -MF $depbase.Tpo -c -o base/huffman.o ../../git/lib/base/huffman.cpp &&\
mv -f $depbase.Tpo $depbase.Po

depbase=`echo base/init.o | sed 's|[^/]*$|.deps/&|;s|\.o$||'`;\
arm-oe-linux-gnueabi-g++  -march=armv7ve -mfpu=neon-vfpv4 -mfloat-abi=hard -D_TIME_BITS=64 -D_FILE_OFFSET_BITS=64 --sysroot=/home/pli/builds/openpli-scarthgap-build-1-30-2025/openpli-oe-core/build/tmp/work/osmio4k-oe-linux-gnueabi/enigma2/3.12+git/recipe-sysroot -std=gnu++17 -DHAVE_CONFIG_H -I. -I../../git/lib -I..  -I.. -I../../git -I../../git/include -DPY_SSIZE_T_CLEAN -include Python.h -include ../enigma2_config.h -I/home/pli/builds/openpli-scarthgap-build-1-30-2025/openpli-oe-core/build/tmp/work/osmio4k-oe-linux-gnueabi/enigma2/3.12+git/recipe-sysroot/usr/include/python3.12  -Os -pipe -g -feliminate-unused-debug-types -fcanon-prefix-map  -fmacro-prefix-map=/home/pli/builds/openpli-scarthgap-build-1-30-2025/openpli-oe-core/build/tmp/work/osmio4k-oe-linux-gnueabi/enigma2/3.12+git/git=/usr/src/debug/enigma2/3.12+git  -fdebug-prefix-map=/home/pli/builds/openpli-scarthgap-build-1-30-2025/openpli-oe-core/build/tmp/work/osmio4k-oe-linux-gnueabi/enigma2/3.12+git/git=/usr/src/debug/enigma2/3.12+git  -fmacro-prefix-map=/home/pli/builds/openpli-scarthgap-build-1-30-2025/openpli-oe-core/build/tmp/work/osmio4k-oe-linux-gnueabi/enigma2/3.12+git/build=/usr/src/debug/enigma2/3.12+git  -fdebug-prefix-map=/home/pli/builds/openpli-scarthgap-build-1-30-2025/openpli-oe-core/build/tmp/work/osmio4k-oe-linux-gnueabi/enigma2/3.12+git/build=/usr/src/debug/enigma2/3.12+git  -fdebug-prefix-map=/home/pli/builds/openpli-scarthgap-build-1-30-2025/openpli-oe-core/build/tmp/work/osmio4k-oe-linux-gnueabi/enigma2/3.12+git/recipe-sysroot=  -fmacro-prefix-map=/home/pli/builds/openpli-scarthgap-build-1-30-2025/openpli-oe-core/build/tmp/work/osmio4k-oe-linux-gnueabi/enigma2/3.12+git/recipe-sysroot=  -fdebug-prefix-map=/home/pli/builds/openpli-scarthgap-build-1-30-2025/openpli-oe-core/build/tmp/work/osmio4k-oe-linux-gnueabi/enigma2/3.12+git/recipe-sysroot-native=  -fvisibility-inlines-hidden -Wattribute-alias -Wattribute-alias=1 -Wall -Wextra -Werror 	-Wformat=2 -Wformat-overflow=2 -Wformat-nonliteral -Wformat-security 	-Wimplicit-fallthrough=5 -Wduplicated-branches -Wtrampolines 	-Wdangling-else -Wshift-overflow=2 -Wswitch 	-Wunused-but-set-parameter -Wunused-const-variable=1 -Wuninitialized 	-Wstringop-overflow=3 -Woverlength-strings 	-Wunsafe-loop-optimizations -Wpointer-arith 	-Wfloat-equal -Wlogical-op 	-Wno-error=cast-align=strict -Wno-error=ignored-qualifiers 	-Wno-error=cast-function-type -Wno-error=deprecated-declarations 	-Wno-error=stringop-truncation -Wno-error=shadow -Wno-error=cast-qual 	-Wno-error=aggregate-return -Wno-error=missing-field-initializers 	-Wno-error=packed -Wno-error=vla -Wno-error=clobbered -Wno-error=unused-parameter 	-I/home/pli/builds/openpli-scarthgap-build-1-30-2025/openpli-oe-core/build/tmp/work/osmio4k-oe-linux-gnueabi/enigma2/3.12+git/recipe-sysroot/usr/include/freetype2 -I/home/pli/builds/openpli-scarthgap-build-1-30-2025/openpli-oe-core/build/tmp/work/osmio4k-oe-linux-gnueabi/enigma2/3.12+git/recipe-sysroot/usr/include/fribidi -I/home/pli/builds/openpli-scarthgap-build-1-30-2025/openpli-oe-core/build/tmp/work/osmio4k-oe-linux-gnueabi/enigma2/3.12+git/recipe-sysroot/usr/include/glib-2.0 -I/home/pli/builds/openpli-scarthgap-build-1-30-2025/openpli-oe-core/build/tmp/work/osmio4k-oe-linux-gnueabi/enigma2/3.12+git/recipe-sysroot/usr/lib/glib-2.0/include -I/home/pli/builds/openpli-scarthgap-build-1-30-2025/openpli-oe-core/build/tmp/work/osmio4k-oe-linux-gnueabi/enigma2/3.12+git/recipe-sysroot/usr/include/libpng16 -I/home/pli/builds/openpli-scarthgap-build-1-30-2025/openpli-oe-core/build/tmp/work/osmio4k-oe-linux-gnueabi/enigma2/3.12+git/recipe-sysroot/usr/include/libxml2 -I/home/pli/builds/openpli-scarthgap-build-1-30-2025/openpli-oe-core/build/tmp/work/osmio4k-oe-linux-gnueabi/enigma2/3.12+git/recipe-sysroot/usr/include/sigc++-3.0 -I/home/pli/builds/openpli-scarthgap-build-1-30-2025/openpli-oe-core/build/tmp/work/osmio4k-oe-linux-gnueabi/enigma2/3.12+git/recipe-sysroot/usr/lib/sigc++-3.0/include -fno-rtti -fno-exceptions -rdynamic -funwind-tables  -fopenmp  -MT base/init.o -MD -MP -MF $depbase.Tpo -c -o base/init.o ../../git/lib/base/init.cpp &&\
mv -f $depbase.Tpo $depbase.Po

depbase=`echo base/ioprio.o | sed 's|[^/]*$|.deps/&|;s|\.o$||'`;\
arm-oe-linux-gnueabi-g++  -march=armv7ve -mfpu=neon-vfpv4 -mfloat-abi=hard -D_TIME_BITS=64 -D_FILE_OFFSET_BITS=64 --sysroot=/home/pli/builds/openpli-scarthgap-build-1-30-2025/openpli-oe-core/build/tmp/work/osmio4k-oe-linux-gnueabi/enigma2/3.12+git/recipe-sysroot -std=gnu++17 -DHAVE_CONFIG_H -I. -I../../git/lib -I..  -I.. -I../../git -I../../git/include -DPY_SSIZE_T_CLEAN -include Python.h -include ../enigma2_config.h -I/home/pli/builds/openpli-scarthgap-build-1-30-2025/openpli-oe-core/build/tmp/work/osmio4k-oe-linux-gnueabi/enigma2/3.12+git/recipe-sysroot/usr/include/python3.12  -Os -pipe -g -feliminate-unused-debug-types -fcanon-prefix-map  -fmacro-prefix-map=/home/pli/builds/openpli-scarthgap-build-1-30-2025/openpli-oe-core/build/tmp/work/osmio4k-oe-linux-gnueabi/enigma2/3.12+git/git=/usr/src/debug/enigma2/3.12+git  -fdebug-prefix-map=/home/pli/builds/openpli-scarthgap-build-1-30-2025/openpli-oe-core/build/tmp/work/osmio4k-oe-linux-gnueabi/enigma2/3.12+git/git=/usr/src/debug/enigma2/3.12+git  -fmacro-prefix-map=/home/pli/builds/openpli-scarthgap-build-1-30-2025/openpli-oe-core/build/tmp/work/osmio4k-oe-linux-gnueabi/enigma2/3.12+git/build=/usr/src/debug/enigma2/3.12+git  -fdebug-prefix-map=/home/pli/builds/openpli-scarthgap-build-1-30-2025/openpli-oe-core/build/tmp/work/osmio4k-oe-linux-gnueabi/enigma2/3.12+git/build=/usr/src/debug/enigma2/3.12+git  -fdebug-prefix-map=/home/pli/builds/openpli-scarthgap-build-1-30-2025/openpli-oe-core/build/tmp/work/osmio4k-oe-linux-gnueabi/enigma2/3.12+git/recipe-sysroot=  -fmacro-prefix-map=/home/pli/builds/openpli-scarthgap-build-1-30-2025/openpli-oe-core/build/tmp/work/osmio4k-oe-linux-gnueabi/enigma2/3.12+git/recipe-sysroot=  -fdebug-prefix-map=/home/pli/builds/openpli-scarthgap-build-1-30-2025/openpli-oe-core/build/tmp/work/osmio4k-oe-linux-gnueabi/enigma2/3.12+git/recipe-sysroot-native=  -fvisibility-inlines-hidden -Wattribute-alias -Wattribute-alias=1 -Wall -Wextra -Werror 	-Wformat=2 -Wformat-overflow=2 -Wformat-nonliteral -Wformat-security 	-Wimplicit-fallthrough=5 -Wduplicated-branches -Wtrampolines 	-Wdangling-else -Wshift-overflow=2 -Wswitch 	-Wunused-but-set-parameter -Wunused-const-variable=1 -Wuninitialized 	-Wstringop-overflow=3 -Woverlength-strings 	-Wunsafe-loop-optimizations -Wpointer-arith 	-Wfloat-equal -Wlogical-op 	-Wno-error=cast-align=strict -Wno-error=ignored-qualifiers 	-Wno-error=cast-function-type -Wno-error=deprecated-declarations 	-Wno-error=stringop-truncation -Wno-error=shadow -Wno-error=cast-qual 	-Wno-error=aggregate-return -Wno-error=missing-field-initializers 	-Wno-error=packed -Wno-error=vla -Wno-error=clobbered -Wno-error=unused-parameter 	-I/home/pli/builds/openpli-scarthgap-build-1-30-2025/openpli-oe-core/build/tmp/work/osmio4k-oe-linux-gnueabi/enigma2/3.12+git/recipe-sysroot/usr/include/freetype2 -I/home/pli/builds/openpli-scarthgap-build-1-30-2025/openpli-oe-core/build/tmp/work/osmio4k-oe-linux-gnueabi/enigma2/3.12+git/recipe-sysroot/usr/include/fribidi -I/home/pli/builds/openpli-scarthgap-build-1-30-2025/openpli-oe-core/build/tmp/work/osmio4k-oe-linux-gnueabi/enigma2/3.12+git/recipe-sysroot/usr/include/glib-2.0 -I/home/pli/builds/openpli-scarthgap-build-1-30-2025/openpli-oe-core/build/tmp/work/osmio4k-oe-linux-gnueabi/enigma2/3.12+git/recipe-sysroot/usr/lib/glib-2.0/include -I/home/pli/builds/openpli-scarthgap-build-1-30-2025/openpli-oe-core/build/tmp/work/osmio4k-oe-linux-gnueabi/enigma2/3.12+git/recipe-sysroot/usr/include/libpng16 -I/home/pli/builds/openpli-scarthgap-build-1-30-2025/openpli-oe-core/build/tmp/work/osmio4k-oe-linux-gnueabi/enigma2/3.12+git/recipe-sysroot/usr/include/libxml2 -I/home/pli/builds/openpli-scarthgap-build-1-30-2025/openpli-oe-core/build/tmp/work/osmio4k-oe-linux-gnueabi/enigma2/3.12+git/recipe-sysroot/usr/include/sigc++-3.0 -I/home/pli/builds/openpli-scarthgap-build-1-30-2025/openpli-oe-core/build/tmp/work/osmio4k-oe-linux-gnueabi/enigma2/3.12+git/recipe-sysroot/usr/lib/sigc++-3.0/include -fno-rtti -fno-exceptions -rdynamic -funwind-tables  -fopenmp  -MT base/ioprio.o -MD -MP -MF $depbase.Tpo -c -o base/ioprio.o ../../git/lib/base/ioprio.cpp &&\
mv -f $depbase.Tpo $depbase.Po

depbase=`echo base/message.o | sed 's|[^/]*$|.deps/&|;s|\.o$||'`;\
arm-oe-linux-gnueabi-g++  -march=armv7ve -mfpu=neon-vfpv4 -mfloat-abi=hard -D_TIME_BITS=64 -D_FILE_OFFSET_BITS=64 --sysroot=/home/pli/builds/openpli-scarthgap-build-1-30-2025/openpli-oe-core/build/tmp/work/osmio4k-oe-linux-gnueabi/enigma2/3.12+git/recipe-sysroot -std=gnu++17 -DHAVE_CONFIG_H -I. -I../../git/lib -I..  -I.. -I../../git -I../../git/include -DPY_SSIZE_T_CLEAN -include Python.h -include ../enigma2_config.h -I/home/pli/builds/openpli-scarthgap-build-1-30-2025/openpli-oe-core/build/tmp/work/osmio4k-oe-linux-gnueabi/enigma2/3.12+git/recipe-sysroot/usr/include/python3.12  -Os -pipe -g -feliminate-unused-debug-types -fcanon-prefix-map  -fmacro-prefix-map=/home/pli/builds/openpli-scarthgap-build-1-30-2025/openpli-oe-core/build/tmp/work/osmio4k-oe-linux-gnueabi/enigma2/3.12+git/git=/usr/src/debug/enigma2/3.12+git  -fdebug-prefix-map=/home/pli/builds/openpli-scarthgap-build-1-30-2025/openpli-oe-core/build/tmp/work/osmio4k-oe-linux-gnueabi/enigma2/3.12+git/git=/usr/src/debug/enigma2/3.12+git  -fmacro-prefix-map=/home/pli/builds/openpli-scarthgap-build-1-30-2025/openpli-oe-core/build/tmp/work/osmio4k-oe-linux-gnueabi/enigma2/3.12+git/build=/usr/src/debug/enigma2/3.12+git  -fdebug-prefix-map=/home/pli/builds/openpli-scarthgap-build-1-30-2025/openpli-oe-core/build/tmp/work/osmio4k-oe-linux-gnueabi/enigma2/3.12+git/build=/usr/src/debug/enigma2/3.12+git  -fdebug-prefix-map=/home/pli/builds/openpli-scarthgap-build-1-30-2025/openpli-oe-core/build/tmp/work/osmio4k-oe-linux-gnueabi/enigma2/3.12+git/recipe-sysroot=  -fmacro-prefix-map=/home/pli/builds/openpli-scarthgap-build-1-30-2025/openpli-oe-core/build/tmp/work/osmio4k-oe-linux-gnueabi/enigma2/3.12+git/recipe-sysroot=  -fdebug-prefix-map=/home/pli/builds/openpli-scarthgap-build-1-30-2025/openpli-oe-core/build/tmp/work/osmio4k-oe-linux-gnueabi/enigma2/3.12+git/recipe-sysroot-native=  -fvisibility-inlines-hidden -Wattribute-alias -Wattribute-alias=1 -Wall -Wextra -Werror 	-Wformat=2 -Wformat-overflow=2 -Wformat-nonliteral -Wformat-security 	-Wimplicit-fallthrough=5 -Wduplicated-branches -Wtrampolines 	-Wdangling-else -Wshift-overflow=2 -Wswitch 	-Wunused-but-set-parameter -Wunused-const-variable=1 -Wuninitialized 	-Wstringop-overflow=3 -Woverlength-strings 	-Wunsafe-loop-optimizations -Wpointer-arith 	-Wfloat-equal -Wlogical-op 	-Wno-error=cast-align=strict -Wno-error=ignored-qualifiers 	-Wno-error=cast-function-type -Wno-error=deprecated-declarations 	-Wno-error=stringop-truncation -Wno-error=shadow -Wno-error=cast-qual 	-Wno-error=aggregate-return -Wno-error=missing-field-initializers 	-Wno-error=packed -Wno-error=vla -Wno-error=clobbered -Wno-error=unused-parameter 	-I/home/pli/builds/openpli-scarthgap-build-1-30-2025/openpli-oe-core/build/tmp/work/osmio4k-oe-linux-gnueabi/enigma2/3.12+git/recipe-sysroot/usr/include/freetype2 -I/home/pli/builds/openpli-scarthgap-build-1-30-2025/openpli-oe-core/build/tmp/work/osmio4k-oe-linux-gnueabi/enigma2/3.12+git/recipe-sysroot/usr/include/fribidi -I/home/pli/builds/openpli-scarthgap-build-1-30-2025/openpli-oe-core/build/tmp/work/osmio4k-oe-linux-gnueabi/enigma2/3.12+git/recipe-sysroot/usr/include/glib-2.0 -I/home/pli/builds/openpli-scarthgap-build-1-30-2025/openpli-oe-core/build/tmp/work/osmio4k-oe-linux-gnueabi/enigma2/3.12+git/recipe-sysroot/usr/lib/glib-2.0/include -I/home/pli/builds/openpli-scarthgap-build-1-30-2025/openpli-oe-core/build/tmp/work/osmio4k-oe-linux-gnueabi/enigma2/3.12+git/recipe-sysroot/usr/include/libpng16 -I/home/pli/builds/openpli-scarthgap-build-1-30-2025/openpli-oe-core/build/tmp/work/osmio4k-oe-linux-gnueabi/enigma2/3.12+git/recipe-sysroot/usr/include/libxml2 -I/home/pli/builds/openpli-scarthgap-build-1-30-2025/openpli-oe-core/build/tmp/work/osmio4k-oe-linux-gnueabi/enigma2/3.12+git/recipe-sysroot/usr/include/sigc++-3.0 -I/home/pli/builds/openpli-scarthgap-build-1-30-2025/openpli-oe-core/build/tmp/work/osmio4k-oe-linux-gnueabi/enigma2/3.12+git/recipe-sysroot/usr/lib/sigc++-3.0/include -fno-rtti -fno-exceptions -rdynamic -funwind-tables  -fopenmp  -MT base/message.o -MD -MP -MF $depbase.Tpo -c -o base/message.o ../../git/lib/base/message.cpp &&\
mv -f $depbase.Tpo $depbase.Po

depbase=`echo base/nconfig.o | sed 's|[^/]*$|.deps/&|;s|\.o$||'`;\
arm-oe-linux-gnueabi-g++  -march=armv7ve -mfpu=neon-vfpv4 -mfloat-abi=hard -D_TIME_BITS=64 -D_FILE_OFFSET_BITS=64 --sysroot=/home/pli/builds/openpli-scarthgap-build-1-30-2025/openpli-oe-core/build/tmp/work/osmio4k-oe-linux-gnueabi/enigma2/3.12+git/recipe-sysroot -std=gnu++17 -DHAVE_CONFIG_H -I. -I../../git/lib -I..  -I.. -I../../git -I../../git/include -DPY_SSIZE_T_CLEAN -include Python.h -include ../enigma2_config.h -I/home/pli/builds/openpli-scarthgap-build-1-30-2025/openpli-oe-core/build/tmp/work/osmio4k-oe-linux-gnueabi/enigma2/3.12+git/recipe-sysroot/usr/include/python3.12  -Os -pipe -g -feliminate-unused-debug-types -fcanon-prefix-map  -fmacro-prefix-map=/home/pli/builds/openpli-scarthgap-build-1-30-2025/openpli-oe-core/build/tmp/work/osmio4k-oe-linux-gnueabi/enigma2/3.12+git/git=/usr/src/debug/enigma2/3.12+git  -fdebug-prefix-map=/home/pli/builds/openpli-scarthgap-build-1-30-2025/openpli-oe-core/build/tmp/work/osmio4k-oe-linux-gnueabi/enigma2/3.12+git/git=/usr/src/debug/enigma2/3.12+git  -fmacro-prefix-map=/home/pli/builds/openpli-scarthgap-build-1-30-2025/openpli-oe-core/build/tmp/work/osmio4k-oe-linux-gnueabi/enigma2/3.12+git/build=/usr/src/debug/enigma2/3.12+git  -fdebug-prefix-map=/home/pli/builds/openpli-scarthgap-build-1-30-2025/openpli-oe-core/build/tmp/work/osmio4k-oe-linux-gnueabi/enigma2/3.12+git/build=/usr/src/debug/enigma2/3.12+git  -fdebug-prefix-map=/home/pli/builds/openpli-scarthgap-build-1-30-2025/openpli-oe-core/build/tmp/work/osmio4k-oe-linux-gnueabi/enigma2/3.12+git/recipe-sysroot=  -fmacro-prefix-map=/home/pli/builds/openpli-scarthgap-build-1-30-2025/openpli-oe-core/build/tmp/work/osmio4k-oe-linux-gnueabi/enigma2/3.12+git/recipe-sysroot=  -fdebug-prefix-map=/home/pli/builds/openpli-scarthgap-build-1-30-2025/openpli-oe-core/build/tmp/work/osmio4k-oe-linux-gnueabi/enigma2/3.12+git/recipe-sysroot-native=  -fvisibility-inlines-hidden -Wattribute-alias -Wattribute-alias=1 -Wall -Wextra -Werror 	-Wformat=2 -Wformat-overflow=2 -Wformat-nonliteral -Wformat-security 	-Wimplicit-fallthrough=5 -Wduplicated-branches -Wtrampolines 	-Wdangling-else -Wshift-overflow=2 -Wswitch 	-Wunused-but-set-parameter -Wunused-const-variable=1 -Wuninitialized 	-Wstringop-overflow=3 -Woverlength-strings 	-Wunsafe-loop-optimizations -Wpointer-arith 	-Wfloat-equal -Wlogical-op 	-Wno-error=cast-align=strict -Wno-error=ignored-qualifiers 	-Wno-error=cast-function-type -Wno-error=deprecated-declarations 	-Wno-error=stringop-truncation -Wno-error=shadow -Wno-error=cast-qual 	-Wno-error=aggregate-return -Wno-error=missing-field-initializers 	-Wno-error=packed -Wno-error=vla -Wno-error=clobbered -Wno-error=unused-parameter 	-I/home/pli/builds/openpli-scarthgap-build-1-30-2025/openpli-oe-core/build/tmp/work/osmio4k-oe-linux-gnueabi/enigma2/3.12+git/recipe-sysroot/usr/include/freetype2 -I/home/pli/builds/openpli-scarthgap-build-1-30-2025/openpli-oe-core/build/tmp/work/osmio4k-oe-linux-gnueabi/enigma2/3.12+git/recipe-sysroot/usr/include/fribidi -I/home/pli/builds/openpli-scarthgap-build-1-30-2025/openpli-oe-core/build/tmp/work/osmio4k-oe-linux-gnueabi/enigma2/3.12+git/recipe-sysroot/usr/include/glib-2.0 -I/home/pli/builds/openpli-scarthgap-build-1-30-2025/openpli-oe-core/build/tmp/work/osmio4k-oe-linux-gnueabi/enigma2/3.12+git/recipe-sysroot/usr/lib/glib-2.0/include -I/home/pli/builds/openpli-scarthgap-build-1-30-2025/openpli-oe-core/build/tmp/work/osmio4k-oe-linux-gnueabi/enigma2/3.12+git/recipe-sysroot/usr/include/libpng16 -I/home/pli/builds/openpli-scarthgap-build-1-30-2025/openpli-oe-core/build/tmp/work/osmio4k-oe-linux-gnueabi/enigma2/3.12+git/recipe-sysroot/usr/include/libxml2 -I/home/pli/builds/openpli-scarthgap-build-1-30-2025/openpli-oe-core/build/tmp/work/osmio4k-oe-linux-gnueabi/enigma2/3.12+git/recipe-sysroot/usr/include/sigc++-3.0 -I/home/pli/builds/openpli-scarthgap-build-1-30-2025/openpli-oe-core/build/tmp/work/osmio4k-oe-linux-gnueabi/enigma2/3.12+git/recipe-sysroot/usr/lib/sigc++-3.0/include -fno-rtti -fno-exceptions -rdynamic -funwind-tables  -fopenmp  -MT base/nconfig.o -MD -MP -MF $depbase.Tpo -c -o base/nconfig.o ../../git/lib/base/nconfig.cpp &&\
mv -f $depbase.Tpo $depbase.Po

depbase=`echo base/rawfile.o | sed 's|[^/]*$|.deps/&|;s|\.o$||'`;\
arm-oe-linux-gnueabi-g++  -march=armv7ve -mfpu=neon-vfpv4 -mfloat-abi=hard -D_TIME_BITS=64 -D_FILE_OFFSET_BITS=64 --sysroot=/home/pli/builds/openpli-scarthgap-build-1-30-2025/openpli-oe-core/build/tmp/work/osmio4k-oe-linux-gnueabi/enigma2/3.12+git/recipe-sysroot -std=gnu++17 -DHAVE_CONFIG_H -I. -I../../git/lib -I..  -I.. -I../../git -I../../git/include -DPY_SSIZE_T_CLEAN -include Python.h -include ../enigma2_config.h -I/home/pli/builds/openpli-scarthgap-build-1-30-2025/openpli-oe-core/build/tmp/work/osmio4k-oe-linux-gnueabi/enigma2/3.12+git/recipe-sysroot/usr/include/python3.12  -Os -pipe -g -feliminate-unused-debug-types -fcanon-prefix-map  -fmacro-prefix-map=/home/pli/builds/openpli-scarthgap-build-1-30-2025/openpli-oe-core/build/tmp/work/osmio4k-oe-linux-gnueabi/enigma2/3.12+git/git=/usr/src/debug/enigma2/3.12+git  -fdebug-prefix-map=/home/pli/builds/openpli-scarthgap-build-1-30-2025/openpli-oe-core/build/tmp/work/osmio4k-oe-linux-gnueabi/enigma2/3.12+git/git=/usr/src/debug/enigma2/3.12+git  -fmacro-prefix-map=/home/pli/builds/openpli-scarthgap-build-1-30-2025/openpli-oe-core/build/tmp/work/osmio4k-oe-linux-gnueabi/enigma2/3.12+git/build=/usr/src/debug/enigma2/3.12+git  -fdebug-prefix-map=/home/pli/builds/openpli-scarthgap-build-1-30-2025/openpli-oe-core/build/tmp/work/osmio4k-oe-linux-gnueabi/enigma2/3.12+git/build=/usr/src/debug/enigma2/3.12+git  -fdebug-prefix-map=/home/pli/builds/openpli-scarthgap-build-1-30-2025/openpli-oe-core/build/tmp/work/osmio4k-oe-linux-gnueabi/enigma2/3.12+git/recipe-sysroot=  -fmacro-prefix-map=/home/pli/builds/openpli-scarthgap-build-1-30-2025/openpli-oe-core/build/tmp/work/osmio4k-oe-linux-gnueabi/enigma2/3.12+git/recipe-sysroot=  -fdebug-prefix-map=/home/pli/builds/openpli-scarthgap-build-1-30-2025/openpli-oe-core/build/tmp/work/osmio4k-oe-linux-gnueabi/enigma2/3.12+git/recipe-sysroot-native=  -fvisibility-inlines-hidden -Wattribute-alias -Wattribute-alias=1 -Wall -Wextra -Werror 	-Wformat=2 -Wformat-overflow=2 -Wformat-nonliteral -Wformat-security 	-Wimplicit-fallthrough=5 -Wduplicated-branches -Wtrampolines 	-Wdangling-else -Wshift-overflow=2 -Wswitch 	-Wunused-but-set-parameter -Wunused-const-variable=1 -Wuninitialized 	-Wstringop-overflow=3 -Woverlength-strings 	-Wunsafe-loop-optimizations -Wpointer-arith 	-Wfloat-equal -Wlogical-op 	-Wno-error=cast-align=strict -Wno-error=ignored-qualifiers 	-Wno-error=cast-function-type -Wno-error=deprecated-declarations 	-Wno-error=stringop-truncation -Wno-error=shadow -Wno-error=cast-qual 	-Wno-error=aggregate-return -Wno-error=missing-field-initializers 	-Wno-error=packed -Wno-error=vla -Wno-error=clobbered -Wno-error=unused-parameter 	-I/home/pli/builds/openpli-scarthgap-build-1-30-2025/openpli-oe-core/build/tmp/work/osmio4k-oe-linux-gnueabi/enigma2/3.12+git/recipe-sysroot/usr/include/freetype2 -I/home/pli/builds/openpli-scarthgap-build-1-30-2025/openpli-oe-core/build/tmp/work/osmio4k-oe-linux-gnueabi/enigma2/3.12+git/recipe-sysroot/usr/include/fribidi -I/home/pli/builds/openpli-scarthgap-build-1-30-2025/openpli-oe-core/build/tmp/work/osmio4k-oe-linux-gnueabi/enigma2/3.12+git/recipe-sysroot/usr/include/glib-2.0 -I/home/pli/builds/openpli-scarthgap-build-1-30-2025/openpli-oe-core/build/tmp/work/osmio4k-oe-linux-gnueabi/enigma2/3.12+git/recipe-sysroot/usr/lib/glib-2.0/include -I/home/pli/builds/openpli-scarthgap-build-1-30-2025/openpli-oe-core/build/tmp/work/osmio4k-oe-linux-gnueabi/enigma2/3.12+git/recipe-sysroot/usr/include/libpng16 -I/home/pli/builds/openpli-scarthgap-build-1-30-2025/openpli-oe-core/build/tmp/work/osmio4k-oe-linux-gnueabi/enigma2/3.12+git/recipe-sysroot/usr/include/libxml2 -I/home/pli/builds/openpli-scarthgap-build-1-30-2025/openpli-oe-core/build/tmp/work/osmio4k-oe-linux-gnueabi/enigma2/3.12+git/recipe-sysroot/usr/include/sigc++-3.0 -I/home/pli/builds/openpli-scarthgap-build-1-30-2025/openpli-oe-core/build/tmp/work/osmio4k-oe-linux-gnueabi/enigma2/3.12+git/recipe-sysroot/usr/lib/sigc++-3.0/include -fno-rtti -fno-exceptions -rdynamic -funwind-tables  -fopenmp  -MT base/rawfile.o -MD -MP -MF $depbase.Tpo -c -o base/rawfile.o ../../git/lib/base/rawfile.cpp &&\
mv -f $depbase.Tpo $depbase.Po

depbase=`echo base/smartptr.o | sed 's|[^/]*$|.deps/&|;s|\.o$||'`;\
arm-oe-linux-gnueabi-g++  -march=armv7ve -mfpu=neon-vfpv4 -mfloat-abi=hard -D_TIME_BITS=64 -D_FILE_OFFSET_BITS=64 --sysroot=/home/pli/builds/openpli-scarthgap-build-1-30-2025/openpli-oe-core/build/tmp/work/osmio4k-oe-linux-gnueabi/enigma2/3.12+git/recipe-sysroot -std=gnu++17 -DHAVE_CONFIG_H -I. -I../../git/lib -I..  -I.. -I../../git -I../../git/include -DPY_SSIZE_T_CLEAN -include Python.h -include ../enigma2_config.h -I/home/pli/builds/openpli-scarthgap-build-1-30-2025/openpli-oe-core/build/tmp/work/osmio4k-oe-linux-gnueabi/enigma2/3.12+git/recipe-sysroot/usr/include/python3.12  -Os -pipe -g -feliminate-unused-debug-types -fcanon-prefix-map  -fmacro-prefix-map=/home/pli/builds/openpli-scarthgap-build-1-30-2025/openpli-oe-core/build/tmp/work/osmio4k-oe-linux-gnueabi/enigma2/3.12+git/git=/usr/src/debug/enigma2/3.12+git  -fdebug-prefix-map=/home/pli/builds/openpli-scarthgap-build-1-30-2025/openpli-oe-core/build/tmp/work/osmio4k-oe-linux-gnueabi/enigma2/3.12+git/git=/usr/src/debug/enigma2/3.12+git  -fmacro-prefix-map=/home/pli/builds/openpli-scarthgap-build-1-30-2025/openpli-oe-core/build/tmp/work/osmio4k-oe-linux-gnueabi/enigma2/3.12+git/build=/usr/src/debug/enigma2/3.12+git  -fdebug-prefix-map=/home/pli/builds/openpli-scarthgap-build-1-30-2025/openpli-oe-core/build/tmp/work/osmio4k-oe-linux-gnueabi/enigma2/3.12+git/build=/usr/src/debug/enigma2/3.12+git  -fdebug-prefix-map=/home/pli/builds/openpli-scarthgap-build-1-30-2025/openpli-oe-core/build/tmp/work/osmio4k-oe-linux-gnueabi/enigma2/3.12+git/recipe-sysroot=  -fmacro-prefix-map=/home/pli/builds/openpli-scarthgap-build-1-30-2025/openpli-oe-core/build/tmp/work/osmio4k-oe-linux-gnueabi/enigma2/3.12+git/recipe-sysroot=  -fdebug-prefix-map=/home/pli/builds/openpli-scarthgap-build-1-30-2025/openpli-oe-core/build/tmp/work/osmio4k-oe-linux-gnueabi/enigma2/3.12+git/recipe-sysroot-native=  -fvisibility-inlines-hidden -Wattribute-alias -Wattribute-alias=1 -Wall -Wextra -Werror 	-Wformat=2 -Wformat-overflow=2 -Wformat-nonliteral -Wformat-security 	-Wimplicit-fallthrough=5 -Wduplicated-branches -Wtrampolines 	-Wdangling-else -Wshift-overflow=2 -Wswitch 	-Wunused-but-set-parameter -Wunused-const-variable=1 -Wuninitialized 	-Wstringop-overflow=3 -Woverlength-strings 	-Wunsafe-loop-optimizations -Wpointer-arith 	-Wfloat-equal -Wlogical-op 	-Wno-error=cast-align=strict -Wno-error=ignored-qualifiers 	-Wno-error=cast-function-type -Wno-error=deprecated-declarations 	-Wno-error=stringop-truncation -Wno-error=shadow -Wno-error=cast-qual 	-Wno-error=aggregate-return -Wno-error=missing-field-initializers 	-Wno-error=packed -Wno-error=vla -Wno-error=clobbered -Wno-error=unused-parameter 	-I/home/pli/builds/openpli-scarthgap-build-1-30-2025/openpli-oe-core/build/tmp/work/osmio4k-oe-linux-gnueabi/enigma2/3.12+git/recipe-sysroot/usr/include/freetype2 -I/home/pli/builds/openpli-scarthgap-build-1-30-2025/openpli-oe-core/build/tmp/work/osmio4k-oe-linux-gnueabi/enigma2/3.12+git/recipe-sysroot/usr/include/fribidi -I/home/pli/builds/openpli-scarthgap-build-1-30-2025/openpli-oe-core/build/tmp/work/osmio4k-oe-linux-gnueabi/enigma2/3.12+git/recipe-sysroot/usr/include/glib-2.0 -I/home/pli/builds/openpli-scarthgap-build-1-30-2025/openpli-oe-core/build/tmp/work/osmio4k-oe-linux-gnueabi/enigma2/3.12+git/recipe-sysroot/usr/lib/glib-2.0/include -I/home/pli/builds/openpli-scarthgap-build-1-30-2025/openpli-oe-core/build/tmp/work/osmio4k-oe-linux-gnueabi/enigma2/3.12+git/recipe-sysroot/usr/include/libpng16 -I/home/pli/builds/openpli-scarthgap-build-1-30-2025/openpli-oe-core/build/tmp/work/osmio4k-oe-linux-gnueabi/enigma2/3.12+git/recipe-sysroot/usr/include/libxml2 -I/home/pli/builds/openpli-scarthgap-build-1-30-2025/openpli-oe-core/build/tmp/work/osmio4k-oe-linux-gnueabi/enigma2/3.12+git/recipe-sysroot/usr/include/sigc++-3.0 -I/home/pli/builds/openpli-scarthgap-build-1-30-2025/openpli-oe-core/build/tmp/work/osmio4k-oe-linux-gnueabi/enigma2/3.12+git/recipe-sysroot/usr/lib/sigc++-3.0/include -fno-rtti -fno-exceptions -rdynamic -funwind-tables  -fopenmp  -MT base/smartptr.o -MD -MP -MF $depbase.Tpo -c -o base/smartptr.o ../../git/lib/base/smartptr.cpp &&\
mv -f $depbase.Tpo $depbase.Po

depbase=`echo base/thread.o | sed 's|[^/]*$|.deps/&|;s|\.o$||'`;\
arm-oe-linux-gnueabi-g++  -march=armv7ve -mfpu=neon-vfpv4 -mfloat-abi=hard -D_TIME_BITS=64 -D_FILE_OFFSET_BITS=64 --sysroot=/home/pli/builds/openpli-scarthgap-build-1-30-2025/openpli-oe-core/build/tmp/work/osmio4k-oe-linux-gnueabi/enigma2/3.12+git/recipe-sysroot -std=gnu++17 -DHAVE_CONFIG_H -I. -I../../git/lib -I..  -I.. -I../../git -I../../git/include -DPY_SSIZE_T_CLEAN -include Python.h -include ../enigma2_config.h -I/home/pli/builds/openpli-scarthgap-build-1-30-2025/openpli-oe-core/build/tmp/work/osmio4k-oe-linux-gnueabi/enigma2/3.12+git/recipe-sysroot/usr/include/python3.12  -Os -pipe -g -feliminate-unused-debug-types -fcanon-prefix-map  -fmacro-prefix-map=/home/pli/builds/openpli-scarthgap-build-1-30-2025/openpli-oe-core/build/tmp/work/osmio4k-oe-linux-gnueabi/enigma2/3.12+git/git=/usr/src/debug/enigma2/3.12+git  -fdebug-prefix-map=/home/pli/builds/openpli-scarthgap-build-1-30-2025/openpli-oe-core/build/tmp/work/osmio4k-oe-linux-gnueabi/enigma2/3.12+git/git=/usr/src/debug/enigma2/3.12+git  -fmacro-prefix-map=/home/pli/builds/openpli-scarthgap-build-1-30-2025/openpli-oe-core/build/tmp/work/osmio4k-oe-linux-gnueabi/enigma2/3.12+git/build=/usr/src/debug/enigma2/3.12+git  -fdebug-prefix-map=/home/pli/builds/openpli-scarthgap-build-1-30-2025/openpli-oe-core/build/tmp/work/osmio4k-oe-linux-gnueabi/enigma2/3.12+git/build=/usr/src/debug/enigma2/3.12+git  -fdebug-prefix-map=/home/pli/builds/openpli-scarthgap-build-1-30-2025/openpli-oe-core/build/tmp/work/osmio4k-oe-linux-gnueabi/enigma2/3.12+git/recipe-sysroot=  -fmacro-prefix-map=/home/pli/builds/openpli-scarthgap-build-1-30-2025/openpli-oe-core/build/tmp/work/osmio4k-oe-linux-gnueabi/enigma2/3.12+git/recipe-sysroot=  -fdebug-prefix-map=/home/pli/builds/openpli-scarthgap-build-1-30-2025/openpli-oe-core/build/tmp/work/osmio4k-oe-linux-gnueabi/enigma2/3.12+git/recipe-sysroot-native=  -fvisibility-inlines-hidden -Wattribute-alias -Wattribute-alias=1 -Wall -Wextra -Werror 	-Wformat=2 -Wformat-overflow=2 -Wformat-nonliteral -Wformat-security 	-Wimplicit-fallthrough=5 -Wduplicated-branches -Wtrampolines 	-Wdangling-else -Wshift-overflow=2 -Wswitch 	-Wunused-but-set-parameter -Wunused-const-variable=1 -Wuninitialized 	-Wstringop-overflow=3 -Woverlength-strings 	-Wunsafe-loop-optimizations -Wpointer-arith 	-Wfloat-equal -Wlogical-op 	-Wno-error=cast-align=strict -Wno-error=ignored-qualifiers 	-Wno-error=cast-function-type -Wno-error=deprecated-declarations 	-Wno-error=stringop-truncation -Wno-error=shadow -Wno-error=cast-qual 	-Wno-error=aggregate-return -Wno-error=missing-field-initializers 	-Wno-error=packed -Wno-error=vla -Wno-error=clobbered -Wno-error=unused-parameter 	-I/home/pli/builds/openpli-scarthgap-build-1-30-2025/openpli-oe-core/build/tmp/work/osmio4k-oe-linux-gnueabi/enigma2/3.12+git/recipe-sysroot/usr/include/freetype2 -I/home/pli/builds/openpli-scarthgap-build-1-30-2025/openpli-oe-core/build/tmp/work/osmio4k-oe-linux-gnueabi/enigma2/3.12+git/recipe-sysroot/usr/include/fribidi -I/home/pli/builds/openpli-scarthgap-build-1-30-2025/openpli-oe-core/build/tmp/work/osmio4k-oe-linux-gnueabi/enigma2/3.12+git/recipe-sysroot/usr/include/glib-2.0 -I/home/pli/builds/openpli-scarthgap-build-1-30-2025/openpli-oe-core/build/tmp/work/osmio4k-oe-linux-gnueabi/enigma2/3.12+git/recipe-sysroot/usr/lib/glib-2.0/include -I/home/pli/builds/openpli-scarthgap-build-1-30-2025/openpli-oe-core/build/tmp/work/osmio4k-oe-linux-gnueabi/enigma2/3.12+git/recipe-sysroot/usr/include/libpng16 -I/home/pli/builds/openpli-scarthgap-build-1-30-2025/openpli-oe-core/build/tmp/work/osmio4k-oe-linux-gnueabi/enigma2/3.12+git/recipe-sysroot/usr/include/libxml2 -I/home/pli/builds/openpli-scarthgap-build-1-30-2025/openpli-oe-core/build/tmp/work/osmio4k-oe-linux-gnueabi/enigma2/3.12+git/recipe-sysroot/usr/include/sigc++-3.0 -I/home/pli/builds/openpli-scarthgap-build-1-30-2025/openpli-oe-core/build/tmp/work/osmio4k-oe-linux-gnueabi/enigma2/3.12+git/recipe-sysroot/usr/lib/sigc++-3.0/include -fno-rtti -fno-exceptions -rdynamic -funwind-tables  -fopenmp  -MT base/thread.o -MD -MP -MF $depbase.Tpo -c -o base/thread.o ../../git/lib/base/thread.cpp &&\
mv -f $depbase.Tpo $depbase.Po

depbase=`echo base/httpsstream.o | sed 's|[^/]*$|.deps/&|;s|\.o$||'`;\
arm-oe-linux-gnueabi-g++  -march=armv7ve -mfpu=neon-vfpv4 -mfloat-abi=hard -D_TIME_BITS=64 -D_FILE_OFFSET_BITS=64 --sysroot=/home/pli/builds/openpli-scarthgap-build-1-30-2025/openpli-oe-core/build/tmp/work/osmio4k-oe-linux-gnueabi/enigma2/3.12+git/recipe-sysroot -std=gnu++17 -DHAVE_CONFIG_H -I. -I../../git/lib -I..  -I.. -I../../git -I../../git/include -DPY_SSIZE_T_CLEAN -include Python.h -include ../enigma2_config.h -I/home/pli/builds/openpli-scarthgap-build-1-30-2025/openpli-oe-core/build/tmp/work/osmio4k-oe-linux-gnueabi/enigma2/3.12+git/recipe-sysroot/usr/include/python3.12  -Os -pipe -g -feliminate-unused-debug-types -fcanon-prefix-map  -fmacro-prefix-map=/home/pli/builds/openpli-scarthgap-build-1-30-2025/openpli-oe-core/build/tmp/work/osmio4k-oe-linux-gnueabi/enigma2/3.12+git/git=/usr/src/debug/enigma2/3.12+git  -fdebug-prefix-map=/home/pli/builds/openpli-scarthgap-build-1-30-2025/openpli-oe-core/build/tmp/work/osmio4k-oe-linux-gnueabi/enigma2/3.12+git/git=/usr/src/debug/enigma2/3.12+git  -fmacro-prefix-map=/home/pli/builds/openpli-scarthgap-build-1-30-2025/openpli-oe-core/build/tmp/work/osmio4k-oe-linux-gnueabi/enigma2/3.12+git/build=/usr/src/debug/enigma2/3.12+git  -fdebug-prefix-map=/home/pli/builds/openpli-scarthgap-build-1-30-2025/openpli-oe-core/build/tmp/work/osmio4k-oe-linux-gnueabi/enigma2/3.12+git/build=/usr/src/debug/enigma2/3.12+git  -fdebug-prefix-map=/home/pli/builds/openpli-scarthgap-build-1-30-2025/openpli-oe-core/build/tmp/work/osmio4k-oe-linux-gnueabi/enigma2/3.12+git/recipe-sysroot=  -fmacro-prefix-map=/home/pli/builds/openpli-scarthgap-build-1-30-2025/openpli-oe-core/build/tmp/work/osmio4k-oe-linux-gnueabi/enigma2/3.12+git/recipe-sysroot=  -fdebug-prefix-map=/home/pli/builds/openpli-scarthgap-build-1-30-2025/openpli-oe-core/build/tmp/work/osmio4k-oe-linux-gnueabi/enigma2/3.12+git/recipe-sysroot-native=  -fvisibility-inlines-hidden -Wattribute-alias -Wattribute-alias=1 -Wall -Wextra -Werror 	-Wformat=2 -Wformat-overflow=2 -Wformat-nonliteral -Wformat-security 	-Wimplicit-fallthrough=5 -Wduplicated-branches -Wtrampolines 	-Wdangling-else -Wshift-overflow=2 -Wswitch 	-Wunused-but-set-parameter -Wunused-const-variable=1 -Wuninitialized 	-Wstringop-overflow=3 -Woverlength-strings 	-Wunsafe-loop-optimizations -Wpointer-arith 	-Wfloat-equal -Wlogical-op 	-Wno-error=cast-align=strict -Wno-error=ignored-qualifiers 	-Wno-error=cast-function-type -Wno-error=deprecated-declarations 	-Wno-error=stringop-truncation -Wno-error=shadow -Wno-error=cast-qual 	-Wno-error=aggregate-return -Wno-error=missing-field-initializers 	-Wno-error=packed -Wno-error=vla -Wno-error=clobbered -Wno-error=unused-parameter 	-I/home/pli/builds/openpli-scarthgap-build-1-30-2025/openpli-oe-core/build/tmp/work/osmio4k-oe-linux-gnueabi/enigma2/3.12+git/recipe-sysroot/usr/include/freetype2 -I/home/pli/builds/openpli-scarthgap-build-1-30-2025/openpli-oe-core/build/tmp/work/osmio4k-oe-linux-gnueabi/enigma2/3.12+git/recipe-sysroot/usr/include/fribidi -I/home/pli/builds/openpli-scarthgap-build-1-30-2025/openpli-oe-core/build/tmp/work/osmio4k-oe-linux-gnueabi/enigma2/3.12+git/recipe-sysroot/usr/include/glib-2.0 -I/home/pli/builds/openpli-scarthgap-build-1-30-2025/openpli-oe-core/build/tmp/work/osmio4k-oe-linux-gnueabi/enigma2/3.12+git/recipe-sysroot/usr/lib/glib-2.0/include -I/home/pli/builds/openpli-scarthgap-build-1-30-2025/openpli-oe-core/build/tmp/work/osmio4k-oe-linux-gnueabi/enigma2/3.12+git/recipe-sysroot/usr/include/libpng16 -I/home/pli/builds/openpli-scarthgap-build-1-30-2025/openpli-oe-core/build/tmp/work/osmio4k-oe-linux-gnueabi/enigma2/3.12+git/recipe-sysroot/usr/include/libxml2 -I/home/pli/builds/openpli-scarthgap-build-1-30-2025/openpli-oe-core/build/tmp/work/osmio4k-oe-linux-gnueabi/enigma2/3.12+git/recipe-sysroot/usr/include/sigc++-3.0 -I/home/pli/builds/openpli-scarthgap-build-1-30-2025/openpli-oe-core/build/tmp/work/osmio4k-oe-linux-gnueabi/enigma2/3.12+git/recipe-sysroot/usr/lib/sigc++-3.0/include -fno-rtti -fno-exceptions -rdynamic -funwind-tables  -fopenmp  -MT base/httpsstream.o -MD -MP -MF $depbase.Tpo -c -o base/httpsstream.o ../../git/lib/base/httpsstream.cpp &&\
mv -f $depbase.Tpo $depbase.Po

depbase=`echo base/httpstream.o | sed 's|[^/]*$|.deps/&|;s|\.o$||'`;\
arm-oe-linux-gnueabi-g++  -march=armv7ve -mfpu=neon-vfpv4 -mfloat-abi=hard -D_TIME_BITS=64 -D_FILE_OFFSET_BITS=64 --sysroot=/home/pli/builds/openpli-scarthgap-build-1-30-2025/openpli-oe-core/build/tmp/work/osmio4k-oe-linux-gnueabi/enigma2/3.12+git/recipe-sysroot -std=gnu++17 -DHAVE_CONFIG_H -I. -I../../git/lib -I..  -I.. -I../../git -I../../git/include -DPY_SSIZE_T_CLEAN -include Python.h -include ../enigma2_config.h -I/home/pli/builds/openpli-scarthgap-build-1-30-2025/openpli-oe-core/build/tmp/work/osmio4k-oe-linux-gnueabi/enigma2/3.12+git/recipe-sysroot/usr/include/python3.12  -Os -pipe -g -feliminate-unused-debug-types -fcanon-prefix-map  -fmacro-prefix-map=/home/pli/builds/openpli-scarthgap-build-1-30-2025/openpli-oe-core/build/tmp/work/osmio4k-oe-linux-gnueabi/enigma2/3.12+git/git=/usr/src/debug/enigma2/3.12+git  -fdebug-prefix-map=/home/pli/builds/openpli-scarthgap-build-1-30-2025/openpli-oe-core/build/tmp/work/osmio4k-oe-linux-gnueabi/enigma2/3.12+git/git=/usr/src/debug/enigma2/3.12+git  -fmacro-prefix-map=/home/pli/builds/openpli-scarthgap-build-1-30-2025/openpli-oe-core/build/tmp/work/osmio4k-oe-linux-gnueabi/enigma2/3.12+git/build=/usr/src/debug/enigma2/3.12+git  -fdebug-prefix-map=/home/pli/builds/openpli-scarthgap-build-1-30-2025/openpli-oe-core/build/tmp/work/osmio4k-oe-linux-gnueabi/enigma2/3.12+git/build=/usr/src/debug/enigma2/3.12+git  -fdebug-prefix-map=/home/pli/builds/openpli-scarthgap-build-1-30-2025/openpli-oe-core/build/tmp/work/osmio4k-oe-linux-gnueabi/enigma2/3.12+git/recipe-sysroot=  -fmacro-prefix-map=/home/pli/builds/openpli-scarthgap-build-1-30-2025/openpli-oe-core/build/tmp/work/osmio4k-oe-linux-gnueabi/enigma2/3.12+git/recipe-sysroot=  -fdebug-prefix-map=/home/pli/builds/openpli-scarthgap-build-1-30-2025/openpli-oe-core/build/tmp/work/osmio4k-oe-linux-gnueabi/enigma2/3.12+git/recipe-sysroot-native=  -fvisibility-inlines-hidden -Wattribute-alias -Wattribute-alias=1 -Wall -Wextra -Werror 	-Wformat=2 -Wformat-overflow=2 -Wformat-nonliteral -Wformat-security 	-Wimplicit-fallthrough=5 -Wduplicated-branches -Wtrampolines 	-Wdangling-else -Wshift-overflow=2 -Wswitch 	-Wunused-but-set-parameter -Wunused-const-variable=1 -Wuninitialized 	-Wstringop-overflow=3 -Woverlength-strings 	-Wunsafe-loop-optimizations -Wpointer-arith 	-Wfloat-equal -Wlogical-op 	-Wno-error=cast-align=strict -Wno-error=ignored-qualifiers 	-Wno-error=cast-function-type -Wno-error=deprecated-declarations 	-Wno-error=stringop-truncation -Wno-error=shadow -Wno-error=cast-qual 	-Wno-error=aggregate-return -Wno-error=missing-field-initializers 	-Wno-error=packed -Wno-error=vla -Wno-error=clobbered -Wno-error=unused-parameter 	-I/home/pli/builds/openpli-scarthgap-build-1-30-2025/openpli-oe-core/build/tmp/work/osmio4k-oe-linux-gnueabi/enigma2/3.12+git/recipe-sysroot/usr/include/freetype2 -I/home/pli/builds/openpli-scarthgap-build-1-30-2025/openpli-oe-core/build/tmp/work/osmio4k-oe-linux-gnueabi/enigma2/3.12+git/recipe-sysroot/usr/include/fribidi -I/home/pli/builds/openpli-scarthgap-build-1-30-2025/openpli-oe-core/build/tmp/work/osmio4k-oe-linux-gnueabi/enigma2/3.12+git/recipe-sysroot/usr/include/glib-2.0 -I/home/pli/builds/openpli-scarthgap-build-1-30-2025/openpli-oe-core/build/tmp/work/osmio4k-oe-linux-gnueabi/enigma2/3.12+git/recipe-sysroot/usr/lib/glib-2.0/include -I/home/pli/builds/openpli-scarthgap-build-1-30-2025/openpli-oe-core/build/tmp/work/osmio4k-oe-linux-gnueabi/enigma2/3.12+git/recipe-sysroot/usr/include/libpng16 -I/home/pli/builds/openpli-scarthgap-build-1-30-2025/openpli-oe-core/build/tmp/work/osmio4k-oe-linux-gnueabi/enigma2/3.12+git/recipe-sysroot/usr/include/libxml2 -I/home/pli/builds/openpli-scarthgap-build-1-30-2025/openpli-oe-core/build/tmp/work/osmio4k-oe-linux-gnueabi/enigma2/3.12+git/recipe-sysroot/usr/include/sigc++-3.0 -I/home/pli/builds/openpli-scarthgap-build-1-30-2025/openpli-oe-core/build/tmp/work/osmio4k-oe-linux-gnueabi/enigma2/3.12+git/recipe-sysroot/usr/lib/sigc++-3.0/include -fno-rtti -fno-exceptions -rdynamic -funwind-tables  -fopenmp  -MT base/httpstream.o -MD -MP -MF $depbase.Tpo -c -o base/httpstream.o ../../git/lib/base/httpstream.cpp &&\
mv -f $depbase.Tpo $depbase.Po

depbase=`echo base/wrappers.o | sed 's|[^/]*$|.deps/&|;s|\.o$||'`;\
arm-oe-linux-gnueabi-g++  -march=armv7ve -mfpu=neon-vfpv4 -mfloat-abi=hard -D_TIME_BITS=64 -D_FILE_OFFSET_BITS=64 --sysroot=/home/pli/builds/openpli-scarthgap-build-1-30-2025/openpli-oe-core/build/tmp/work/osmio4k-oe-linux-gnueabi/enigma2/3.12+git/recipe-sysroot -std=gnu++17 -DHAVE_CONFIG_H -I. -I../../git/lib -I..  -I.. -I../../git -I../../git/include -DPY_SSIZE_T_CLEAN -include Python.h -include ../enigma2_config.h -I/home/pli/builds/openpli-scarthgap-build-1-30-2025/openpli-oe-core/build/tmp/work/osmio4k-oe-linux-gnueabi/enigma2/3.12+git/recipe-sysroot/usr/include/python3.12  -Os -pipe -g -feliminate-unused-debug-types -fcanon-prefix-map  -fmacro-prefix-map=/home/pli/builds/openpli-scarthgap-build-1-30-2025/openpli-oe-core/build/tmp/work/osmio4k-oe-linux-gnueabi/enigma2/3.12+git/git=/usr/src/debug/enigma2/3.12+git  -fdebug-prefix-map=/home/pli/builds/openpli-scarthgap-build-1-30-2025/openpli-oe-core/build/tmp/work/osmio4k-oe-linux-gnueabi/enigma2/3.12+git/git=/usr/src/debug/enigma2/3.12+git  -fmacro-prefix-map=/home/pli/builds/openpli-scarthgap-build-1-30-2025/openpli-oe-core/build/tmp/work/osmio4k-oe-linux-gnueabi/enigma2/3.12+git/build=/usr/src/debug/enigma2/3.12+git  -fdebug-prefix-map=/home/pli/builds/openpli-scarthgap-build-1-30-2025/openpli-oe-core/build/tmp/work/osmio4k-oe-linux-gnueabi/enigma2/3.12+git/build=/usr/src/debug/enigma2/3.12+git  -fdebug-prefix-map=/home/pli/builds/openpli-scarthgap-build-1-30-2025/openpli-oe-core/build/tmp/work/osmio4k-oe-linux-gnueabi/enigma2/3.12+git/recipe-sysroot=  -fmacro-prefix-map=/home/pli/builds/openpli-scarthgap-build-1-30-2025/openpli-oe-core/build/tmp/work/osmio4k-oe-linux-gnueabi/enigma2/3.12+git/recipe-sysroot=  -fdebug-prefix-map=/home/pli/builds/openpli-scarthgap-build-1-30-2025/openpli-oe-core/build/tmp/work/osmio4k-oe-linux-gnueabi/enigma2/3.12+git/recipe-sysroot-native=  -fvisibility-inlines-hidden -Wattribute-alias -Wattribute-alias=1 -Wall -Wextra -Werror 	-Wformat=2 -Wformat-overflow=2 -Wformat-nonliteral -Wformat-security 	-Wimplicit-fallthrough=5 -Wduplicated-branches -Wtrampolines 	-Wdangling-else -Wshift-overflow=2 -Wswitch 	-Wunused-but-set-parameter -Wunused-const-variable=1 -Wuninitialized 	-Wstringop-overflow=3 -Woverlength-strings 	-Wunsafe-loop-optimizations -Wpointer-arith 	-Wfloat-equal -Wlogical-op 	-Wno-error=cast-align=strict -Wno-error=ignored-qualifiers 	-Wno-error=cast-function-type -Wno-error=deprecated-declarations 	-Wno-error=stringop-truncation -Wno-error=shadow -Wno-error=cast-qual 	-Wno-error=aggregate-return -Wno-error=missing-field-initializers 	-Wno-error=packed -Wno-error=vla -Wno-error=clobbered -Wno-error=unused-parameter 	-I/home/pli/builds/openpli-scarthgap-build-1-30-2025/openpli-oe-core/build/tmp/work/osmio4k-oe-linux-gnueabi/enigma2/3.12+git/recipe-sysroot/usr/include/freetype2 -I/home/pli/builds/openpli-scarthgap-build-1-30-2025/openpli-oe-core/build/tmp/work/osmio4k-oe-linux-gnueabi/enigma2/3.12+git/recipe-sysroot/usr/include/fribidi -I/home/pli/builds/openpli-scarthgap-build-1-30-2025/openpli-oe-core/build/tmp/work/osmio4k-oe-linux-gnueabi/enigma2/3.12+git/recipe-sysroot/usr/include/glib-2.0 -I/home/pli/builds/openpli-scarthgap-build-1-30-2025/openpli-oe-core/build/tmp/work/osmio4k-oe-linux-gnueabi/enigma2/3.12+git/recipe-sysroot/usr/lib/glib-2.0/include -I/home/pli/builds/openpli-scarthgap-build-1-30-2025/openpli-oe-core/build/tmp/work/osmio4k-oe-linux-gnueabi/enigma2/3.12+git/recipe-sysroot/usr/include/libpng16 -I/home/pli/builds/openpli-scarthgap-build-1-30-2025/openpli-oe-core/build/tmp/work/osmio4k-oe-linux-gnueabi/enigma2/3.12+git/recipe-sysroot/usr/include/libxml2 -I/home/pli/builds/openpli-scarthgap-build-1-30-2025/openpli-oe-core/build/tmp/work/osmio4k-oe-linux-gnueabi/enigma2/3.12+git/recipe-sysroot/usr/include/sigc++-3.0 -I/home/pli/builds/openpli-scarthgap-build-1-30-2025/openpli-oe-core/build/tmp/work/osmio4k-oe-linux-gnueabi/enigma2/3.12+git/recipe-sysroot/usr/lib/sigc++-3.0/include -fno-rtti -fno-exceptions -rdynamic -funwind-tables  -fopenmp  -MT base/wrappers.o -MD -MP -MF $depbase.Tpo -c -o base/wrappers.o ../../git/lib/base/wrappers.cpp &&\
mv -f $depbase.Tpo $depbase.Po

depbase=`echo components/file_eraser.o | sed 's|[^/]*$|.deps/&|;s|\.o$||'`;\
arm-oe-linux-gnueabi-g++  -march=armv7ve -mfpu=neon-vfpv4 -mfloat-abi=hard -D_TIME_BITS=64 -D_FILE_OFFSET_BITS=64 --sysroot=/home/pli/builds/openpli-scarthgap-build-1-30-2025/openpli-oe-core/build/tmp/work/osmio4k-oe-linux-gnueabi/enigma2/3.12+git/recipe-sysroot -std=gnu++17 -DHAVE_CONFIG_H -I. -I../../git/lib -I..  -I.. -I../../git -I../../git/include -DPY_SSIZE_T_CLEAN -include Python.h -include ../enigma2_config.h -I/home/pli/builds/openpli-scarthgap-build-1-30-2025/openpli-oe-core/build/tmp/work/osmio4k-oe-linux-gnueabi/enigma2/3.12+git/recipe-sysroot/usr/include/python3.12  -Os -pipe -g -feliminate-unused-debug-types -fcanon-prefix-map  -fmacro-prefix-map=/home/pli/builds/openpli-scarthgap-build-1-30-2025/openpli-oe-core/build/tmp/work/osmio4k-oe-linux-gnueabi/enigma2/3.12+git/git=/usr/src/debug/enigma2/3.12+git  -fdebug-prefix-map=/home/pli/builds/openpli-scarthgap-build-1-30-2025/openpli-oe-core/build/tmp/work/osmio4k-oe-linux-gnueabi/enigma2/3.12+git/git=/usr/src/debug/enigma2/3.12+git  -fmacro-prefix-map=/home/pli/builds/openpli-scarthgap-build-1-30-2025/openpli-oe-core/build/tmp/work/osmio4k-oe-linux-gnueabi/enigma2/3.12+git/build=/usr/src/debug/enigma2/3.12+git  -fdebug-prefix-map=/home/pli/builds/openpli-scarthgap-build-1-30-2025/openpli-oe-core/build/tmp/work/osmio4k-oe-linux-gnueabi/enigma2/3.12+git/build=/usr/src/debug/enigma2/3.12+git  -fdebug-prefix-map=/home/pli/builds/openpli-scarthgap-build-1-30-2025/openpli-oe-core/build/tmp/work/osmio4k-oe-linux-gnueabi/enigma2/3.12+git/recipe-sysroot=  -fmacro-prefix-map=/home/pli/builds/openpli-scarthgap-build-1-30-2025/openpli-oe-core/build/tmp/work/osmio4k-oe-linux-gnueabi/enigma2/3.12+git/recipe-sysroot=  -fdebug-prefix-map=/home/pli/builds/openpli-scarthgap-build-1-30-2025/openpli-oe-core/build/tmp/work/osmio4k-oe-linux-gnueabi/enigma2/3.12+git/recipe-sysroot-native=  -fvisibility-inlines-hidden -Wattribute-alias -Wattribute-alias=1 -Wall -Wextra -Werror 	-Wformat=2 -Wformat-overflow=2 -Wformat-nonliteral -Wformat-security 	-Wimplicit-fallthrough=5 -Wduplicated-branches -Wtrampolines 	-Wdangling-else -Wshift-overflow=2 -Wswitch 	-Wunused-but-set-parameter -Wunused-const-variable=1 -Wuninitialized 	-Wstringop-overflow=3 -Woverlength-strings 	-Wunsafe-loop-optimizations -Wpointer-arith 	-Wfloat-equal -Wlogical-op 	-Wno-error=cast-align=strict -Wno-error=ignored-qualifiers 	-Wno-error=cast-function-type -Wno-error=deprecated-declarations 	-Wno-error=stringop-truncation -Wno-error=shadow -Wno-error=cast-qual 	-Wno-error=aggregate-return -Wno-error=missing-field-initializers 	-Wno-error=packed -Wno-error=vla -Wno-error=clobbered -Wno-error=unused-parameter 	-I/home/pli/builds/openpli-scarthgap-build-1-30-2025/openpli-oe-core/build/tmp/work/osmio4k-oe-linux-gnueabi/enigma2/3.12+git/recipe-sysroot/usr/include/freetype2 -I/home/pli/builds/openpli-scarthgap-build-1-30-2025/openpli-oe-core/build/tmp/work/osmio4k-oe-linux-gnueabi/enigma2/3.12+git/recipe-sysroot/usr/include/fribidi -I/home/pli/builds/openpli-scarthgap-build-1-30-2025/openpli-oe-core/build/tmp/work/osmio4k-oe-linux-gnueabi/enigma2/3.12+git/recipe-sysroot/usr/include/glib-2.0 -I/home/pli/builds/openpli-scarthgap-build-1-30-2025/openpli-oe-core/build/tmp/work/osmio4k-oe-linux-gnueabi/enigma2/3.12+git/recipe-sysroot/usr/lib/glib-2.0/include -I/home/pli/builds/openpli-scarthgap-build-1-30-2025/openpli-oe-core/build/tmp/work/osmio4k-oe-linux-gnueabi/enigma2/3.12+git/recipe-sysroot/usr/include/libpng16 -I/home/pli/builds/openpli-scarthgap-build-1-30-2025/openpli-oe-core/build/tmp/work/osmio4k-oe-linux-gnueabi/enigma2/3.12+git/recipe-sysroot/usr/include/libxml2 -I/home/pli/builds/openpli-scarthgap-build-1-30-2025/openpli-oe-core/build/tmp/work/osmio4k-oe-linux-gnueabi/enigma2/3.12+git/recipe-sysroot/usr/include/sigc++-3.0 -I/home/pli/builds/openpli-scarthgap-build-1-30-2025/openpli-oe-core/build/tmp/work/osmio4k-oe-linux-gnueabi/enigma2/3.12+git/recipe-sysroot/usr/lib/sigc++-3.0/include -fno-rtti -fno-exceptions -rdynamic -funwind-tables  -fopenmp  -MT components/file_eraser.o -MD -MP -MF $depbase.Tpo -c -o components/file_eraser.o ../../git/lib/components/file_eraser.cpp &&\
mv -f $depbase.Tpo $depbase.Po

depbase=`echo components/scan.o | sed 's|[^/]*$|.deps/&|;s|\.o$||'`;\
arm-oe-linux-gnueabi-g++  -march=armv7ve -mfpu=neon-vfpv4 -mfloat-abi=hard -D_TIME_BITS=64 -D_FILE_OFFSET_BITS=64 --sysroot=/home/pli/builds/openpli-scarthgap-build-1-30-2025/openpli-oe-core/build/tmp/work/osmio4k-oe-linux-gnueabi/enigma2/3.12+git/recipe-sysroot -std=gnu++17 -DHAVE_CONFIG_H -I. -I../../git/lib -I..  -I.. -I../../git -I../../git/include -DPY_SSIZE_T_CLEAN -include Python.h -include ../enigma2_config.h -I/home/pli/builds/openpli-scarthgap-build-1-30-2025/openpli-oe-core/build/tmp/work/osmio4k-oe-linux-gnueabi/enigma2/3.12+git/recipe-sysroot/usr/include/python3.12  -Os -pipe -g -feliminate-unused-debug-types -fcanon-prefix-map  -fmacro-prefix-map=/home/pli/builds/openpli-scarthgap-build-1-30-2025/openpli-oe-core/build/tmp/work/osmio4k-oe-linux-gnueabi/enigma2/3.12+git/git=/usr/src/debug/enigma2/3.12+git  -fdebug-prefix-map=/home/pli/builds/openpli-scarthgap-build-1-30-2025/openpli-oe-core/build/tmp/work/osmio4k-oe-linux-gnueabi/enigma2/3.12+git/git=/usr/src/debug/enigma2/3.12+git  -fmacro-prefix-map=/home/pli/builds/openpli-scarthgap-build-1-30-2025/openpli-oe-core/build/tmp/work/osmio4k-oe-linux-gnueabi/enigma2/3.12+git/build=/usr/src/debug/enigma2/3.12+git  -fdebug-prefix-map=/home/pli/builds/openpli-scarthgap-build-1-30-2025/openpli-oe-core/build/tmp/work/osmio4k-oe-linux-gnueabi/enigma2/3.12+git/build=/usr/src/debug/enigma2/3.12+git  -fdebug-prefix-map=/home/pli/builds/openpli-scarthgap-build-1-30-2025/openpli-oe-core/build/tmp/work/osmio4k-oe-linux-gnueabi/enigma2/3.12+git/recipe-sysroot=  -fmacro-prefix-map=/home/pli/builds/openpli-scarthgap-build-1-30-2025/openpli-oe-core/build/tmp/work/osmio4k-oe-linux-gnueabi/enigma2/3.12+git/recipe-sysroot=  -fdebug-prefix-map=/home/pli/builds/openpli-scarthgap-build-1-30-2025/openpli-oe-core/build/tmp/work/osmio4k-oe-linux-gnueabi/enigma2/3.12+git/recipe-sysroot-native=  -fvisibility-inlines-hidden -Wattribute-alias -Wattribute-alias=1 -Wall -Wextra -Werror 	-Wformat=2 -Wformat-overflow=2 -Wformat-nonliteral -Wformat-security 	-Wimplicit-fallthrough=5 -Wduplicated-branches -Wtrampolines 	-Wdangling-else -Wshift-overflow=2 -Wswitch 	-Wunused-but-set-parameter -Wunused-const-variable=1 -Wuninitialized 	-Wstringop-overflow=3 -Woverlength-strings 	-Wunsafe-loop-optimizations -Wpointer-arith 	-Wfloat-equal -Wlogical-op 	-Wno-error=cast-align=strict -Wno-error=ignored-qualifiers 	-Wno-error=cast-function-type -Wno-error=deprecated-declarations 	-Wno-error=stringop-truncation -Wno-error=shadow -Wno-error=cast-qual 	-Wno-error=aggregate-return -Wno-error=missing-field-initializers 	-Wno-error=packed -Wno-error=vla -Wno-error=clobbered -Wno-error=unused-parameter 	-I/home/pli/builds/openpli-scarthgap-build-1-30-2025/openpli-oe-core/build/tmp/work/osmio4k-oe-linux-gnueabi/enigma2/3.12+git/recipe-sysroot/usr/include/freetype2 -I/home/pli/builds/openpli-scarthgap-build-1-30-2025/openpli-oe-core/build/tmp/work/osmio4k-oe-linux-gnueabi/enigma2/3.12+git/recipe-sysroot/usr/include/fribidi -I/home/pli/builds/openpli-scarthgap-build-1-30-2025/openpli-oe-core/build/tmp/work/osmio4k-oe-linux-gnueabi/enigma2/3.12+git/recipe-sysroot/usr/include/glib-2.0 -I/home/pli/builds/openpli-scarthgap-build-1-30-2025/openpli-oe-core/build/tmp/work/osmio4k-oe-linux-gnueabi/enigma2/3.12+git/recipe-sysroot/usr/lib/glib-2.0/include -I/home/pli/builds/openpli-scarthgap-build-1-30-2025/openpli-oe-core/build/tmp/work/osmio4k-oe-linux-gnueabi/enigma2/3.12+git/recipe-sysroot/usr/include/libpng16 -I/home/pli/builds/openpli-scarthgap-build-1-30-2025/openpli-oe-core/build/tmp/work/osmio4k-oe-linux-gnueabi/enigma2/3.12+git/recipe-sysroot/usr/include/libxml2 -I/home/pli/builds/openpli-scarthgap-build-1-30-2025/openpli-oe-core/build/tmp/work/osmio4k-oe-linux-gnueabi/enigma2/3.12+git/recipe-sysroot/usr/include/sigc++-3.0 -I/home/pli/builds/openpli-scarthgap-build-1-30-2025/openpli-oe-core/build/tmp/work/osmio4k-oe-linux-gnueabi/enigma2/3.12+git/recipe-sysroot/usr/lib/sigc++-3.0/include -fno-rtti -fno-exceptions -rdynamic -funwind-tables  -fopenmp  -MT components/scan.o -MD -MP -MF $depbase.Tpo -c -o components/scan.o ../../git/lib/components/scan.cpp &&\
mv -f $depbase.Tpo $depbase.Po

depbase=`echo components/tuxtxtapp.o | sed 's|[^/]*$|.deps/&|;s|\.o$||'`;\
arm-oe-linux-gnueabi-g++  -march=armv7ve -mfpu=neon-vfpv4 -mfloat-abi=hard -D_TIME_BITS=64 -D_FILE_OFFSET_BITS=64 --sysroot=/home/pli/builds/openpli-scarthgap-build-1-30-2025/openpli-oe-core/build/tmp/work/osmio4k-oe-linux-gnueabi/enigma2/3.12+git/recipe-sysroot -std=gnu++17 -DHAVE_CONFIG_H -I. -I../../git/lib -I..  -I.. -I../../git -I../../git/include -DPY_SSIZE_T_CLEAN -include Python.h -include ../enigma2_config.h -I/home/pli/builds/openpli-scarthgap-build-1-30-2025/openpli-oe-core/build/tmp/work/osmio4k-oe-linux-gnueabi/enigma2/3.12+git/recipe-sysroot/usr/include/python3.12  -Os -pipe -g -feliminate-unused-debug-types -fcanon-prefix-map  -fmacro-prefix-map=/home/pli/builds/openpli-scarthgap-build-1-30-2025/openpli-oe-core/build/tmp/work/osmio4k-oe-linux-gnueabi/enigma2/3.12+git/git=/usr/src/debug/enigma2/3.12+git  -fdebug-prefix-map=/home/pli/builds/openpli-scarthgap-build-1-30-2025/openpli-oe-core/build/tmp/work/osmio4k-oe-linux-gnueabi/enigma2/3.12+git/git=/usr/src/debug/enigma2/3.12+git  -fmacro-prefix-map=/home/pli/builds/openpli-scarthgap-build-1-30-2025/openpli-oe-core/build/tmp/work/osmio4k-oe-linux-gnueabi/enigma2/3.12+git/build=/usr/src/debug/enigma2/3.12+git  -fdebug-prefix-map=/home/pli/builds/openpli-scarthgap-build-1-30-2025/openpli-oe-core/build/tmp/work/osmio4k-oe-linux-gnueabi/enigma2/3.12+git/build=/usr/src/debug/enigma2/3.12+git  -fdebug-prefix-map=/home/pli/builds/openpli-scarthgap-build-1-30-2025/openpli-oe-core/build/tmp/work/osmio4k-oe-linux-gnueabi/enigma2/3.12+git/recipe-sysroot=  -fmacro-prefix-map=/home/pli/builds/openpli-scarthgap-build-1-30-2025/openpli-oe-core/build/tmp/work/osmio4k-oe-linux-gnueabi/enigma2/3.12+git/recipe-sysroot=  -fdebug-prefix-map=/home/pli/builds/openpli-scarthgap-build-1-30-2025/openpli-oe-core/build/tmp/work/osmio4k-oe-linux-gnueabi/enigma2/3.12+git/recipe-sysroot-native=  -fvisibility-inlines-hidden -Wattribute-alias -Wattribute-alias=1 -Wall -Wextra -Werror 	-Wformat=2 -Wformat-overflow=2 -Wformat-nonliteral -Wformat-security 	-Wimplicit-fallthrough=5 -Wduplicated-branches -Wtrampolines 	-Wdangling-else -Wshift-overflow=2 -Wswitch 	-Wunused-but-set-parameter -Wunused-const-variable=1 -Wuninitialized 	-Wstringop-overflow=3 -Woverlength-strings 	-Wunsafe-loop-optimizations -Wpointer-arith 	-Wfloat-equal -Wlogical-op 	-Wno-error=cast-align=strict -Wno-error=ignored-qualifiers 	-Wno-error=cast-function-type -Wno-error=deprecated-declarations 	-Wno-error=stringop-truncation -Wno-error=shadow -Wno-error=cast-qual 	-Wno-error=aggregate-return -Wno-error=missing-field-initializers 	-Wno-error=packed -Wno-error=vla -Wno-error=clobbered -Wno-error=unused-parameter 	-I/home/pli/builds/openpli-scarthgap-build-1-30-2025/openpli-oe-core/build/tmp/work/osmio4k-oe-linux-gnueabi/enigma2/3.12+git/recipe-sysroot/usr/include/freetype2 -I/home/pli/builds/openpli-scarthgap-build-1-30-2025/openpli-oe-core/build/tmp/work/osmio4k-oe-linux-gnueabi/enigma2/3.12+git/recipe-sysroot/usr/include/fribidi -I/home/pli/builds/openpli-scarthgap-build-1-30-2025/openpli-oe-core/build/tmp/work/osmio4k-oe-linux-gnueabi/enigma2/3.12+git/recipe-sysroot/usr/include/glib-2.0 -I/home/pli/builds/openpli-scarthgap-build-1-30-2025/openpli-oe-core/build/tmp/work/osmio4k-oe-linux-gnueabi/enigma2/3.12+git/recipe-sysroot/usr/lib/glib-2.0/include -I/home/pli/builds/openpli-scarthgap-build-1-30-2025/openpli-oe-core/build/tmp/work/osmio4k-oe-linux-gnueabi/enigma2/3.12+git/recipe-sysroot/usr/include/libpng16 -I/home/pli/builds/openpli-scarthgap-build-1-30-2025/openpli-oe-core/build/tmp/work/osmio4k-oe-linux-gnueabi/enigma2/3.12+git/recipe-sysroot/usr/include/libxml2 -I/home/pli/builds/openpli-scarthgap-build-1-30-2025/openpli-oe-core/build/tmp/work/osmio4k-oe-linux-gnueabi/enigma2/3.12+git/recipe-sysroot/usr/include/sigc++-3.0 -I/home/pli/builds/openpli-scarthgap-build-1-30-2025/openpli-oe-core/build/tmp/work/osmio4k-oe-linux-gnueabi/enigma2/3.12+git/recipe-sysroot/usr/lib/sigc++-3.0/include -fno-rtti -fno-exceptions -rdynamic -funwind-tables  -fopenmp  -MT components/tuxtxtapp.o -MD -MP -MF $depbase.Tpo -c -o components/tuxtxtapp.o ../../git/lib/components/tuxtxtapp.cpp &&\
mv -f $depbase.Tpo $depbase.Po

depbase=`echo dvb/cablescan.o | sed 's|[^/]*$|.deps/&|;s|\.o$||'`;\
arm-oe-linux-gnueabi-g++  -march=armv7ve -mfpu=neon-vfpv4 -mfloat-abi=hard -D_TIME_BITS=64 -D_FILE_OFFSET_BITS=64 --sysroot=/home/pli/builds/openpli-scarthgap-build-1-30-2025/openpli-oe-core/build/tmp/work/osmio4k-oe-linux-gnueabi/enigma2/3.12+git/recipe-sysroot -std=gnu++17 -DHAVE_CONFIG_H -I. -I../../git/lib -I..  -I.. -I../../git -I../../git/include -DPY_SSIZE_T_CLEAN -include Python.h -include ../enigma2_config.h -I/home/pli/builds/openpli-scarthgap-build-1-30-2025/openpli-oe-core/build/tmp/work/osmio4k-oe-linux-gnueabi/enigma2/3.12+git/recipe-sysroot/usr/include/python3.12  -Os -pipe -g -feliminate-unused-debug-types -fcanon-prefix-map  -fmacro-prefix-map=/home/pli/builds/openpli-scarthgap-build-1-30-2025/openpli-oe-core/build/tmp/work/osmio4k-oe-linux-gnueabi/enigma2/3.12+git/git=/usr/src/debug/enigma2/3.12+git  -fdebug-prefix-map=/home/pli/builds/openpli-scarthgap-build-1-30-2025/openpli-oe-core/build/tmp/work/osmio4k-oe-linux-gnueabi/enigma2/3.12+git/git=/usr/src/debug/enigma2/3.12+git  -fmacro-prefix-map=/home/pli/builds/openpli-scarthgap-build-1-30-2025/openpli-oe-core/build/tmp/work/osmio4k-oe-linux-gnueabi/enigma2/3.12+git/build=/usr/src/debug/enigma2/3.12+git  -fdebug-prefix-map=/home/pli/builds/openpli-scarthgap-build-1-30-2025/openpli-oe-core/build/tmp/work/osmio4k-oe-linux-gnueabi/enigma2/3.12+git/build=/usr/src/debug/enigma2/3.12+git  -fdebug-prefix-map=/home/pli/builds/openpli-scarthgap-build-1-30-2025/openpli-oe-core/build/tmp/work/osmio4k-oe-linux-gnueabi/enigma2/3.12+git/recipe-sysroot=  -fmacro-prefix-map=/home/pli/builds/openpli-scarthgap-build-1-30-2025/openpli-oe-core/build/tmp/work/osmio4k-oe-linux-gnueabi/enigma2/3.12+git/recipe-sysroot=  -fdebug-prefix-map=/home/pli/builds/openpli-scarthgap-build-1-30-2025/openpli-oe-core/build/tmp/work/osmio4k-oe-linux-gnueabi/enigma2/3.12+git/recipe-sysroot-native=  -fvisibility-inlines-hidden -Wattribute-alias -Wattribute-alias=1 -Wall -Wextra -Werror 	-Wformat=2 -Wformat-overflow=2 -Wformat-nonliteral -Wformat-security 	-Wimplicit-fallthrough=5 -Wduplicated-branches -Wtrampolines 	-Wdangling-else -Wshift-overflow=2 -Wswitch 	-Wunused-but-set-parameter -Wunused-const-variable=1 -Wuninitialized 	-Wstringop-overflow=3 -Woverlength-strings 	-Wunsafe-loop-optimizations -Wpointer-arith 	-Wfloat-equal -Wlogical-op 	-Wno-error=cast-align=strict -Wno-error=ignored-qualifiers 	-Wno-error=cast-function-type -Wno-error=deprecated-declarations 	-Wno-error=stringop-truncation -Wno-error=shadow -Wno-error=cast-qual 	-Wno-error=aggregate-return -Wno-error=missing-field-initializers 	-Wno-error=packed -Wno-error=vla -Wno-error=clobbered -Wno-error=unused-parameter 	-I/home/pli/builds/openpli-scarthgap-build-1-30-2025/openpli-oe-core/build/tmp/work/osmio4k-oe-linux-gnueabi/enigma2/3.12+git/recipe-sysroot/usr/include/freetype2 -I/home/pli/builds/openpli-scarthgap-build-1-30-2025/openpli-oe-core/build/tmp/work/osmio4k-oe-linux-gnueabi/enigma2/3.12+git/recipe-sysroot/usr/include/fribidi -I/home/pli/builds/openpli-scarthgap-build-1-30-2025/openpli-oe-core/build/tmp/work/osmio4k-oe-linux-gnueabi/enigma2/3.12+git/recipe-sysroot/usr/include/glib-2.0 -I/home/pli/builds/openpli-scarthgap-build-1-30-2025/openpli-oe-core/build/tmp/work/osmio4k-oe-linux-gnueabi/enigma2/3.12+git/recipe-sysroot/usr/lib/glib-2.0/include -I/home/pli/builds/openpli-scarthgap-build-1-30-2025/openpli-oe-core/build/tmp/work/osmio4k-oe-linux-gnueabi/enigma2/3.12+git/recipe-sysroot/usr/include/libpng16 -I/home/pli/builds/openpli-scarthgap-build-1-30-2025/openpli-oe-core/build/tmp/work/osmio4k-oe-linux-gnueabi/enigma2/3.12+git/recipe-sysroot/usr/include/libxml2 -I/home/pli/builds/openpli-scarthgap-build-1-30-2025/openpli-oe-core/build/tmp/work/osmio4k-oe-linux-gnueabi/enigma2/3.12+git/recipe-sysroot/usr/include/sigc++-3.0 -I/home/pli/builds/openpli-scarthgap-build-1-30-2025/openpli-oe-core/build/tmp/work/osmio4k-oe-linux-gnueabi/enigma2/3.12+git/recipe-sysroot/usr/lib/sigc++-3.0/include -fno-rtti -fno-exceptions -rdynamic -funwind-tables  -fopenmp  -MT dvb/cablescan.o -MD -MP -MF $depbase.Tpo -c -o dvb/cablescan.o ../../git/lib/dvb/cablescan.cpp &&\
mv -f $depbase.Tpo $depbase.Po

depbase=`echo dvb/cahandler.o | sed 's|[^/]*$|.deps/&|;s|\.o$||'`;\
arm-oe-linux-gnueabi-g++  -march=armv7ve -mfpu=neon-vfpv4 -mfloat-abi=hard -D_TIME_BITS=64 -D_FILE_OFFSET_BITS=64 --sysroot=/home/pli/builds/openpli-scarthgap-build-1-30-2025/openpli-oe-core/build/tmp/work/osmio4k-oe-linux-gnueabi/enigma2/3.12+git/recipe-sysroot -std=gnu++17 -DHAVE_CONFIG_H -I. -I../../git/lib -I..  -I.. -I../../git -I../../git/include -DPY_SSIZE_T_CLEAN -include Python.h -include ../enigma2_config.h -I/home/pli/builds/openpli-scarthgap-build-1-30-2025/openpli-oe-core/build/tmp/work/osmio4k-oe-linux-gnueabi/enigma2/3.12+git/recipe-sysroot/usr/include/python3.12  -Os -pipe -g -feliminate-unused-debug-types -fcanon-prefix-map  -fmacro-prefix-map=/home/pli/builds/openpli-scarthgap-build-1-30-2025/openpli-oe-core/build/tmp/work/osmio4k-oe-linux-gnueabi/enigma2/3.12+git/git=/usr/src/debug/enigma2/3.12+git  -fdebug-prefix-map=/home/pli/builds/openpli-scarthgap-build-1-30-2025/openpli-oe-core/build/tmp/work/osmio4k-oe-linux-gnueabi/enigma2/3.12+git/git=/usr/src/debug/enigma2/3.12+git  -fmacro-prefix-map=/home/pli/builds/openpli-scarthgap-build-1-30-2025/openpli-oe-core/build/tmp/work/osmio4k-oe-linux-gnueabi/enigma2/3.12+git/build=/usr/src/debug/enigma2/3.12+git  -fdebug-prefix-map=/home/pli/builds/openpli-scarthgap-build-1-30-2025/openpli-oe-core/build/tmp/work/osmio4k-oe-linux-gnueabi/enigma2/3.12+git/build=/usr/src/debug/enigma2/3.12+git  -fdebug-prefix-map=/home/pli/builds/openpli-scarthgap-build-1-30-2025/openpli-oe-core/build/tmp/work/osmio4k-oe-linux-gnueabi/enigma2/3.12+git/recipe-sysroot=  -fmacro-prefix-map=/home/pli/builds/openpli-scarthgap-build-1-30-2025/openpli-oe-core/build/tmp/work/osmio4k-oe-linux-gnueabi/enigma2/3.12+git/recipe-sysroot=  -fdebug-prefix-map=/home/pli/builds/openpli-scarthgap-build-1-30-2025/openpli-oe-core/build/tmp/work/osmio4k-oe-linux-gnueabi/enigma2/3.12+git/recipe-sysroot-native=  -fvisibility-inlines-hidden -Wattribute-alias -Wattribute-alias=1 -Wall -Wextra -Werror 	-Wformat=2 -Wformat-overflow=2 -Wformat-nonliteral -Wformat-security 	-Wimplicit-fallthrough=5 -Wduplicated-branches -Wtrampolines 	-Wdangling-else -Wshift-overflow=2 -Wswitch 	-Wunused-but-set-parameter -Wunused-const-variable=1 -Wuninitialized 	-Wstringop-overflow=3 -Woverlength-strings 	-Wunsafe-loop-optimizations -Wpointer-arith 	-Wfloat-equal -Wlogical-op 	-Wno-error=cast-align=strict -Wno-error=ignored-qualifiers 	-Wno-error=cast-function-type -Wno-error=deprecated-declarations 	-Wno-error=stringop-truncation -Wno-error=shadow -Wno-error=cast-qual 	-Wno-error=aggregate-return -Wno-error=missing-field-initializers 	-Wno-error=packed -Wno-error=vla -Wno-error=clobbered -Wno-error=unused-parameter 	-I/home/pli/builds/openpli-scarthgap-build-1-30-2025/openpli-oe-core/build/tmp/work/osmio4k-oe-linux-gnueabi/enigma2/3.12+git/recipe-sysroot/usr/include/freetype2 -I/home/pli/builds/openpli-scarthgap-build-1-30-2025/openpli-oe-core/build/tmp/work/osmio4k-oe-linux-gnueabi/enigma2/3.12+git/recipe-sysroot/usr/include/fribidi -I/home/pli/builds/openpli-scarthgap-build-1-30-2025/openpli-oe-core/build/tmp/work/osmio4k-oe-linux-gnueabi/enigma2/3.12+git/recipe-sysroot/usr/include/glib-2.0 -I/home/pli/builds/openpli-scarthgap-build-1-30-2025/openpli-oe-core/build/tmp/work/osmio4k-oe-linux-gnueabi/enigma2/3.12+git/recipe-sysroot/usr/lib/glib-2.0/include -I/home/pli/builds/openpli-scarthgap-build-1-30-2025/openpli-oe-core/build/tmp/work/osmio4k-oe-linux-gnueabi/enigma2/3.12+git/recipe-sysroot/usr/include/libpng16 -I/home/pli/builds/openpli-scarthgap-build-1-30-2025/openpli-oe-core/build/tmp/work/osmio4k-oe-linux-gnueabi/enigma2/3.12+git/recipe-sysroot/usr/include/libxml2 -I/home/pli/builds/openpli-scarthgap-build-1-30-2025/openpli-oe-core/build/tmp/work/osmio4k-oe-linux-gnueabi/enigma2/3.12+git/recipe-sysroot/usr/include/sigc++-3.0 -I/home/pli/builds/openpli-scarthgap-build-1-30-2025/openpli-oe-core/build/tmp/work/osmio4k-oe-linux-gnueabi/enigma2/3.12+git/recipe-sysroot/usr/lib/sigc++-3.0/include -fno-rtti -fno-exceptions -rdynamic -funwind-tables  -fopenmp  -MT dvb/cahandler.o -MD -MP -MF $depbase.Tpo -c -o dvb/cahandler.o ../../git/lib/dvb/cahandler.cpp &&\
mv -f $depbase.Tpo $depbase.Po

depbase=`echo dvb/crc32.o | sed 's|[^/]*$|.deps/&|;s|\.o$||'`;\
arm-oe-linux-gnueabi-g++  -march=armv7ve -mfpu=neon-vfpv4 -mfloat-abi=hard -D_TIME_BITS=64 -D_FILE_OFFSET_BITS=64 --sysroot=/home/pli/builds/openpli-scarthgap-build-1-30-2025/openpli-oe-core/build/tmp/work/osmio4k-oe-linux-gnueabi/enigma2/3.12+git/recipe-sysroot -std=gnu++17 -DHAVE_CONFIG_H -I. -I../../git/lib -I..  -I.. -I../../git -I../../git/include -DPY_SSIZE_T_CLEAN -include Python.h -include ../enigma2_config.h -I/home/pli/builds/openpli-scarthgap-build-1-30-2025/openpli-oe-core/build/tmp/work/osmio4k-oe-linux-gnueabi/enigma2/3.12+git/recipe-sysroot/usr/include/python3.12  -Os -pipe -g -feliminate-unused-debug-types -fcanon-prefix-map  -fmacro-prefix-map=/home/pli/builds/openpli-scarthgap-build-1-30-2025/openpli-oe-core/build/tmp/work/osmio4k-oe-linux-gnueabi/enigma2/3.12+git/git=/usr/src/debug/enigma2/3.12+git  -fdebug-prefix-map=/home/pli/builds/openpli-scarthgap-build-1-30-2025/openpli-oe-core/build/tmp/work/osmio4k-oe-linux-gnueabi/enigma2/3.12+git/git=/usr/src/debug/enigma2/3.12+git  -fmacro-prefix-map=/home/pli/builds/openpli-scarthgap-build-1-30-2025/openpli-oe-core/build/tmp/work/osmio4k-oe-linux-gnueabi/enigma2/3.12+git/build=/usr/src/debug/enigma2/3.12+git  -fdebug-prefix-map=/home/pli/builds/openpli-scarthgap-build-1-30-2025/openpli-oe-core/build/tmp/work/osmio4k-oe-linux-gnueabi/enigma2/3.12+git/build=/usr/src/debug/enigma2/3.12+git  -fdebug-prefix-map=/home/pli/builds/openpli-scarthgap-build-1-30-2025/openpli-oe-core/build/tmp/work/osmio4k-oe-linux-gnueabi/enigma2/3.12+git/recipe-sysroot=  -fmacro-prefix-map=/home/pli/builds/openpli-scarthgap-build-1-30-2025/openpli-oe-core/build/tmp/work/osmio4k-oe-linux-gnueabi/enigma2/3.12+git/recipe-sysroot=  -fdebug-prefix-map=/home/pli/builds/openpli-scarthgap-build-1-30-2025/openpli-oe-core/build/tmp/work/osmio4k-oe-linux-gnueabi/enigma2/3.12+git/recipe-sysroot-native=  -fvisibility-inlines-hidden -Wattribute-alias -Wattribute-alias=1 -Wall -Wextra -Werror 	-Wformat=2 -Wformat-overflow=2 -Wformat-nonliteral -Wformat-security 	-Wimplicit-fallthrough=5 -Wduplicated-branches -Wtrampolines 	-Wdangling-else -Wshift-overflow=2 -Wswitch 	-Wunused-but-set-parameter -Wunused-const-variable=1 -Wuninitialized 	-Wstringop-overflow=3 -Woverlength-strings 	-Wunsafe-loop-optimizations -Wpointer-arith 	-Wfloat-equal -Wlogical-op 	-Wno-error=cast-align=strict -Wno-error=ignored-qualifiers 	-Wno-error=cast-function-type -Wno-error=deprecated-declarations 	-Wno-error=stringop-truncation -Wno-error=shadow -Wno-error=cast-qual 	-Wno-error=aggregate-return -Wno-error=missing-field-initializers 	-Wno-error=packed -Wno-error=vla -Wno-error=clobbered -Wno-error=unused-parameter 	-I/home/pli/builds/openpli-scarthgap-build-1-30-2025/openpli-oe-core/build/tmp/work/osmio4k-oe-linux-gnueabi/enigma2/3.12+git/recipe-sysroot/usr/include/freetype2 -I/home/pli/builds/openpli-scarthgap-build-1-30-2025/openpli-oe-core/build/tmp/work/osmio4k-oe-linux-gnueabi/enigma2/3.12+git/recipe-sysroot/usr/include/fribidi -I/home/pli/builds/openpli-scarthgap-build-1-30-2025/openpli-oe-core/build/tmp/work/osmio4k-oe-linux-gnueabi/enigma2/3.12+git/recipe-sysroot/usr/include/glib-2.0 -I/home/pli/builds/openpli-scarthgap-build-1-30-2025/openpli-oe-core/build/tmp/work/osmio4k-oe-linux-gnueabi/enigma2/3.12+git/recipe-sysroot/usr/lib/glib-2.0/include -I/home/pli/builds/openpli-scarthgap-build-1-30-2025/openpli-oe-core/build/tmp/work/osmio4k-oe-linux-gnueabi/enigma2/3.12+git/recipe-sysroot/usr/include/libpng16 -I/home/pli/builds/openpli-scarthgap-build-1-30-2025/openpli-oe-core/build/tmp/work/osmio4k-oe-linux-gnueabi/enigma2/3.12+git/recipe-sysroot/usr/include/libxml2 -I/home/pli/builds/openpli-scarthgap-build-1-30-2025/openpli-oe-core/build/tmp/work/osmio4k-oe-linux-gnueabi/enigma2/3.12+git/recipe-sysroot/usr/include/sigc++-3.0 -I/home/pli/builds/openpli-scarthgap-build-1-30-2025/openpli-oe-core/build/tmp/work/osmio4k-oe-linux-gnueabi/enigma2/3.12+git/recipe-sysroot/usr/lib/sigc++-3.0/include -fno-rtti -fno-exceptions -rdynamic -funwind-tables  -fopenmp  -MT dvb/crc32.o -MD -MP -MF $depbase.Tpo -c -o dvb/crc32.o ../../git/lib/dvb/crc32.cpp &&\
mv -f $depbase.Tpo $depbase.Po

../../git/lib/base/object.h:23: Warning 351: operator delete ignored

../../git/lib/base/smartptr.h:35: Warning 362: operator= ignored

../../git/lib/base/smartptr.h:44: Warning 362: operator= ignored

../../git/lib/base/smartptr.h:109: Warning 362: operator= ignored

../../git/lib/base/smartptr.h:124: Warning 362: operator= ignored

../../git/lib/service/event.h:27: Warning 362: operator= ignored

../../git/lib/service/event.h:48: Warning 362: operator= ignored

../../git/lib/service/event.h:66: Warning 362: operator= ignored

../../git/lib/gdi/gpixmap.h:27: Warning 312: Nested union not currently supported (ignored).

../../git/lib/gdi/gpixmap.h:76: Warning 362: operator= ignored

../../git/lib/gdi/gpixmap.h:77: Warning 362: operator= ignored

../../git/lib/gui/ewidget.h:40: Warning 314: 'raise' is a python keyword, renaming to '_raise'

../../git/lib/gui/esubtitle.h:63: Warning 325: Nested struct not currently supported (eSubtitleStyle ignored)

depbase=`echo dvb/db.o | sed 's|[^/]*$|.deps/&|;s|\.o$||'`;\
arm-oe-linux-gnueabi-g++  -march=armv7ve -mfpu=neon-vfpv4 -mfloat-abi=hard -D_TIME_BITS=64 -D_FILE_OFFSET_BITS=64 --sysroot=/home/pli/builds/openpli-scarthgap-build-1-30-2025/openpli-oe-core/build/tmp/work/osmio4k-oe-linux-gnueabi/enigma2/3.12+git/recipe-sysroot -std=gnu++17 -DHAVE_CONFIG_H -I. -I../../git/lib -I..  -I.. -I../../git -I../../git/include -DPY_SSIZE_T_CLEAN -include Python.h -include ../enigma2_config.h -I/home/pli/builds/openpli-scarthgap-build-1-30-2025/openpli-oe-core/build/tmp/work/osmio4k-oe-linux-gnueabi/enigma2/3.12+git/recipe-sysroot/usr/include/python3.12  -Os -pipe -g -feliminate-unused-debug-types -fcanon-prefix-map  -fmacro-prefix-map=/home/pli/builds/openpli-scarthgap-build-1-30-2025/openpli-oe-core/build/tmp/work/osmio4k-oe-linux-gnueabi/enigma2/3.12+git/git=/usr/src/debug/enigma2/3.12+git  -fdebug-prefix-map=/home/pli/builds/openpli-scarthgap-build-1-30-2025/openpli-oe-core/build/tmp/work/osmio4k-oe-linux-gnueabi/enigma2/3.12+git/git=/usr/src/debug/enigma2/3.12+git  -fmacro-prefix-map=/home/pli/builds/openpli-scarthgap-build-1-30-2025/openpli-oe-core/build/tmp/work/osmio4k-oe-linux-gnueabi/enigma2/3.12+git/build=/usr/src/debug/enigma2/3.12+git  -fdebug-prefix-map=/home/pli/builds/openpli-scarthgap-build-1-30-2025/openpli-oe-core/build/tmp/work/osmio4k-oe-linux-gnueabi/enigma2/3.12+git/build=/usr/src/debug/enigma2/3.12+git  -fdebug-prefix-map=/home/pli/builds/openpli-scarthgap-build-1-30-2025/openpli-oe-core/build/tmp/work/osmio4k-oe-linux-gnueabi/enigma2/3.12+git/recipe-sysroot=  -fmacro-prefix-map=/home/pli/builds/openpli-scarthgap-build-1-30-2025/openpli-oe-core/build/tmp/work/osmio4k-oe-linux-gnueabi/enigma2/3.12+git/recipe-sysroot=  -fdebug-prefix-map=/home/pli/builds/openpli-scarthgap-build-1-30-2025/openpli-oe-core/build/tmp/work/osmio4k-oe-linux-gnueabi/enigma2/3.12+git/recipe-sysroot-native=  -fvisibility-inlines-hidden -Wattribute-alias -Wattribute-alias=1 -Wall -Wextra -Werror 	-Wformat=2 -Wformat-overflow=2 -Wformat-nonliteral -Wformat-security 	-Wimplicit-fallthrough=5 -Wduplicated-branches -Wtrampolines 	-Wdangling-else -Wshift-overflow=2 -Wswitch 	-Wunused-but-set-parameter -Wunused-const-variable=1 -Wuninitialized 	-Wstringop-overflow=3 -Woverlength-strings 	-Wunsafe-loop-optimizations -Wpointer-arith 	-Wfloat-equal -Wlogical-op 	-Wno-error=cast-align=strict -Wno-error=ignored-qualifiers 	-Wno-error=cast-function-type -Wno-error=deprecated-declarations 	-Wno-error=stringop-truncation -Wno-error=shadow -Wno-error=cast-qual 	-Wno-error=aggregate-return -Wno-error=missing-field-initializers 	-Wno-error=packed -Wno-error=vla -Wno-error=clobbered -Wno-error=unused-parameter 	-I/home/pli/builds/openpli-scarthgap-build-1-30-2025/openpli-oe-core/build/tmp/work/osmio4k-oe-linux-gnueabi/enigma2/3.12+git/recipe-sysroot/usr/include/freetype2 -I/home/pli/builds/openpli-scarthgap-build-1-30-2025/openpli-oe-core/build/tmp/work/osmio4k-oe-linux-gnueabi/enigma2/3.12+git/recipe-sysroot/usr/include/fribidi -I/home/pli/builds/openpli-scarthgap-build-1-30-2025/openpli-oe-core/build/tmp/work/osmio4k-oe-linux-gnueabi/enigma2/3.12+git/recipe-sysroot/usr/include/glib-2.0 -I/home/pli/builds/openpli-scarthgap-build-1-30-2025/openpli-oe-core/build/tmp/work/osmio4k-oe-linux-gnueabi/enigma2/3.12+git/recipe-sysroot/usr/lib/glib-2.0/include -I/home/pli/builds/openpli-scarthgap-build-1-30-2025/openpli-oe-core/build/tmp/work/osmio4k-oe-linux-gnueabi/enigma2/3.12+git/recipe-sysroot/usr/include/libpng16 -I/home/pli/builds/openpli-scarthgap-build-1-30-2025/openpli-oe-core/build/tmp/work/osmio4k-oe-linux-gnueabi/enigma2/3.12+git/recipe-sysroot/usr/include/libxml2 -I/home/pli/builds/openpli-scarthgap-build-1-30-2025/openpli-oe-core/build/tmp/work/osmio4k-oe-linux-gnueabi/enigma2/3.12+git/recipe-sysroot/usr/include/sigc++-3.0 -I/home/pli/builds/openpli-scarthgap-build-1-30-2025/openpli-oe-core/build/tmp/work/osmio4k-oe-linux-gnueabi/enigma2/3.12+git/recipe-sysroot/usr/lib/sigc++-3.0/include -fno-rtti -fno-exceptions -rdynamic -funwind-tables  -fopenmp  -MT dvb/db.o -MD -MP -MF $depbase.Tpo -c -o dvb/db.o ../../git/lib/dvb/db.cpp &&\
mv -f $depbase.Tpo $depbase.Po

../../git/lib/dvb/frontend.h:21: Warning 312: Nested union not currently supported (ignored).

depbase=`echo dvb/decoder.o | sed 's|[^/]*$|.deps/&|;s|\.o$||'`;\
arm-oe-linux-gnueabi-g++  -march=armv7ve -mfpu=neon-vfpv4 -mfloat-abi=hard -D_TIME_BITS=64 -D_FILE_OFFSET_BITS=64 --sysroot=/home/pli/builds/openpli-scarthgap-build-1-30-2025/openpli-oe-core/build/tmp/work/osmio4k-oe-linux-gnueabi/enigma2/3.12+git/recipe-sysroot -std=gnu++17 -DHAVE_CONFIG_H -I. -I../../git/lib -I..  -I.. -I../../git -I../../git/include -DPY_SSIZE_T_CLEAN -include Python.h -include ../enigma2_config.h -I/home/pli/builds/openpli-scarthgap-build-1-30-2025/openpli-oe-core/build/tmp/work/osmio4k-oe-linux-gnueabi/enigma2/3.12+git/recipe-sysroot/usr/include/python3.12  -Os -pipe -g -feliminate-unused-debug-types -fcanon-prefix-map  -fmacro-prefix-map=/home/pli/builds/openpli-scarthgap-build-1-30-2025/openpli-oe-core/build/tmp/work/osmio4k-oe-linux-gnueabi/enigma2/3.12+git/git=/usr/src/debug/enigma2/3.12+git  -fdebug-prefix-map=/home/pli/builds/openpli-scarthgap-build-1-30-2025/openpli-oe-core/build/tmp/work/osmio4k-oe-linux-gnueabi/enigma2/3.12+git/git=/usr/src/debug/enigma2/3.12+git  -fmacro-prefix-map=/home/pli/builds/openpli-scarthgap-build-1-30-2025/openpli-oe-core/build/tmp/work/osmio4k-oe-linux-gnueabi/enigma2/3.12+git/build=/usr/src/debug/enigma2/3.12+git  -fdebug-prefix-map=/home/pli/builds/openpli-scarthgap-build-1-30-2025/openpli-oe-core/build/tmp/work/osmio4k-oe-linux-gnueabi/enigma2/3.12+git/build=/usr/src/debug/enigma2/3.12+git  -fdebug-prefix-map=/home/pli/builds/openpli-scarthgap-build-1-30-2025/openpli-oe-core/build/tmp/work/osmio4k-oe-linux-gnueabi/enigma2/3.12+git/recipe-sysroot=  -fmacro-prefix-map=/home/pli/builds/openpli-scarthgap-build-1-30-2025/openpli-oe-core/build/tmp/work/osmio4k-oe-linux-gnueabi/enigma2/3.12+git/recipe-sysroot=  -fdebug-prefix-map=/home/pli/builds/openpli-scarthgap-build-1-30-2025/openpli-oe-core/build/tmp/work/osmio4k-oe-linux-gnueabi/enigma2/3.12+git/recipe-sysroot-native=  -fvisibility-inlines-hidden -Wattribute-alias -Wattribute-alias=1 -Wall -Wextra -Werror 	-Wformat=2 -Wformat-overflow=2 -Wformat-nonliteral -Wformat-security 	-Wimplicit-fallthrough=5 -Wduplicated-branches -Wtrampolines 	-Wdangling-else -Wshift-overflow=2 -Wswitch 	-Wunused-but-set-parameter -Wunused-const-variable=1 -Wuninitialized 	-Wstringop-overflow=3 -Woverlength-strings 	-Wunsafe-loop-optimizations -Wpointer-arith 	-Wfloat-equal -Wlogical-op 	-Wno-error=cast-align=strict -Wno-error=ignored-qualifiers 	-Wno-error=cast-function-type -Wno-error=deprecated-declarations 	-Wno-error=stringop-truncation -Wno-error=shadow -Wno-error=cast-qual 	-Wno-error=aggregate-return -Wno-error=missing-field-initializers 	-Wno-error=packed -Wno-error=vla -Wno-error=clobbered -Wno-error=unused-parameter 	-I/home/pli/builds/openpli-scarthgap-build-1-30-2025/openpli-oe-core/build/tmp/work/osmio4k-oe-linux-gnueabi/enigma2/3.12+git/recipe-sysroot/usr/include/freetype2 -I/home/pli/builds/openpli-scarthgap-build-1-30-2025/openpli-oe-core/build/tmp/work/osmio4k-oe-linux-gnueabi/enigma2/3.12+git/recipe-sysroot/usr/include/fribidi -I/home/pli/builds/openpli-scarthgap-build-1-30-2025/openpli-oe-core/build/tmp/work/osmio4k-oe-linux-gnueabi/enigma2/3.12+git/recipe-sysroot/usr/include/glib-2.0 -I/home/pli/builds/openpli-scarthgap-build-1-30-2025/openpli-oe-core/build/tmp/work/osmio4k-oe-linux-gnueabi/enigma2/3.12+git/recipe-sysroot/usr/lib/glib-2.0/include -I/home/pli/builds/openpli-scarthgap-build-1-30-2025/openpli-oe-core/build/tmp/work/osmio4k-oe-linux-gnueabi/enigma2/3.12+git/recipe-sysroot/usr/include/libpng16 -I/home/pli/builds/openpli-scarthgap-build-1-30-2025/openpli-oe-core/build/tmp/work/osmio4k-oe-linux-gnueabi/enigma2/3.12+git/recipe-sysroot/usr/include/libxml2 -I/home/pli/builds/openpli-scarthgap-build-1-30-2025/openpli-oe-core/build/tmp/work/osmio4k-oe-linux-gnueabi/enigma2/3.12+git/recipe-sysroot/usr/include/sigc++-3.0 -I/home/pli/builds/openpli-scarthgap-build-1-30-2025/openpli-oe-core/build/tmp/work/osmio4k-oe-linux-gnueabi/enigma2/3.12+git/recipe-sysroot/usr/lib/sigc++-3.0/include -fno-rtti -fno-exceptions -rdynamic -funwind-tables  -fopenmp  -MT dvb/decoder.o -MD -MP -MF $depbase.Tpo -c -o dvb/decoder.o ../../git/lib/dvb/decoder.cpp &&\
mv -f $depbase.Tpo $depbase.Po

../../git/lib/dvb_ci/dvbci.h:269: Warning 325: Nested struct not currently supported (Message ignored)

../../git/lib/base/message.h:123: Warning 401: Nothing known about base class 'eMessagePumpMT'. Ignored.

../../git/lib/base/message.h:123: Warning 401: Nothing known about base class 'sigc::trackable'. Ignored.

../../git/lib/driver/rc.h:186: Warning 401: Nothing known about base class 'sigc::trackable'. Ignored.

../../git/lib/gui/ewidgetdesktop.h:31: Warning 401: Nothing known about base class 'sigc::trackable'. Ignored.

../../git/lib/gui/esubtitle.h:43: Warning 401: Nothing known about base class 'sigc::trackable'. Ignored.

../../git/lib/nav/pcore.h:9: Warning 401: Nothing known about base class 'sigc::trackable'. Ignored.

../../git/lib/dvb/sec.h:307: Warning 402: Base class 'iDVBSatelliteEquipmentControl' is incomplete.

../../git/lib/dvb/idvb.h:475: Warning 402: Only forward declaration 'iDVBSatelliteEquipmentControl' was found.

../../git/lib/dvb/epgcache.h:103: Warning 401: Nothing known about base class 'sigc::trackable'. Ignored.

../../git/lib/dvb/dvbtime.h:67: Warning 401: Nothing known about base class 'sigc::trackable'. Ignored.

../../git/lib/dvb/pmt.h:25: Warning 401: Nothing known about base class 'LongCrcSection'. Ignored.

../../git/lib/dvb/pmt.h:44: Warning 401: Nothing known about base class 'eDVBPMTParser'. Ignored.

../../git/lib/dvb/fastscan.h:224: Warning 401: Nothing known about base class 'sigc::trackable'. Ignored.

../../git/lib/dvb/cablescan.h:12: Warning 401: Nothing known about base class 'sigc::trackable'. Ignored.

../../git/lib/components/scan.h:9: Warning 401: Nothing known about base class 'sigc::trackable'. Ignored.

../../git/lib/components/file_eraser.h:8: Warning 401: Nothing known about base class 'sigc::trackable'. Ignored.

../../git/lib/components/tuxtxtapp.h:11: Warning 401: Nothing known about base class 'sigc::trackable'. Ignored.

../../git/lib/driver/avswitch.h:9: Warning 401: Nothing known about base class 'sigc::trackable'. Ignored.

../../git/lib/driver/hdmi_cec.h:42: Warning 402: Base class 'eRCDriver' is incomplete.

../../git/lib/driver/rc.h:14: Warning 402: Only forward declaration 'eRCDriver' was found.

../../git/lib/mmi/mmi_ui.h:22: Warning 401: Nothing known about base class 'sigc::trackable'. Ignored.

../../git/lib/dvb/db.h:108: Warning 401: Nothing known about base class 'iDVBChannelList'. Ignored.

../../git/lib/python/pythonconfig.h:7: Warning 401: Nothing known about base class 'eConfigManager'. Ignored.

../../git/lib/gdi/picload.h:51: Warning 401: Nothing known about base class 'eThread'. Ignored.

../../git/lib/gdi/picload.h:51: Warning 401: Nothing known about base class 'sigc::trackable'. Ignored.

../../git/lib/dvb/fcc.h:30: Warning 401: Nothing known about base class 'sigc::trackable'. Ignored.

../../git/lib/dvb/streamserver.h:50: Warning 401: Nothing known about base class 'eServerSocket'. Ignored.

../../git/lib/base/ebase.h:26: Warning 454: Setting a pointer/reference variable may leak memory.

../../git/lib/base/smartptr.h:64: Warning 503: Can't wrap 'operator eComponentData*' unless renamed to a valid identifier.

../../git/lib/base/smartptr.h:64: Warning 503: Can't wrap 'operator eGenreData*' unless renamed to a valid identifier.

../../git/lib/base/smartptr.h:64: Warning 503: Can't wrap 'operator eParentalData*' unless renamed to a valid identifier.

../../git/lib/base/smartptr.h:64: Warning 503: Can't wrap 'operator eServiceEvent*' unless renamed to a valid identifier.

../../git/lib/service/event.h:121: Warning 509: Overloaded method eServiceEvent::getGenreData() const effectively ignored,

../../git/lib/service/event.h:120: Warning 509: as it is shadowed by eServiceEvent::getGenreData(ePtr< eGenreData > &) const.

../../git/lib/service/event.h:123: Warning 509: Overloaded method eServiceEvent::getParentalData() const effectively ignored,

../../git/lib/service/event.h:122: Warning 509: as it is shadowed by eServiceEvent::getParentalData(ePtr< eParentalData > &) const.

depbase=`echo dvb/demux.o | sed 's|[^/]*$|.deps/&|;s|\.o$||'`;\
arm-oe-linux-gnueabi-g++  -march=armv7ve -mfpu=neon-vfpv4 -mfloat-abi=hard -D_TIME_BITS=64 -D_FILE_OFFSET_BITS=64 --sysroot=/home/pli/builds/openpli-scarthgap-build-1-30-2025/openpli-oe-core/build/tmp/work/osmio4k-oe-linux-gnueabi/enigma2/3.12+git/recipe-sysroot -std=gnu++17 -DHAVE_CONFIG_H -I. -I../../git/lib -I..  -I.. -I../../git -I../../git/include -DPY_SSIZE_T_CLEAN -include Python.h -include ../enigma2_config.h -I/home/pli/builds/openpli-scarthgap-build-1-30-2025/openpli-oe-core/build/tmp/work/osmio4k-oe-linux-gnueabi/enigma2/3.12+git/recipe-sysroot/usr/include/python3.12  -Os -pipe -g -feliminate-unused-debug-types -fcanon-prefix-map  -fmacro-prefix-map=/home/pli/builds/openpli-scarthgap-build-1-30-2025/openpli-oe-core/build/tmp/work/osmio4k-oe-linux-gnueabi/enigma2/3.12+git/git=/usr/src/debug/enigma2/3.12+git  -fdebug-prefix-map=/home/pli/builds/openpli-scarthgap-build-1-30-2025/openpli-oe-core/build/tmp/work/osmio4k-oe-linux-gnueabi/enigma2/3.12+git/git=/usr/src/debug/enigma2/3.12+git  -fmacro-prefix-map=/home/pli/builds/openpli-scarthgap-build-1-30-2025/openpli-oe-core/build/tmp/work/osmio4k-oe-linux-gnueabi/enigma2/3.12+git/build=/usr/src/debug/enigma2/3.12+git  -fdebug-prefix-map=/home/pli/builds/openpli-scarthgap-build-1-30-2025/openpli-oe-core/build/tmp/work/osmio4k-oe-linux-gnueabi/enigma2/3.12+git/build=/usr/src/debug/enigma2/3.12+git  -fdebug-prefix-map=/home/pli/builds/openpli-scarthgap-build-1-30-2025/openpli-oe-core/build/tmp/work/osmio4k-oe-linux-gnueabi/enigma2/3.12+git/recipe-sysroot=  -fmacro-prefix-map=/home/pli/builds/openpli-scarthgap-build-1-30-2025/openpli-oe-core/build/tmp/work/osmio4k-oe-linux-gnueabi/enigma2/3.12+git/recipe-sysroot=  -fdebug-prefix-map=/home/pli/builds/openpli-scarthgap-build-1-30-2025/openpli-oe-core/build/tmp/work/osmio4k-oe-linux-gnueabi/enigma2/3.12+git/recipe-sysroot-native=  -fvisibility-inlines-hidden -Wattribute-alias -Wattribute-alias=1 -Wall -Wextra -Werror 	-Wformat=2 -Wformat-overflow=2 -Wformat-nonliteral -Wformat-security 	-Wimplicit-fallthrough=5 -Wduplicated-branches -Wtrampolines 	-Wdangling-else -Wshift-overflow=2 -Wswitch 	-Wunused-but-set-parameter -Wunused-const-variable=1 -Wuninitialized 	-Wstringop-overflow=3 -Woverlength-strings 	-Wunsafe-loop-optimizations -Wpointer-arith 	-Wfloat-equal -Wlogical-op 	-Wno-error=cast-align=strict -Wno-error=ignored-qualifiers 	-Wno-error=cast-function-type -Wno-error=deprecated-declarations 	-Wno-error=stringop-truncation -Wno-error=shadow -Wno-error=cast-qual 	-Wno-error=aggregate-return -Wno-error=missing-field-initializers 	-Wno-error=packed -Wno-error=vla -Wno-error=clobbered -Wno-error=unused-parameter 	-I/home/pli/builds/openpli-scarthgap-build-1-30-2025/openpli-oe-core/build/tmp/work/osmio4k-oe-linux-gnueabi/enigma2/3.12+git/recipe-sysroot/usr/include/freetype2 -I/home/pli/builds/openpli-scarthgap-build-1-30-2025/openpli-oe-core/build/tmp/work/osmio4k-oe-linux-gnueabi/enigma2/3.12+git/recipe-sysroot/usr/include/fribidi -I/home/pli/builds/openpli-scarthgap-build-1-30-2025/openpli-oe-core/build/tmp/work/osmio4k-oe-linux-gnueabi/enigma2/3.12+git/recipe-sysroot/usr/include/glib-2.0 -I/home/pli/builds/openpli-scarthgap-build-1-30-2025/openpli-oe-core/build/tmp/work/osmio4k-oe-linux-gnueabi/enigma2/3.12+git/recipe-sysroot/usr/lib/glib-2.0/include -I/home/pli/builds/openpli-scarthgap-build-1-30-2025/openpli-oe-core/build/tmp/work/osmio4k-oe-linux-gnueabi/enigma2/3.12+git/recipe-sysroot/usr/include/libpng16 -I/home/pli/builds/openpli-scarthgap-build-1-30-2025/openpli-oe-core/build/tmp/work/osmio4k-oe-linux-gnueabi/enigma2/3.12+git/recipe-sysroot/usr/include/libxml2 -I/home/pli/builds/openpli-scarthgap-build-1-30-2025/openpli-oe-core/build/tmp/work/osmio4k-oe-linux-gnueabi/enigma2/3.12+git/recipe-sysroot/usr/include/sigc++-3.0 -I/home/pli/builds/openpli-scarthgap-build-1-30-2025/openpli-oe-core/build/tmp/work/osmio4k-oe-linux-gnueabi/enigma2/3.12+git/recipe-sysroot/usr/lib/sigc++-3.0/include -fno-rtti -fno-exceptions -rdynamic -funwind-tables  -fopenmp  -MT dvb/demux.o -MD -MP -MF $depbase.Tpo -c -o dvb/demux.o ../../git/lib/dvb/demux.cpp &&\
mv -f $depbase.Tpo $depbase.Po

depbase=`echo dvb/dvb.o | sed 's|[^/]*$|.deps/&|;s|\.o$||'`;\
arm-oe-linux-gnueabi-g++  -march=armv7ve -mfpu=neon-vfpv4 -mfloat-abi=hard -D_TIME_BITS=64 -D_FILE_OFFSET_BITS=64 --sysroot=/home/pli/builds/openpli-scarthgap-build-1-30-2025/openpli-oe-core/build/tmp/work/osmio4k-oe-linux-gnueabi/enigma2/3.12+git/recipe-sysroot -std=gnu++17 -DHAVE_CONFIG_H -I. -I../../git/lib -I..  -I.. -I../../git -I../../git/include -DPY_SSIZE_T_CLEAN -include Python.h -include ../enigma2_config.h -I/home/pli/builds/openpli-scarthgap-build-1-30-2025/openpli-oe-core/build/tmp/work/osmio4k-oe-linux-gnueabi/enigma2/3.12+git/recipe-sysroot/usr/include/python3.12  -Os -pipe -g -feliminate-unused-debug-types -fcanon-prefix-map  -fmacro-prefix-map=/home/pli/builds/openpli-scarthgap-build-1-30-2025/openpli-oe-core/build/tmp/work/osmio4k-oe-linux-gnueabi/enigma2/3.12+git/git=/usr/src/debug/enigma2/3.12+git  -fdebug-prefix-map=/home/pli/builds/openpli-scarthgap-build-1-30-2025/openpli-oe-core/build/tmp/work/osmio4k-oe-linux-gnueabi/enigma2/3.12+git/git=/usr/src/debug/enigma2/3.12+git  -fmacro-prefix-map=/home/pli/builds/openpli-scarthgap-build-1-30-2025/openpli-oe-core/build/tmp/work/osmio4k-oe-linux-gnueabi/enigma2/3.12+git/build=/usr/src/debug/enigma2/3.12+git  -fdebug-prefix-map=/home/pli/builds/openpli-scarthgap-build-1-30-2025/openpli-oe-core/build/tmp/work/osmio4k-oe-linux-gnueabi/enigma2/3.12+git/build=/usr/src/debug/enigma2/3.12+git  -fdebug-prefix-map=/home/pli/builds/openpli-scarthgap-build-1-30-2025/openpli-oe-core/build/tmp/work/osmio4k-oe-linux-gnueabi/enigma2/3.12+git/recipe-sysroot=  -fmacro-prefix-map=/home/pli/builds/openpli-scarthgap-build-1-30-2025/openpli-oe-core/build/tmp/work/osmio4k-oe-linux-gnueabi/enigma2/3.12+git/recipe-sysroot=  -fdebug-prefix-map=/home/pli/builds/openpli-scarthgap-build-1-30-2025/openpli-oe-core/build/tmp/work/osmio4k-oe-linux-gnueabi/enigma2/3.12+git/recipe-sysroot-native=  -fvisibility-inlines-hidden -Wattribute-alias -Wattribute-alias=1 -Wall -Wextra -Werror 	-Wformat=2 -Wformat-overflow=2 -Wformat-nonliteral -Wformat-security 	-Wimplicit-fallthrough=5 -Wduplicated-branches -Wtrampolines 	-Wdangling-else -Wshift-overflow=2 -Wswitch 	-Wunused-but-set-parameter -Wunused-const-variable=1 -Wuninitialized 	-Wstringop-overflow=3 -Woverlength-strings 	-Wunsafe-loop-optimizations -Wpointer-arith 	-Wfloat-equal -Wlogical-op 	-Wno-error=cast-align=strict -Wno-error=ignored-qualifiers 	-Wno-error=cast-function-type -Wno-error=deprecated-declarations 	-Wno-error=stringop-truncation -Wno-error=shadow -Wno-error=cast-qual 	-Wno-error=aggregate-return -Wno-error=missing-field-initializers 	-Wno-error=packed -Wno-error=vla -Wno-error=clobbered -Wno-error=unused-parameter 	-I/home/pli/builds/openpli-scarthgap-build-1-30-2025/openpli-oe-core/build/tmp/work/osmio4k-oe-linux-gnueabi/enigma2/3.12+git/recipe-sysroot/usr/include/freetype2 -I/home/pli/builds/openpli-scarthgap-build-1-30-2025/openpli-oe-core/build/tmp/work/osmio4k-oe-linux-gnueabi/enigma2/3.12+git/recipe-sysroot/usr/include/fribidi -I/home/pli/builds/openpli-scarthgap-build-1-30-2025/openpli-oe-core/build/tmp/work/osmio4k-oe-linux-gnueabi/enigma2/3.12+git/recipe-sysroot/usr/include/glib-2.0 -I/home/pli/builds/openpli-scarthgap-build-1-30-2025/openpli-oe-core/build/tmp/work/osmio4k-oe-linux-gnueabi/enigma2/3.12+git/recipe-sysroot/usr/lib/glib-2.0/include -I/home/pli/builds/openpli-scarthgap-build-1-30-2025/openpli-oe-core/build/tmp/work/osmio4k-oe-linux-gnueabi/enigma2/3.12+git/recipe-sysroot/usr/include/libpng16 -I/home/pli/builds/openpli-scarthgap-build-1-30-2025/openpli-oe-core/build/tmp/work/osmio4k-oe-linux-gnueabi/enigma2/3.12+git/recipe-sysroot/usr/include/libxml2 -I/home/pli/builds/openpli-scarthgap-build-1-30-2025/openpli-oe-core/build/tmp/work/osmio4k-oe-linux-gnueabi/enigma2/3.12+git/recipe-sysroot/usr/include/sigc++-3.0 -I/home/pli/builds/openpli-scarthgap-build-1-30-2025/openpli-oe-core/build/tmp/work/osmio4k-oe-linux-gnueabi/enigma2/3.12+git/recipe-sysroot/usr/lib/sigc++-3.0/include -fno-rtti -fno-exceptions -rdynamic -funwind-tables  -fopenmp  -MT dvb/dvb.o -MD -MP -MF $depbase.Tpo -c -o dvb/dvb.o ../../git/lib/dvb/dvb.cpp &&\
mv -f $depbase.Tpo $depbase.Po

../../git/lib/base/smartptr.h:64: Warning 503: Can't wrap 'operator iStaticServiceInformation*' unless renamed to a valid identifier.

../../git/lib/base/smartptr.h:64: Warning 503: Can't wrap 'operator iServiceInformation*' unless renamed to a valid identifier.

../../git/lib/base/smartptr.h:64: Warning 503: Can't wrap 'operator iFrontendInformation*' unless renamed to a valid identifier.

../../git/lib/base/smartptr.h:64: Warning 503: Can't wrap 'operator iPauseableService*' unless renamed to a valid identifier.

../../git/lib/base/smartptr.h:64: Warning 503: Can't wrap 'operator iSeekableService*' unless renamed to a valid identifier.

../../git/lib/base/smartptr.h:64: Warning 503: Can't wrap 'operator iAudioTrackSelection*' unless renamed to a valid identifier.

../../git/lib/base/smartptr.h:64: Warning 503: Can't wrap 'operator iAudioChannelSelection*' unless renamed to a valid identifier.

../../git/lib/base/smartptr.h:64: Warning 503: Can't wrap 'operator iAudioDelay*' unless renamed to a valid identifier.

../../git/lib/base/smartptr.h:64: Warning 503: Can't wrap 'operator iRdsDecoder*' unless renamed to a valid identifier.

depbase=`echo dvb/dvbtime.o | sed 's|[^/]*$|.deps/&|;s|\.o$||'`;\
arm-oe-linux-gnueabi-g++  -march=armv7ve -mfpu=neon-vfpv4 -mfloat-abi=hard -D_TIME_BITS=64 -D_FILE_OFFSET_BITS=64 --sysroot=/home/pli/builds/openpli-scarthgap-build-1-30-2025/openpli-oe-core/build/tmp/work/osmio4k-oe-linux-gnueabi/enigma2/3.12+git/recipe-sysroot -std=gnu++17 -DHAVE_CONFIG_H -I. -I../../git/lib -I..  -I.. -I../../git -I../../git/include -DPY_SSIZE_T_CLEAN -include Python.h -include ../enigma2_config.h -I/home/pli/builds/openpli-scarthgap-build-1-30-2025/openpli-oe-core/build/tmp/work/osmio4k-oe-linux-gnueabi/enigma2/3.12+git/recipe-sysroot/usr/include/python3.12  -Os -pipe -g -feliminate-unused-debug-types -fcanon-prefix-map  -fmacro-prefix-map=/home/pli/builds/openpli-scarthgap-build-1-30-2025/openpli-oe-core/build/tmp/work/osmio4k-oe-linux-gnueabi/enigma2/3.12+git/git=/usr/src/debug/enigma2/3.12+git  -fdebug-prefix-map=/home/pli/builds/openpli-scarthgap-build-1-30-2025/openpli-oe-core/build/tmp/work/osmio4k-oe-linux-gnueabi/enigma2/3.12+git/git=/usr/src/debug/enigma2/3.12+git  -fmacro-prefix-map=/home/pli/builds/openpli-scarthgap-build-1-30-2025/openpli-oe-core/build/tmp/work/osmio4k-oe-linux-gnueabi/enigma2/3.12+git/build=/usr/src/debug/enigma2/3.12+git  -fdebug-prefix-map=/home/pli/builds/openpli-scarthgap-build-1-30-2025/openpli-oe-core/build/tmp/work/osmio4k-oe-linux-gnueabi/enigma2/3.12+git/build=/usr/src/debug/enigma2/3.12+git  -fdebug-prefix-map=/home/pli/builds/openpli-scarthgap-build-1-30-2025/openpli-oe-core/build/tmp/work/osmio4k-oe-linux-gnueabi/enigma2/3.12+git/recipe-sysroot=  -fmacro-prefix-map=/home/pli/builds/openpli-scarthgap-build-1-30-2025/openpli-oe-core/build/tmp/work/osmio4k-oe-linux-gnueabi/enigma2/3.12+git/recipe-sysroot=  -fdebug-prefix-map=/home/pli/builds/openpli-scarthgap-build-1-30-2025/openpli-oe-core/build/tmp/work/osmio4k-oe-linux-gnueabi/enigma2/3.12+git/recipe-sysroot-native=  -fvisibility-inlines-hidden -Wattribute-alias -Wattribute-alias=1 -Wall -Wextra -Werror 	-Wformat=2 -Wformat-overflow=2 -Wformat-nonliteral -Wformat-security 	-Wimplicit-fallthrough=5 -Wduplicated-branches -Wtrampolines 	-Wdangling-else -Wshift-overflow=2 -Wswitch 	-Wunused-but-set-parameter -Wunused-const-variable=1 -Wuninitialized 	-Wstringop-overflow=3 -Woverlength-strings 	-Wunsafe-loop-optimizations -Wpointer-arith 	-Wfloat-equal -Wlogical-op 	-Wno-error=cast-align=strict -Wno-error=ignored-qualifiers 	-Wno-error=cast-function-type -Wno-error=deprecated-declarations 	-Wno-error=stringop-truncation -Wno-error=shadow -Wno-error=cast-qual 	-Wno-error=aggregate-return -Wno-error=missing-field-initializers 	-Wno-error=packed -Wno-error=vla -Wno-error=clobbered -Wno-error=unused-parameter 	-I/home/pli/builds/openpli-scarthgap-build-1-30-2025/openpli-oe-core/build/tmp/work/osmio4k-oe-linux-gnueabi/enigma2/3.12+git/recipe-sysroot/usr/include/freetype2 -I/home/pli/builds/openpli-scarthgap-build-1-30-2025/openpli-oe-core/build/tmp/work/osmio4k-oe-linux-gnueabi/enigma2/3.12+git/recipe-sysroot/usr/include/fribidi -I/home/pli/builds/openpli-scarthgap-build-1-30-2025/openpli-oe-core/build/tmp/work/osmio4k-oe-linux-gnueabi/enigma2/3.12+git/recipe-sysroot/usr/include/glib-2.0 -I/home/pli/builds/openpli-scarthgap-build-1-30-2025/openpli-oe-core/build/tmp/work/osmio4k-oe-linux-gnueabi/enigma2/3.12+git/recipe-sysroot/usr/lib/glib-2.0/include -I/home/pli/builds/openpli-scarthgap-build-1-30-2025/openpli-oe-core/build/tmp/work/osmio4k-oe-linux-gnueabi/enigma2/3.12+git/recipe-sysroot/usr/include/libpng16 -I/home/pli/builds/openpli-scarthgap-build-1-30-2025/openpli-oe-core/build/tmp/work/osmio4k-oe-linux-gnueabi/enigma2/3.12+git/recipe-sysroot/usr/include/libxml2 -I/home/pli/builds/openpli-scarthgap-build-1-30-2025/openpli-oe-core/build/tmp/work/osmio4k-oe-linux-gnueabi/enigma2/3.12+git/recipe-sysroot/usr/include/sigc++-3.0 -I/home/pli/builds/openpli-scarthgap-build-1-30-2025/openpli-oe-core/build/tmp/work/osmio4k-oe-linux-gnueabi/enigma2/3.12+git/recipe-sysroot/usr/lib/sigc++-3.0/include -fno-rtti -fno-exceptions -rdynamic -funwind-tables  -fopenmp  -MT dvb/dvbtime.o -MD -MP -MF $depbase.Tpo -c -o dvb/dvbtime.o ../../git/lib/dvb/dvbtime.cpp &&\
mv -f $depbase.Tpo $depbase.Po

../../git/lib/base/smartptr.h:64: Warning 503: Can't wrap 'operator iSubserviceList*' unless renamed to a valid identifier.

../../git/lib/base/httpstream.cpp: In member function 'virtual ssize_t eHttpStream::read(off_t, void*, size_t)':
../../git/lib/base/httpstream.cpp:376:33: warning: unused parameter 'offset' [-Wunused-parameter]
  376 | ssize_t eHttpStream::read(off_t offset, void *buf, size_t count)
      |                           ~~~~~~^~~~~~

../../git/lib/base/smartptr.h:64: Warning 503: Can't wrap 'operator iTimeshiftService*' unless renamed to a valid identifier.

../../git/lib/base/e2avahi.cpp: In function 'void avahi_group_callback(AvahiEntryGroup*, AvahiEntryGroupState, void*)':
../../git/lib/base/e2avahi.cpp:118:51: warning: unused parameter 'group' [-Wunused-parameter]
  118 | static void avahi_group_callback(AvahiEntryGroup *group,
      |                                  ~~~~~~~~~~~~~~~~~^~~~~

../../git/lib/base/e2avahi.cpp:119:38: warning: unused parameter 'state' [-Wunused-parameter]
  119 |                 AvahiEntryGroupState state, void *d)
      |                 ~~~~~~~~~~~~~~~~~~~~~^~~~~

../../git/lib/base/e2avahi.cpp:119:51: warning: unused parameter 'd' [-Wunused-parameter]
  119 |                 AvahiEntryGroupState state, void *d)
      |                                             ~~~~~~^

../../git/lib/base/e2avahi.cpp: In function 'void avahi_resolver_callback(AvahiServiceResolver*, AvahiIfIndex, AvahiProtocol, AvahiResolverEvent, const char*, const char*, const char*, const char*, const AvahiAddress*, uint16_t, AvahiStringList*, AvahiLookupResultFlags, void*)':
../../git/lib/base/e2avahi.cpp:172:30: warning: unused parameter 'iface' [-Wunused-parameter]
  172 |                 AvahiIfIndex iface, AvahiProtocol proto,
      |                 ~~~~~~~~~~~~~^~~~~

../../git/lib/base/e2avahi.cpp:172:51: warning: unused parameter 'proto' [-Wunused-parameter]
  172 |                 AvahiIfIndex iface, AvahiProtocol proto,
      |                                     ~~~~~~~~~~~~~~^~~~~

../../git/lib/base/e2avahi.cpp:174:47: warning: unused parameter 'domain' [-Wunused-parameter]
  174 |                 const char *type, const char *domain,
      |                                   ~~~~~~~~~~~~^~~~~~

../../git/lib/base/e2avahi.cpp:175:60: warning: unused parameter 'address' [-Wunused-parameter]
  175 |                 const char *host_name, const AvahiAddress *address,
      |                                        ~~~~~~~~~~~~~~~~~~~~^~~~~~~

../../git/lib/base/e2avahi.cpp:176:49: warning: unused parameter 'txt' [-Wunused-parameter]
  176 |                 uint16_t port, AvahiStringList *txt,
      |                                ~~~~~~~~~~~~~~~~~^~~

../../git/lib/base/e2avahi.cpp: In function 'void avahi_browser_callback(AvahiServiceBrowser*, AvahiIfIndex, AvahiProtocol, AvahiBrowserEvent, const char*, const char*, const char*, AvahiLookupResultFlags, void*)':
../../git/lib/base/e2avahi.cpp:201:40: warning: unused parameter 'flags' [-Wunused-parameter]
  201 |                 AvahiLookupResultFlags flags, void *d)
      |                 ~~~~~~~~~~~~~~~~~~~~~~~^~~~~

../../git/lib/base/e2avahi.cpp: In function 'void avahi_client_callback(AvahiClient*, AvahiClientState, void*)':
../../git/lib/base/e2avahi.cpp:289:86: warning: unused parameter 'd' [-Wunused-parameter]
  289 | static void avahi_client_callback(AvahiClient *client, AvahiClientState state, void *d)
      |                                                                                ~~~~~~^

../../git/lib/base/smartptr.h:64: Warning 503: Can't wrap 'operator iTapService*' unless renamed to a valid identifier.

../../git/lib/base/smartptr.h:64: Warning 503: Can't wrap 'operator iCueSheet*' unless renamed to a valid identifier.

../../git/lib/base/smartptr.h:64: Warning 503: Can't wrap 'operator iSubtitleOutput*' unless renamed to a valid identifier.

In file included from ../../git/lib/service/service.h:6,
                 from ../../git/lib/dvb/idvb.h:12,
                 from ../../git/lib/dvb/dvb.h:8,
                 from ../../git/lib/components/scan.cpp:1:
../../git/lib/service/iservice.h: In member function 'virtual void iServiceInformation::getAITApplications(std::map<int, std::__cxx11::basic_string<char> >&)':
../../git/lib/service/iservice.h:439:69: warning: unused parameter 'aitlist' [-Wunused-parameter]
  439 |         virtual void getAITApplications(std::map<int, std::string> &aitlist) {};
      |                                         ~~~~~~~~~~~~~~~~~~~~~~~~~~~~^~~~~~~

../../git/lib/base/smartptr.h:64: Warning 503: Can't wrap 'operator iMutableServiceList*' unless renamed to a valid identifier.

In file included from ../../git/lib/service/service.h:6,
                 from ../../git/lib/dvb/idvb.h:12,
                 from ../../git/lib/dvb/db.h:5,
                 from ../../git/lib/dvb/cablescan.cpp:9:
../../git/lib/service/iservice.h: In member function 'virtual void iServiceInformation::getAITApplications(std::map<int, std::__cxx11::basic_string<char> >&)':
../../git/lib/service/iservice.h:439:69: warning: unused parameter 'aitlist' [-Wunused-parameter]
  439 |         virtual void getAITApplications(std::map<int, std::string> &aitlist) {};
      |                                         ~~~~~~~~~~~~~~~~~~~~~~~~~~~~^~~~~~~

../../git/lib/base/smartptr.h:64: Warning 503: Can't wrap 'operator iListableService*' unless renamed to a valid identifier.

depbase=`echo dvb/eit.o | sed 's|[^/]*$|.deps/&|;s|\.o$||'`;\
arm-oe-linux-gnueabi-g++  -march=armv7ve -mfpu=neon-vfpv4 -mfloat-abi=hard -D_TIME_BITS=64 -D_FILE_OFFSET_BITS=64 --sysroot=/home/pli/builds/openpli-scarthgap-build-1-30-2025/openpli-oe-core/build/tmp/work/osmio4k-oe-linux-gnueabi/enigma2/3.12+git/recipe-sysroot -std=gnu++17 -DHAVE_CONFIG_H -I. -I../../git/lib -I..  -I.. -I../../git -I../../git/include -DPY_SSIZE_T_CLEAN -include Python.h -include ../enigma2_config.h -I/home/pli/builds/openpli-scarthgap-build-1-30-2025/openpli-oe-core/build/tmp/work/osmio4k-oe-linux-gnueabi/enigma2/3.12+git/recipe-sysroot/usr/include/python3.12  -Os -pipe -g -feliminate-unused-debug-types -fcanon-prefix-map  -fmacro-prefix-map=/home/pli/builds/openpli-scarthgap-build-1-30-2025/openpli-oe-core/build/tmp/work/osmio4k-oe-linux-gnueabi/enigma2/3.12+git/git=/usr/src/debug/enigma2/3.12+git  -fdebug-prefix-map=/home/pli/builds/openpli-scarthgap-build-1-30-2025/openpli-oe-core/build/tmp/work/osmio4k-oe-linux-gnueabi/enigma2/3.12+git/git=/usr/src/debug/enigma2/3.12+git  -fmacro-prefix-map=/home/pli/builds/openpli-scarthgap-build-1-30-2025/openpli-oe-core/build/tmp/work/osmio4k-oe-linux-gnueabi/enigma2/3.12+git/build=/usr/src/debug/enigma2/3.12+git  -fdebug-prefix-map=/home/pli/builds/openpli-scarthgap-build-1-30-2025/openpli-oe-core/build/tmp/work/osmio4k-oe-linux-gnueabi/enigma2/3.12+git/build=/usr/src/debug/enigma2/3.12+git  -fdebug-prefix-map=/home/pli/builds/openpli-scarthgap-build-1-30-2025/openpli-oe-core/build/tmp/work/osmio4k-oe-linux-gnueabi/enigma2/3.12+git/recipe-sysroot=  -fmacro-prefix-map=/home/pli/builds/openpli-scarthgap-build-1-30-2025/openpli-oe-core/build/tmp/work/osmio4k-oe-linux-gnueabi/enigma2/3.12+git/recipe-sysroot=  -fdebug-prefix-map=/home/pli/builds/openpli-scarthgap-build-1-30-2025/openpli-oe-core/build/tmp/work/osmio4k-oe-linux-gnueabi/enigma2/3.12+git/recipe-sysroot-native=  -fvisibility-inlines-hidden -Wattribute-alias -Wattribute-alias=1 -Wall -Wextra -Werror 	-Wformat=2 -Wformat-overflow=2 -Wformat-nonliteral -Wformat-security 	-Wimplicit-fallthrough=5 -Wduplicated-branches -Wtrampolines 	-Wdangling-else -Wshift-overflow=2 -Wswitch 	-Wunused-but-set-parameter -Wunused-const-variable=1 -Wuninitialized 	-Wstringop-overflow=3 -Woverlength-strings 	-Wunsafe-loop-optimizations -Wpointer-arith 	-Wfloat-equal -Wlogical-op 	-Wno-error=cast-align=strict -Wno-error=ignored-qualifiers 	-Wno-error=cast-function-type -Wno-error=deprecated-declarations 	-Wno-error=stringop-truncation -Wno-error=shadow -Wno-error=cast-qual 	-Wno-error=aggregate-return -Wno-error=missing-field-initializers 	-Wno-error=packed -Wno-error=vla -Wno-error=clobbered -Wno-error=unused-parameter 	-I/home/pli/builds/openpli-scarthgap-build-1-30-2025/openpli-oe-core/build/tmp/work/osmio4k-oe-linux-gnueabi/enigma2/3.12+git/recipe-sysroot/usr/include/freetype2 -I/home/pli/builds/openpli-scarthgap-build-1-30-2025/openpli-oe-core/build/tmp/work/osmio4k-oe-linux-gnueabi/enigma2/3.12+git/recipe-sysroot/usr/include/fribidi -I/home/pli/builds/openpli-scarthgap-build-1-30-2025/openpli-oe-core/build/tmp/work/osmio4k-oe-linux-gnueabi/enigma2/3.12+git/recipe-sysroot/usr/include/glib-2.0 -I/home/pli/builds/openpli-scarthgap-build-1-30-2025/openpli-oe-core/build/tmp/work/osmio4k-oe-linux-gnueabi/enigma2/3.12+git/recipe-sysroot/usr/lib/glib-2.0/include -I/home/pli/builds/openpli-scarthgap-build-1-30-2025/openpli-oe-core/build/tmp/work/osmio4k-oe-linux-gnueabi/enigma2/3.12+git/recipe-sysroot/usr/include/libpng16 -I/home/pli/builds/openpli-scarthgap-build-1-30-2025/openpli-oe-core/build/tmp/work/osmio4k-oe-linux-gnueabi/enigma2/3.12+git/recipe-sysroot/usr/include/libxml2 -I/home/pli/builds/openpli-scarthgap-build-1-30-2025/openpli-oe-core/build/tmp/work/osmio4k-oe-linux-gnueabi/enigma2/3.12+git/recipe-sysroot/usr/include/sigc++-3.0 -I/home/pli/builds/openpli-scarthgap-build-1-30-2025/openpli-oe-core/build/tmp/work/osmio4k-oe-linux-gnueabi/enigma2/3.12+git/recipe-sysroot/usr/lib/sigc++-3.0/include -fno-rtti -fno-exceptions -rdynamic -funwind-tables  -fopenmp  -MT dvb/eit.o -MD -MP -MF $depbase.Tpo -c -o dvb/eit.o ../../git/lib/dvb/eit.cpp &&\
mv -f $depbase.Tpo $depbase.Po

../../git/lib/base/smartptr.h:64: Warning 503: Can't wrap 'operator iServiceOfflineOperations*' unless renamed to a valid identifier.

depbase=`echo dvb/epgcache.o | sed 's|[^/]*$|.deps/&|;s|\.o$||'`;\
arm-oe-linux-gnueabi-g++  -march=armv7ve -mfpu=neon-vfpv4 -mfloat-abi=hard -D_TIME_BITS=64 -D_FILE_OFFSET_BITS=64 --sysroot=/home/pli/builds/openpli-scarthgap-build-1-30-2025/openpli-oe-core/build/tmp/work/osmio4k-oe-linux-gnueabi/enigma2/3.12+git/recipe-sysroot -std=gnu++17 -DHAVE_CONFIG_H -I. -I../../git/lib -I..  -I.. -I../../git -I../../git/include -DPY_SSIZE_T_CLEAN -include Python.h -include ../enigma2_config.h -I/home/pli/builds/openpli-scarthgap-build-1-30-2025/openpli-oe-core/build/tmp/work/osmio4k-oe-linux-gnueabi/enigma2/3.12+git/recipe-sysroot/usr/include/python3.12  -Os -pipe -g -feliminate-unused-debug-types -fcanon-prefix-map  -fmacro-prefix-map=/home/pli/builds/openpli-scarthgap-build-1-30-2025/openpli-oe-core/build/tmp/work/osmio4k-oe-linux-gnueabi/enigma2/3.12+git/git=/usr/src/debug/enigma2/3.12+git  -fdebug-prefix-map=/home/pli/builds/openpli-scarthgap-build-1-30-2025/openpli-oe-core/build/tmp/work/osmio4k-oe-linux-gnueabi/enigma2/3.12+git/git=/usr/src/debug/enigma2/3.12+git  -fmacro-prefix-map=/home/pli/builds/openpli-scarthgap-build-1-30-2025/openpli-oe-core/build/tmp/work/osmio4k-oe-linux-gnueabi/enigma2/3.12+git/build=/usr/src/debug/enigma2/3.12+git  -fdebug-prefix-map=/home/pli/builds/openpli-scarthgap-build-1-30-2025/openpli-oe-core/build/tmp/work/osmio4k-oe-linux-gnueabi/enigma2/3.12+git/build=/usr/src/debug/enigma2/3.12+git  -fdebug-prefix-map=/home/pli/builds/openpli-scarthgap-build-1-30-2025/openpli-oe-core/build/tmp/work/osmio4k-oe-linux-gnueabi/enigma2/3.12+git/recipe-sysroot=  -fmacro-prefix-map=/home/pli/builds/openpli-scarthgap-build-1-30-2025/openpli-oe-core/build/tmp/work/osmio4k-oe-linux-gnueabi/enigma2/3.12+git/recipe-sysroot=  -fdebug-prefix-map=/home/pli/builds/openpli-scarthgap-build-1-30-2025/openpli-oe-core/build/tmp/work/osmio4k-oe-linux-gnueabi/enigma2/3.12+git/recipe-sysroot-native=  -fvisibility-inlines-hidden -Wattribute-alias -Wattribute-alias=1 -Wall -Wextra -Werror 	-Wformat=2 -Wformat-overflow=2 -Wformat-nonliteral -Wformat-security 	-Wimplicit-fallthrough=5 -Wduplicated-branches -Wtrampolines 	-Wdangling-else -Wshift-overflow=2 -Wswitch 	-Wunused-but-set-parameter -Wunused-const-variable=1 -Wuninitialized 	-Wstringop-overflow=3 -Woverlength-strings 	-Wunsafe-loop-optimizations -Wpointer-arith 	-Wfloat-equal -Wlogical-op 	-Wno-error=cast-align=strict -Wno-error=ignored-qualifiers 	-Wno-error=cast-function-type -Wno-error=deprecated-declarations 	-Wno-error=stringop-truncation -Wno-error=shadow -Wno-error=cast-qual 	-Wno-error=aggregate-return -Wno-error=missing-field-initializers 	-Wno-error=packed -Wno-error=vla -Wno-error=clobbered -Wno-error=unused-parameter 	-I/home/pli/builds/openpli-scarthgap-build-1-30-2025/openpli-oe-core/build/tmp/work/osmio4k-oe-linux-gnueabi/enigma2/3.12+git/recipe-sysroot/usr/include/freetype2 -I/home/pli/builds/openpli-scarthgap-build-1-30-2025/openpli-oe-core/build/tmp/work/osmio4k-oe-linux-gnueabi/enigma2/3.12+git/recipe-sysroot/usr/include/fribidi -I/home/pli/builds/openpli-scarthgap-build-1-30-2025/openpli-oe-core/build/tmp/work/osmio4k-oe-linux-gnueabi/enigma2/3.12+git/recipe-sysroot/usr/include/glib-2.0 -I/home/pli/builds/openpli-scarthgap-build-1-30-2025/openpli-oe-core/build/tmp/work/osmio4k-oe-linux-gnueabi/enigma2/3.12+git/recipe-sysroot/usr/lib/glib-2.0/include -I/home/pli/builds/openpli-scarthgap-build-1-30-2025/openpli-oe-core/build/tmp/work/osmio4k-oe-linux-gnueabi/enigma2/3.12+git/recipe-sysroot/usr/include/libpng16 -I/home/pli/builds/openpli-scarthgap-build-1-30-2025/openpli-oe-core/build/tmp/work/osmio4k-oe-linux-gnueabi/enigma2/3.12+git/recipe-sysroot/usr/include/libxml2 -I/home/pli/builds/openpli-scarthgap-build-1-30-2025/openpli-oe-core/build/tmp/work/osmio4k-oe-linux-gnueabi/enigma2/3.12+git/recipe-sysroot/usr/include/sigc++-3.0 -I/home/pli/builds/openpli-scarthgap-build-1-30-2025/openpli-oe-core/build/tmp/work/osmio4k-oe-linux-gnueabi/enigma2/3.12+git/recipe-sysroot/usr/lib/sigc++-3.0/include -fno-rtti -fno-exceptions -rdynamic -funwind-tables  -fopenmp  -MT dvb/epgcache.o -MD -MP -MF $depbase.Tpo -c -o dvb/epgcache.o ../../git/lib/dvb/epgcache.cpp &&\
mv -f $depbase.Tpo $depbase.Po

../../git/lib/base/smartptr.h:64: Warning 503: Can't wrap 'operator iStreamableService*' unless renamed to a valid identifier.

In file included from ../../git/lib/components/tuxtxtapp.cpp:4:
../../git/lib/driver/rc.h: In member function 'virtual void eRCDevice::setExclusive(bool)':
../../git/lib/driver/rc.h:58:40: warning: unused parameter 'b' [-Wunused-parameter]
   58 |         virtual void setExclusive(bool b) { };
      |                                   ~~~~~^

In file included from ../../git/lib/service/service.h:6,
                 from ../../git/lib/dvb/idvb.h:12,
                 from ../../git/lib/dvb/db.h:5,
                 from ../../git/lib/dvb/cahandler.cpp:8:
../../git/lib/service/iservice.h: In member function 'virtual void iServiceInformation::getAITApplications(std::map<int, std::__cxx11::basic_string<char> >&)':
../../git/lib/service/iservice.h:439:69: warning: unused parameter 'aitlist' [-Wunused-parameter]
  439 |         virtual void getAITApplications(std::map<int, std::string> &aitlist) {};
      |                                         ~~~~~~~~~~~~~~~~~~~~~~~~~~~~^~~~~~~

../../git/lib/base/smartptr.h:64: Warning 503: Can't wrap 'operator iStreamedService*' unless renamed to a valid identifier.

In file included from ../../git/lib/components/file_eraser.h:5,
                 from ../../git/lib/components/file_eraser.cpp:1:
../../git/lib/base/message.h: In instantiation of 'eFixedMessagePump<T>::eFixedMessagePump(eMainloop*, int) [with T = eBackgroundFileEraser::Message]':
../../git/lib/components/file_eraser.cpp:16:2:   required from here
../../git/lib/base/message.h:108:51: warning: unused parameter 'mt' [-Wunused-parameter]
  108 |         eFixedMessagePump(eMainloop *context, int mt):
      |                                               ~~~~^~

depbase=`echo dvb/epgchanneldata.o | sed 's|[^/]*$|.deps/&|;s|\.o$||'`;\
arm-oe-linux-gnueabi-g++  -march=armv7ve -mfpu=neon-vfpv4 -mfloat-abi=hard -D_TIME_BITS=64 -D_FILE_OFFSET_BITS=64 --sysroot=/home/pli/builds/openpli-scarthgap-build-1-30-2025/openpli-oe-core/build/tmp/work/osmio4k-oe-linux-gnueabi/enigma2/3.12+git/recipe-sysroot -std=gnu++17 -DHAVE_CONFIG_H -I. -I../../git/lib -I..  -I.. -I../../git -I../../git/include -DPY_SSIZE_T_CLEAN -include Python.h -include ../enigma2_config.h -I/home/pli/builds/openpli-scarthgap-build-1-30-2025/openpli-oe-core/build/tmp/work/osmio4k-oe-linux-gnueabi/enigma2/3.12+git/recipe-sysroot/usr/include/python3.12  -Os -pipe -g -feliminate-unused-debug-types -fcanon-prefix-map  -fmacro-prefix-map=/home/pli/builds/openpli-scarthgap-build-1-30-2025/openpli-oe-core/build/tmp/work/osmio4k-oe-linux-gnueabi/enigma2/3.12+git/git=/usr/src/debug/enigma2/3.12+git  -fdebug-prefix-map=/home/pli/builds/openpli-scarthgap-build-1-30-2025/openpli-oe-core/build/tmp/work/osmio4k-oe-linux-gnueabi/enigma2/3.12+git/git=/usr/src/debug/enigma2/3.12+git  -fmacro-prefix-map=/home/pli/builds/openpli-scarthgap-build-1-30-2025/openpli-oe-core/build/tmp/work/osmio4k-oe-linux-gnueabi/enigma2/3.12+git/build=/usr/src/debug/enigma2/3.12+git  -fdebug-prefix-map=/home/pli/builds/openpli-scarthgap-build-1-30-2025/openpli-oe-core/build/tmp/work/osmio4k-oe-linux-gnueabi/enigma2/3.12+git/build=/usr/src/debug/enigma2/3.12+git  -fdebug-prefix-map=/home/pli/builds/openpli-scarthgap-build-1-30-2025/openpli-oe-core/build/tmp/work/osmio4k-oe-linux-gnueabi/enigma2/3.12+git/recipe-sysroot=  -fmacro-prefix-map=/home/pli/builds/openpli-scarthgap-build-1-30-2025/openpli-oe-core/build/tmp/work/osmio4k-oe-linux-gnueabi/enigma2/3.12+git/recipe-sysroot=  -fdebug-prefix-map=/home/pli/builds/openpli-scarthgap-build-1-30-2025/openpli-oe-core/build/tmp/work/osmio4k-oe-linux-gnueabi/enigma2/3.12+git/recipe-sysroot-native=  -fvisibility-inlines-hidden -Wattribute-alias -Wattribute-alias=1 -Wall -Wextra -Werror 	-Wformat=2 -Wformat-overflow=2 -Wformat-nonliteral -Wformat-security 	-Wimplicit-fallthrough=5 -Wduplicated-branches -Wtrampolines 	-Wdangling-else -Wshift-overflow=2 -Wswitch 	-Wunused-but-set-parameter -Wunused-const-variable=1 -Wuninitialized 	-Wstringop-overflow=3 -Woverlength-strings 	-Wunsafe-loop-optimizations -Wpointer-arith 	-Wfloat-equal -Wlogical-op 	-Wno-error=cast-align=strict -Wno-error=ignored-qualifiers 	-Wno-error=cast-function-type -Wno-error=deprecated-declarations 	-Wno-error=stringop-truncation -Wno-error=shadow -Wno-error=cast-qual 	-Wno-error=aggregate-return -Wno-error=missing-field-initializers 	-Wno-error=packed -Wno-error=vla -Wno-error=clobbered -Wno-error=unused-parameter 	-I/home/pli/builds/openpli-scarthgap-build-1-30-2025/openpli-oe-core/build/tmp/work/osmio4k-oe-linux-gnueabi/enigma2/3.12+git/recipe-sysroot/usr/include/freetype2 -I/home/pli/builds/openpli-scarthgap-build-1-30-2025/openpli-oe-core/build/tmp/work/osmio4k-oe-linux-gnueabi/enigma2/3.12+git/recipe-sysroot/usr/include/fribidi -I/home/pli/builds/openpli-scarthgap-build-1-30-2025/openpli-oe-core/build/tmp/work/osmio4k-oe-linux-gnueabi/enigma2/3.12+git/recipe-sysroot/usr/include/glib-2.0 -I/home/pli/builds/openpli-scarthgap-build-1-30-2025/openpli-oe-core/build/tmp/work/osmio4k-oe-linux-gnueabi/enigma2/3.12+git/recipe-sysroot/usr/lib/glib-2.0/include -I/home/pli/builds/openpli-scarthgap-build-1-30-2025/openpli-oe-core/build/tmp/work/osmio4k-oe-linux-gnueabi/enigma2/3.12+git/recipe-sysroot/usr/include/libpng16 -I/home/pli/builds/openpli-scarthgap-build-1-30-2025/openpli-oe-core/build/tmp/work/osmio4k-oe-linux-gnueabi/enigma2/3.12+git/recipe-sysroot/usr/include/libxml2 -I/home/pli/builds/openpli-scarthgap-build-1-30-2025/openpli-oe-core/build/tmp/work/osmio4k-oe-linux-gnueabi/enigma2/3.12+git/recipe-sysroot/usr/include/sigc++-3.0 -I/home/pli/builds/openpli-scarthgap-build-1-30-2025/openpli-oe-core/build/tmp/work/osmio4k-oe-linux-gnueabi/enigma2/3.12+git/recipe-sysroot/usr/lib/sigc++-3.0/include -fno-rtti -fno-exceptions -rdynamic -funwind-tables  -fopenmp  -MT dvb/epgchanneldata.o -MD -MP -MF $depbase.Tpo -c -o dvb/epgchanneldata.o ../../git/lib/dvb/epgchanneldata.cpp &&\
mv -f $depbase.Tpo $depbase.Po

../../git/lib/base/smartptr.h:64: Warning 503: Can't wrap 'operator iServiceKeys*' unless renamed to a valid identifier.

../../git/lib/base/smartptr.h:64: Warning 503: Can't wrap 'operator iPlayableService*' unless renamed to a valid identifier.

depbase=`echo dvb/epgtransponderdatareader.o | sed 's|[^/]*$|.deps/&|;s|\.o$||'`;\
arm-oe-linux-gnueabi-g++  -march=armv7ve -mfpu=neon-vfpv4 -mfloat-abi=hard -D_TIME_BITS=64 -D_FILE_OFFSET_BITS=64 --sysroot=/home/pli/builds/openpli-scarthgap-build-1-30-2025/openpli-oe-core/build/tmp/work/osmio4k-oe-linux-gnueabi/enigma2/3.12+git/recipe-sysroot -std=gnu++17 -DHAVE_CONFIG_H -I. -I../../git/lib -I..  -I.. -I../../git -I../../git/include -DPY_SSIZE_T_CLEAN -include Python.h -include ../enigma2_config.h -I/home/pli/builds/openpli-scarthgap-build-1-30-2025/openpli-oe-core/build/tmp/work/osmio4k-oe-linux-gnueabi/enigma2/3.12+git/recipe-sysroot/usr/include/python3.12  -Os -pipe -g -feliminate-unused-debug-types -fcanon-prefix-map  -fmacro-prefix-map=/home/pli/builds/openpli-scarthgap-build-1-30-2025/openpli-oe-core/build/tmp/work/osmio4k-oe-linux-gnueabi/enigma2/3.12+git/git=/usr/src/debug/enigma2/3.12+git  -fdebug-prefix-map=/home/pli/builds/openpli-scarthgap-build-1-30-2025/openpli-oe-core/build/tmp/work/osmio4k-oe-linux-gnueabi/enigma2/3.12+git/git=/usr/src/debug/enigma2/3.12+git  -fmacro-prefix-map=/home/pli/builds/openpli-scarthgap-build-1-30-2025/openpli-oe-core/build/tmp/work/osmio4k-oe-linux-gnueabi/enigma2/3.12+git/build=/usr/src/debug/enigma2/3.12+git  -fdebug-prefix-map=/home/pli/builds/openpli-scarthgap-build-1-30-2025/openpli-oe-core/build/tmp/work/osmio4k-oe-linux-gnueabi/enigma2/3.12+git/build=/usr/src/debug/enigma2/3.12+git  -fdebug-prefix-map=/home/pli/builds/openpli-scarthgap-build-1-30-2025/openpli-oe-core/build/tmp/work/osmio4k-oe-linux-gnueabi/enigma2/3.12+git/recipe-sysroot=  -fmacro-prefix-map=/home/pli/builds/openpli-scarthgap-build-1-30-2025/openpli-oe-core/build/tmp/work/osmio4k-oe-linux-gnueabi/enigma2/3.12+git/recipe-sysroot=  -fdebug-prefix-map=/home/pli/builds/openpli-scarthgap-build-1-30-2025/openpli-oe-core/build/tmp/work/osmio4k-oe-linux-gnueabi/enigma2/3.12+git/recipe-sysroot-native=  -fvisibility-inlines-hidden -Wattribute-alias -Wattribute-alias=1 -Wall -Wextra -Werror 	-Wformat=2 -Wformat-overflow=2 -Wformat-nonliteral -Wformat-security 	-Wimplicit-fallthrough=5 -Wduplicated-branches -Wtrampolines 	-Wdangling-else -Wshift-overflow=2 -Wswitch 	-Wunused-but-set-parameter -Wunused-const-variable=1 -Wuninitialized 	-Wstringop-overflow=3 -Woverlength-strings 	-Wunsafe-loop-optimizations -Wpointer-arith 	-Wfloat-equal -Wlogical-op 	-Wno-error=cast-align=strict -Wno-error=ignored-qualifiers 	-Wno-error=cast-function-type -Wno-error=deprecated-declarations 	-Wno-error=stringop-truncation -Wno-error=shadow -Wno-error=cast-qual 	-Wno-error=aggregate-return -Wno-error=missing-field-initializers 	-Wno-error=packed -Wno-error=vla -Wno-error=clobbered -Wno-error=unused-parameter 	-I/home/pli/builds/openpli-scarthgap-build-1-30-2025/openpli-oe-core/build/tmp/work/osmio4k-oe-linux-gnueabi/enigma2/3.12+git/recipe-sysroot/usr/include/freetype2 -I/home/pli/builds/openpli-scarthgap-build-1-30-2025/openpli-oe-core/build/tmp/work/osmio4k-oe-linux-gnueabi/enigma2/3.12+git/recipe-sysroot/usr/include/fribidi -I/home/pli/builds/openpli-scarthgap-build-1-30-2025/openpli-oe-core/build/tmp/work/osmio4k-oe-linux-gnueabi/enigma2/3.12+git/recipe-sysroot/usr/include/glib-2.0 -I/home/pli/builds/openpli-scarthgap-build-1-30-2025/openpli-oe-core/build/tmp/work/osmio4k-oe-linux-gnueabi/enigma2/3.12+git/recipe-sysroot/usr/lib/glib-2.0/include -I/home/pli/builds/openpli-scarthgap-build-1-30-2025/openpli-oe-core/build/tmp/work/osmio4k-oe-linux-gnueabi/enigma2/3.12+git/recipe-sysroot/usr/include/libpng16 -I/home/pli/builds/openpli-scarthgap-build-1-30-2025/openpli-oe-core/build/tmp/work/osmio4k-oe-linux-gnueabi/enigma2/3.12+git/recipe-sysroot/usr/include/libxml2 -I/home/pli/builds/openpli-scarthgap-build-1-30-2025/openpli-oe-core/build/tmp/work/osmio4k-oe-linux-gnueabi/enigma2/3.12+git/recipe-sysroot/usr/include/sigc++-3.0 -I/home/pli/builds/openpli-scarthgap-build-1-30-2025/openpli-oe-core/build/tmp/work/osmio4k-oe-linux-gnueabi/enigma2/3.12+git/recipe-sysroot/usr/lib/sigc++-3.0/include -fno-rtti -fno-exceptions -rdynamic -funwind-tables  -fopenmp  -MT dvb/epgtransponderdatareader.o -MD -MP -MF $depbase.Tpo -c -o dvb/epgtransponderdatareader.o ../../git/lib/dvb/epgtransponderdatareader.cpp &&\
mv -f $depbase.Tpo $depbase.Po

depbase=`echo dvb/esection.o | sed 's|[^/]*$|.deps/&|;s|\.o$||'`;\
arm-oe-linux-gnueabi-g++  -march=armv7ve -mfpu=neon-vfpv4 -mfloat-abi=hard -D_TIME_BITS=64 -D_FILE_OFFSET_BITS=64 --sysroot=/home/pli/builds/openpli-scarthgap-build-1-30-2025/openpli-oe-core/build/tmp/work/osmio4k-oe-linux-gnueabi/enigma2/3.12+git/recipe-sysroot -std=gnu++17 -DHAVE_CONFIG_H -I. -I../../git/lib -I..  -I.. -I../../git -I../../git/include -DPY_SSIZE_T_CLEAN -include Python.h -include ../enigma2_config.h -I/home/pli/builds/openpli-scarthgap-build-1-30-2025/openpli-oe-core/build/tmp/work/osmio4k-oe-linux-gnueabi/enigma2/3.12+git/recipe-sysroot/usr/include/python3.12  -Os -pipe -g -feliminate-unused-debug-types -fcanon-prefix-map  -fmacro-prefix-map=/home/pli/builds/openpli-scarthgap-build-1-30-2025/openpli-oe-core/build/tmp/work/osmio4k-oe-linux-gnueabi/enigma2/3.12+git/git=/usr/src/debug/enigma2/3.12+git  -fdebug-prefix-map=/home/pli/builds/openpli-scarthgap-build-1-30-2025/openpli-oe-core/build/tmp/work/osmio4k-oe-linux-gnueabi/enigma2/3.12+git/git=/usr/src/debug/enigma2/3.12+git  -fmacro-prefix-map=/home/pli/builds/openpli-scarthgap-build-1-30-2025/openpli-oe-core/build/tmp/work/osmio4k-oe-linux-gnueabi/enigma2/3.12+git/build=/usr/src/debug/enigma2/3.12+git  -fdebug-prefix-map=/home/pli/builds/openpli-scarthgap-build-1-30-2025/openpli-oe-core/build/tmp/work/osmio4k-oe-linux-gnueabi/enigma2/3.12+git/build=/usr/src/debug/enigma2/3.12+git  -fdebug-prefix-map=/home/pli/builds/openpli-scarthgap-build-1-30-2025/openpli-oe-core/build/tmp/work/osmio4k-oe-linux-gnueabi/enigma2/3.12+git/recipe-sysroot=  -fmacro-prefix-map=/home/pli/builds/openpli-scarthgap-build-1-30-2025/openpli-oe-core/build/tmp/work/osmio4k-oe-linux-gnueabi/enigma2/3.12+git/recipe-sysroot=  -fdebug-prefix-map=/home/pli/builds/openpli-scarthgap-build-1-30-2025/openpli-oe-core/build/tmp/work/osmio4k-oe-linux-gnueabi/enigma2/3.12+git/recipe-sysroot-native=  -fvisibility-inlines-hidden -Wattribute-alias -Wattribute-alias=1 -Wall -Wextra -Werror 	-Wformat=2 -Wformat-overflow=2 -Wformat-nonliteral -Wformat-security 	-Wimplicit-fallthrough=5 -Wduplicated-branches -Wtrampolines 	-Wdangling-else -Wshift-overflow=2 -Wswitch 	-Wunused-but-set-parameter -Wunused-const-variable=1 -Wuninitialized 	-Wstringop-overflow=3 -Woverlength-strings 	-Wunsafe-loop-optimizations -Wpointer-arith 	-Wfloat-equal -Wlogical-op 	-Wno-error=cast-align=strict -Wno-error=ignored-qualifiers 	-Wno-error=cast-function-type -Wno-error=deprecated-declarations 	-Wno-error=stringop-truncation -Wno-error=shadow -Wno-error=cast-qual 	-Wno-error=aggregate-return -Wno-error=missing-field-initializers 	-Wno-error=packed -Wno-error=vla -Wno-error=clobbered -Wno-error=unused-parameter 	-I/home/pli/builds/openpli-scarthgap-build-1-30-2025/openpli-oe-core/build/tmp/work/osmio4k-oe-linux-gnueabi/enigma2/3.12+git/recipe-sysroot/usr/include/freetype2 -I/home/pli/builds/openpli-scarthgap-build-1-30-2025/openpli-oe-core/build/tmp/work/osmio4k-oe-linux-gnueabi/enigma2/3.12+git/recipe-sysroot/usr/include/fribidi -I/home/pli/builds/openpli-scarthgap-build-1-30-2025/openpli-oe-core/build/tmp/work/osmio4k-oe-linux-gnueabi/enigma2/3.12+git/recipe-sysroot/usr/include/glib-2.0 -I/home/pli/builds/openpli-scarthgap-build-1-30-2025/openpli-oe-core/build/tmp/work/osmio4k-oe-linux-gnueabi/enigma2/3.12+git/recipe-sysroot/usr/lib/glib-2.0/include -I/home/pli/builds/openpli-scarthgap-build-1-30-2025/openpli-oe-core/build/tmp/work/osmio4k-oe-linux-gnueabi/enigma2/3.12+git/recipe-sysroot/usr/include/libpng16 -I/home/pli/builds/openpli-scarthgap-build-1-30-2025/openpli-oe-core/build/tmp/work/osmio4k-oe-linux-gnueabi/enigma2/3.12+git/recipe-sysroot/usr/include/libxml2 -I/home/pli/builds/openpli-scarthgap-build-1-30-2025/openpli-oe-core/build/tmp/work/osmio4k-oe-linux-gnueabi/enigma2/3.12+git/recipe-sysroot/usr/include/sigc++-3.0 -I/home/pli/builds/openpli-scarthgap-build-1-30-2025/openpli-oe-core/build/tmp/work/osmio4k-oe-linux-gnueabi/enigma2/3.12+git/recipe-sysroot/usr/lib/sigc++-3.0/include -fno-rtti -fno-exceptions -rdynamic -funwind-tables  -fopenmp  -MT dvb/esection.o -MD -MP -MF $depbase.Tpo -c -o dvb/esection.o ../../git/lib/dvb/esection.cpp &&\
mv -f $depbase.Tpo $depbase.Po

depbase=`echo dvb/fastscan.o | sed 's|[^/]*$|.deps/&|;s|\.o$||'`;\
arm-oe-linux-gnueabi-g++  -march=armv7ve -mfpu=neon-vfpv4 -mfloat-abi=hard -D_TIME_BITS=64 -D_FILE_OFFSET_BITS=64 --sysroot=/home/pli/builds/openpli-scarthgap-build-1-30-2025/openpli-oe-core/build/tmp/work/osmio4k-oe-linux-gnueabi/enigma2/3.12+git/recipe-sysroot -std=gnu++17 -DHAVE_CONFIG_H -I. -I../../git/lib -I..  -I.. -I../../git -I../../git/include -DPY_SSIZE_T_CLEAN -include Python.h -include ../enigma2_config.h -I/home/pli/builds/openpli-scarthgap-build-1-30-2025/openpli-oe-core/build/tmp/work/osmio4k-oe-linux-gnueabi/enigma2/3.12+git/recipe-sysroot/usr/include/python3.12  -Os -pipe -g -feliminate-unused-debug-types -fcanon-prefix-map  -fmacro-prefix-map=/home/pli/builds/openpli-scarthgap-build-1-30-2025/openpli-oe-core/build/tmp/work/osmio4k-oe-linux-gnueabi/enigma2/3.12+git/git=/usr/src/debug/enigma2/3.12+git  -fdebug-prefix-map=/home/pli/builds/openpli-scarthgap-build-1-30-2025/openpli-oe-core/build/tmp/work/osmio4k-oe-linux-gnueabi/enigma2/3.12+git/git=/usr/src/debug/enigma2/3.12+git  -fmacro-prefix-map=/home/pli/builds/openpli-scarthgap-build-1-30-2025/openpli-oe-core/build/tmp/work/osmio4k-oe-linux-gnueabi/enigma2/3.12+git/build=/usr/src/debug/enigma2/3.12+git  -fdebug-prefix-map=/home/pli/builds/openpli-scarthgap-build-1-30-2025/openpli-oe-core/build/tmp/work/osmio4k-oe-linux-gnueabi/enigma2/3.12+git/build=/usr/src/debug/enigma2/3.12+git  -fdebug-prefix-map=/home/pli/builds/openpli-scarthgap-build-1-30-2025/openpli-oe-core/build/tmp/work/osmio4k-oe-linux-gnueabi/enigma2/3.12+git/recipe-sysroot=  -fmacro-prefix-map=/home/pli/builds/openpli-scarthgap-build-1-30-2025/openpli-oe-core/build/tmp/work/osmio4k-oe-linux-gnueabi/enigma2/3.12+git/recipe-sysroot=  -fdebug-prefix-map=/home/pli/builds/openpli-scarthgap-build-1-30-2025/openpli-oe-core/build/tmp/work/osmio4k-oe-linux-gnueabi/enigma2/3.12+git/recipe-sysroot-native=  -fvisibility-inlines-hidden -Wattribute-alias -Wattribute-alias=1 -Wall -Wextra -Werror 	-Wformat=2 -Wformat-overflow=2 -Wformat-nonliteral -Wformat-security 	-Wimplicit-fallthrough=5 -Wduplicated-branches -Wtrampolines 	-Wdangling-else -Wshift-overflow=2 -Wswitch 	-Wunused-but-set-parameter -Wunused-const-variable=1 -Wuninitialized 	-Wstringop-overflow=3 -Woverlength-strings 	-Wunsafe-loop-optimizations -Wpointer-arith 	-Wfloat-equal -Wlogical-op 	-Wno-error=cast-align=strict -Wno-error=ignored-qualifiers 	-Wno-error=cast-function-type -Wno-error=deprecated-declarations 	-Wno-error=stringop-truncation -Wno-error=shadow -Wno-error=cast-qual 	-Wno-error=aggregate-return -Wno-error=missing-field-initializers 	-Wno-error=packed -Wno-error=vla -Wno-error=clobbered -Wno-error=unused-parameter 	-I/home/pli/builds/openpli-scarthgap-build-1-30-2025/openpli-oe-core/build/tmp/work/osmio4k-oe-linux-gnueabi/enigma2/3.12+git/recipe-sysroot/usr/include/freetype2 -I/home/pli/builds/openpli-scarthgap-build-1-30-2025/openpli-oe-core/build/tmp/work/osmio4k-oe-linux-gnueabi/enigma2/3.12+git/recipe-sysroot/usr/include/fribidi -I/home/pli/builds/openpli-scarthgap-build-1-30-2025/openpli-oe-core/build/tmp/work/osmio4k-oe-linux-gnueabi/enigma2/3.12+git/recipe-sysroot/usr/include/glib-2.0 -I/home/pli/builds/openpli-scarthgap-build-1-30-2025/openpli-oe-core/build/tmp/work/osmio4k-oe-linux-gnueabi/enigma2/3.12+git/recipe-sysroot/usr/lib/glib-2.0/include -I/home/pli/builds/openpli-scarthgap-build-1-30-2025/openpli-oe-core/build/tmp/work/osmio4k-oe-linux-gnueabi/enigma2/3.12+git/recipe-sysroot/usr/include/libpng16 -I/home/pli/builds/openpli-scarthgap-build-1-30-2025/openpli-oe-core/build/tmp/work/osmio4k-oe-linux-gnueabi/enigma2/3.12+git/recipe-sysroot/usr/include/libxml2 -I/home/pli/builds/openpli-scarthgap-build-1-30-2025/openpli-oe-core/build/tmp/work/osmio4k-oe-linux-gnueabi/enigma2/3.12+git/recipe-sysroot/usr/include/sigc++-3.0 -I/home/pli/builds/openpli-scarthgap-build-1-30-2025/openpli-oe-core/build/tmp/work/osmio4k-oe-linux-gnueabi/enigma2/3.12+git/recipe-sysroot/usr/lib/sigc++-3.0/include -fno-rtti -fno-exceptions -rdynamic -funwind-tables  -fopenmp  -MT dvb/fastscan.o -MD -MP -MF $depbase.Tpo -c -o dvb/fastscan.o ../../git/lib/dvb/fastscan.cpp &&\
mv -f $depbase.Tpo $depbase.Po

../../git/lib/base/smartptr.h:64: Warning 503: Can't wrap 'operator iRecordableService*' unless renamed to a valid identifier.

In file included from ../../git/lib/actions/action.h:5,
                 from ../../git/lib/actions/action.cpp:1:
../../git/lib/gui/ewidget.h: In member function 'void eWidget::setPositionNotifyChild(int)':
../../git/lib/gui/ewidget.h:151:41: warning: unused parameter 'n' [-Wunused-parameter]
  151 |         void setPositionNotifyChild(int n) { m_notify_child_on_position_change = 1; }
      |                                     ~~~~^

depbase=`echo dvb/filepush.o | sed 's|[^/]*$|.deps/&|;s|\.o$||'`;\
arm-oe-linux-gnueabi-g++  -march=armv7ve -mfpu=neon-vfpv4 -mfloat-abi=hard -D_TIME_BITS=64 -D_FILE_OFFSET_BITS=64 --sysroot=/home/pli/builds/openpli-scarthgap-build-1-30-2025/openpli-oe-core/build/tmp/work/osmio4k-oe-linux-gnueabi/enigma2/3.12+git/recipe-sysroot -std=gnu++17 -DHAVE_CONFIG_H -I. -I../../git/lib -I..  -I.. -I../../git -I../../git/include -DPY_SSIZE_T_CLEAN -include Python.h -include ../enigma2_config.h -I/home/pli/builds/openpli-scarthgap-build-1-30-2025/openpli-oe-core/build/tmp/work/osmio4k-oe-linux-gnueabi/enigma2/3.12+git/recipe-sysroot/usr/include/python3.12  -Os -pipe -g -feliminate-unused-debug-types -fcanon-prefix-map  -fmacro-prefix-map=/home/pli/builds/openpli-scarthgap-build-1-30-2025/openpli-oe-core/build/tmp/work/osmio4k-oe-linux-gnueabi/enigma2/3.12+git/git=/usr/src/debug/enigma2/3.12+git  -fdebug-prefix-map=/home/pli/builds/openpli-scarthgap-build-1-30-2025/openpli-oe-core/build/tmp/work/osmio4k-oe-linux-gnueabi/enigma2/3.12+git/git=/usr/src/debug/enigma2/3.12+git  -fmacro-prefix-map=/home/pli/builds/openpli-scarthgap-build-1-30-2025/openpli-oe-core/build/tmp/work/osmio4k-oe-linux-gnueabi/enigma2/3.12+git/build=/usr/src/debug/enigma2/3.12+git  -fdebug-prefix-map=/home/pli/builds/openpli-scarthgap-build-1-30-2025/openpli-oe-core/build/tmp/work/osmio4k-oe-linux-gnueabi/enigma2/3.12+git/build=/usr/src/debug/enigma2/3.12+git  -fdebug-prefix-map=/home/pli/builds/openpli-scarthgap-build-1-30-2025/openpli-oe-core/build/tmp/work/osmio4k-oe-linux-gnueabi/enigma2/3.12+git/recipe-sysroot=  -fmacro-prefix-map=/home/pli/builds/openpli-scarthgap-build-1-30-2025/openpli-oe-core/build/tmp/work/osmio4k-oe-linux-gnueabi/enigma2/3.12+git/recipe-sysroot=  -fdebug-prefix-map=/home/pli/builds/openpli-scarthgap-build-1-30-2025/openpli-oe-core/build/tmp/work/osmio4k-oe-linux-gnueabi/enigma2/3.12+git/recipe-sysroot-native=  -fvisibility-inlines-hidden -Wattribute-alias -Wattribute-alias=1 -Wall -Wextra -Werror 	-Wformat=2 -Wformat-overflow=2 -Wformat-nonliteral -Wformat-security 	-Wimplicit-fallthrough=5 -Wduplicated-branches -Wtrampolines 	-Wdangling-else -Wshift-overflow=2 -Wswitch 	-Wunused-but-set-parameter -Wunused-const-variable=1 -Wuninitialized 	-Wstringop-overflow=3 -Woverlength-strings 	-Wunsafe-loop-optimizations -Wpointer-arith 	-Wfloat-equal -Wlogical-op 	-Wno-error=cast-align=strict -Wno-error=ignored-qualifiers 	-Wno-error=cast-function-type -Wno-error=deprecated-declarations 	-Wno-error=stringop-truncation -Wno-error=shadow -Wno-error=cast-qual 	-Wno-error=aggregate-return -Wno-error=missing-field-initializers 	-Wno-error=packed -Wno-error=vla -Wno-error=clobbered -Wno-error=unused-parameter 	-I/home/pli/builds/openpli-scarthgap-build-1-30-2025/openpli-oe-core/build/tmp/work/osmio4k-oe-linux-gnueabi/enigma2/3.12+git/recipe-sysroot/usr/include/freetype2 -I/home/pli/builds/openpli-scarthgap-build-1-30-2025/openpli-oe-core/build/tmp/work/osmio4k-oe-linux-gnueabi/enigma2/3.12+git/recipe-sysroot/usr/include/fribidi -I/home/pli/builds/openpli-scarthgap-build-1-30-2025/openpli-oe-core/build/tmp/work/osmio4k-oe-linux-gnueabi/enigma2/3.12+git/recipe-sysroot/usr/include/glib-2.0 -I/home/pli/builds/openpli-scarthgap-build-1-30-2025/openpli-oe-core/build/tmp/work/osmio4k-oe-linux-gnueabi/enigma2/3.12+git/recipe-sysroot/usr/lib/glib-2.0/include -I/home/pli/builds/openpli-scarthgap-build-1-30-2025/openpli-oe-core/build/tmp/work/osmio4k-oe-linux-gnueabi/enigma2/3.12+git/recipe-sysroot/usr/include/libpng16 -I/home/pli/builds/openpli-scarthgap-build-1-30-2025/openpli-oe-core/build/tmp/work/osmio4k-oe-linux-gnueabi/enigma2/3.12+git/recipe-sysroot/usr/include/libxml2 -I/home/pli/builds/openpli-scarthgap-build-1-30-2025/openpli-oe-core/build/tmp/work/osmio4k-oe-linux-gnueabi/enigma2/3.12+git/recipe-sysroot/usr/include/sigc++-3.0 -I/home/pli/builds/openpli-scarthgap-build-1-30-2025/openpli-oe-core/build/tmp/work/osmio4k-oe-linux-gnueabi/enigma2/3.12+git/recipe-sysroot/usr/lib/sigc++-3.0/include -fno-rtti -fno-exceptions -rdynamic -funwind-tables  -fopenmp  -MT dvb/filepush.o -MD -MP -MF $depbase.Tpo -c -o dvb/filepush.o ../../git/lib/dvb/filepush.cpp &&\
mv -f $depbase.Tpo $depbase.Po

depbase=`echo dvb/frontend.o | sed 's|[^/]*$|.deps/&|;s|\.o$||'`;\
arm-oe-linux-gnueabi-g++  -march=armv7ve -mfpu=neon-vfpv4 -mfloat-abi=hard -D_TIME_BITS=64 -D_FILE_OFFSET_BITS=64 --sysroot=/home/pli/builds/openpli-scarthgap-build-1-30-2025/openpli-oe-core/build/tmp/work/osmio4k-oe-linux-gnueabi/enigma2/3.12+git/recipe-sysroot -std=gnu++17 -DHAVE_CONFIG_H -I. -I../../git/lib -I..  -I.. -I../../git -I../../git/include -DPY_SSIZE_T_CLEAN -include Python.h -include ../enigma2_config.h -I/home/pli/builds/openpli-scarthgap-build-1-30-2025/openpli-oe-core/build/tmp/work/osmio4k-oe-linux-gnueabi/enigma2/3.12+git/recipe-sysroot/usr/include/python3.12  -Os -pipe -g -feliminate-unused-debug-types -fcanon-prefix-map  -fmacro-prefix-map=/home/pli/builds/openpli-scarthgap-build-1-30-2025/openpli-oe-core/build/tmp/work/osmio4k-oe-linux-gnueabi/enigma2/3.12+git/git=/usr/src/debug/enigma2/3.12+git  -fdebug-prefix-map=/home/pli/builds/openpli-scarthgap-build-1-30-2025/openpli-oe-core/build/tmp/work/osmio4k-oe-linux-gnueabi/enigma2/3.12+git/git=/usr/src/debug/enigma2/3.12+git  -fmacro-prefix-map=/home/pli/builds/openpli-scarthgap-build-1-30-2025/openpli-oe-core/build/tmp/work/osmio4k-oe-linux-gnueabi/enigma2/3.12+git/build=/usr/src/debug/enigma2/3.12+git  -fdebug-prefix-map=/home/pli/builds/openpli-scarthgap-build-1-30-2025/openpli-oe-core/build/tmp/work/osmio4k-oe-linux-gnueabi/enigma2/3.12+git/build=/usr/src/debug/enigma2/3.12+git  -fdebug-prefix-map=/home/pli/builds/openpli-scarthgap-build-1-30-2025/openpli-oe-core/build/tmp/work/osmio4k-oe-linux-gnueabi/enigma2/3.12+git/recipe-sysroot=  -fmacro-prefix-map=/home/pli/builds/openpli-scarthgap-build-1-30-2025/openpli-oe-core/build/tmp/work/osmio4k-oe-linux-gnueabi/enigma2/3.12+git/recipe-sysroot=  -fdebug-prefix-map=/home/pli/builds/openpli-scarthgap-build-1-30-2025/openpli-oe-core/build/tmp/work/osmio4k-oe-linux-gnueabi/enigma2/3.12+git/recipe-sysroot-native=  -fvisibility-inlines-hidden -Wattribute-alias -Wattribute-alias=1 -Wall -Wextra -Werror 	-Wformat=2 -Wformat-overflow=2 -Wformat-nonliteral -Wformat-security 	-Wimplicit-fallthrough=5 -Wduplicated-branches -Wtrampolines 	-Wdangling-else -Wshift-overflow=2 -Wswitch 	-Wunused-but-set-parameter -Wunused-const-variable=1 -Wuninitialized 	-Wstringop-overflow=3 -Woverlength-strings 	-Wunsafe-loop-optimizations -Wpointer-arith 	-Wfloat-equal -Wlogical-op 	-Wno-error=cast-align=strict -Wno-error=ignored-qualifiers 	-Wno-error=cast-function-type -Wno-error=deprecated-declarations 	-Wno-error=stringop-truncation -Wno-error=shadow -Wno-error=cast-qual 	-Wno-error=aggregate-return -Wno-error=missing-field-initializers 	-Wno-error=packed -Wno-error=vla -Wno-error=clobbered -Wno-error=unused-parameter 	-I/home/pli/builds/openpli-scarthgap-build-1-30-2025/openpli-oe-core/build/tmp/work/osmio4k-oe-linux-gnueabi/enigma2/3.12+git/recipe-sysroot/usr/include/freetype2 -I/home/pli/builds/openpli-scarthgap-build-1-30-2025/openpli-oe-core/build/tmp/work/osmio4k-oe-linux-gnueabi/enigma2/3.12+git/recipe-sysroot/usr/include/fribidi -I/home/pli/builds/openpli-scarthgap-build-1-30-2025/openpli-oe-core/build/tmp/work/osmio4k-oe-linux-gnueabi/enigma2/3.12+git/recipe-sysroot/usr/include/glib-2.0 -I/home/pli/builds/openpli-scarthgap-build-1-30-2025/openpli-oe-core/build/tmp/work/osmio4k-oe-linux-gnueabi/enigma2/3.12+git/recipe-sysroot/usr/lib/glib-2.0/include -I/home/pli/builds/openpli-scarthgap-build-1-30-2025/openpli-oe-core/build/tmp/work/osmio4k-oe-linux-gnueabi/enigma2/3.12+git/recipe-sysroot/usr/include/libpng16 -I/home/pli/builds/openpli-scarthgap-build-1-30-2025/openpli-oe-core/build/tmp/work/osmio4k-oe-linux-gnueabi/enigma2/3.12+git/recipe-sysroot/usr/include/libxml2 -I/home/pli/builds/openpli-scarthgap-build-1-30-2025/openpli-oe-core/build/tmp/work/osmio4k-oe-linux-gnueabi/enigma2/3.12+git/recipe-sysroot/usr/include/sigc++-3.0 -I/home/pli/builds/openpli-scarthgap-build-1-30-2025/openpli-oe-core/build/tmp/work/osmio4k-oe-linux-gnueabi/enigma2/3.12+git/recipe-sysroot/usr/lib/sigc++-3.0/include -fno-rtti -fno-exceptions -rdynamic -funwind-tables  -fopenmp  -MT dvb/frontend.o -MD -MP -MF $depbase.Tpo -c -o dvb/frontend.o ../../git/lib/dvb/frontend.cpp &&\
mv -f $depbase.Tpo $depbase.Po

In file included from ../../git/lib/components/tuxtxtapp.cpp:7:
../../git/lib/gui/ewidget.h: In member function 'void eWidget::setPositionNotifyChild(int)':
../../git/lib/gui/ewidget.h:151:41: warning: unused parameter 'n' [-Wunused-parameter]
  151 |         void setPositionNotifyChild(int n) { m_notify_child_on_position_change = 1; }
      |                                     ~~~~^

../../git/lib/base/httpsstream.cpp: In member function 'virtual ssize_t eHttpsStream::read(off_t, void*, size_t)':
../../git/lib/base/httpsstream.cpp:473:34: warning: unused parameter 'offset' [-Wunused-parameter]
  473 | ssize_t eHttpsStream::read(off_t offset, void *buf, size_t count)
      |                            ~~~~~~^~~~~~
../../git/lib/components/tuxtxtapp.cpp: In member function 'void eTuxtxtApp::recvEvent(const int&)':
../../git/lib/components/tuxtxtapp.cpp:37:39: warning: unused parameter 'evt' [-Wunused-parameter]
   37 | void eTuxtxtApp::recvEvent(const int &evt)
      |                            ~~~~~~~~~~~^~~

depbase=`echo dvb/frontendparms.o | sed 's|[^/]*$|.deps/&|;s|\.o$||'`;\
arm-oe-linux-gnueabi-g++  -march=armv7ve -mfpu=neon-vfpv4 -mfloat-abi=hard -D_TIME_BITS=64 -D_FILE_OFFSET_BITS=64 --sysroot=/home/pli/builds/openpli-scarthgap-build-1-30-2025/openpli-oe-core/build/tmp/work/osmio4k-oe-linux-gnueabi/enigma2/3.12+git/recipe-sysroot -std=gnu++17 -DHAVE_CONFIG_H -I. -I../../git/lib -I..  -I.. -I../../git -I../../git/include -DPY_SSIZE_T_CLEAN -include Python.h -include ../enigma2_config.h -I/home/pli/builds/openpli-scarthgap-build-1-30-2025/openpli-oe-core/build/tmp/work/osmio4k-oe-linux-gnueabi/enigma2/3.12+git/recipe-sysroot/usr/include/python3.12  -Os -pipe -g -feliminate-unused-debug-types -fcanon-prefix-map  -fmacro-prefix-map=/home/pli/builds/openpli-scarthgap-build-1-30-2025/openpli-oe-core/build/tmp/work/osmio4k-oe-linux-gnueabi/enigma2/3.12+git/git=/usr/src/debug/enigma2/3.12+git  -fdebug-prefix-map=/home/pli/builds/openpli-scarthgap-build-1-30-2025/openpli-oe-core/build/tmp/work/osmio4k-oe-linux-gnueabi/enigma2/3.12+git/git=/usr/src/debug/enigma2/3.12+git  -fmacro-prefix-map=/home/pli/builds/openpli-scarthgap-build-1-30-2025/openpli-oe-core/build/tmp/work/osmio4k-oe-linux-gnueabi/enigma2/3.12+git/build=/usr/src/debug/enigma2/3.12+git  -fdebug-prefix-map=/home/pli/builds/openpli-scarthgap-build-1-30-2025/openpli-oe-core/build/tmp/work/osmio4k-oe-linux-gnueabi/enigma2/3.12+git/build=/usr/src/debug/enigma2/3.12+git  -fdebug-prefix-map=/home/pli/builds/openpli-scarthgap-build-1-30-2025/openpli-oe-core/build/tmp/work/osmio4k-oe-linux-gnueabi/enigma2/3.12+git/recipe-sysroot=  -fmacro-prefix-map=/home/pli/builds/openpli-scarthgap-build-1-30-2025/openpli-oe-core/build/tmp/work/osmio4k-oe-linux-gnueabi/enigma2/3.12+git/recipe-sysroot=  -fdebug-prefix-map=/home/pli/builds/openpli-scarthgap-build-1-30-2025/openpli-oe-core/build/tmp/work/osmio4k-oe-linux-gnueabi/enigma2/3.12+git/recipe-sysroot-native=  -fvisibility-inlines-hidden -Wattribute-alias -Wattribute-alias=1 -Wall -Wextra -Werror 	-Wformat=2 -Wformat-overflow=2 -Wformat-nonliteral -Wformat-security 	-Wimplicit-fallthrough=5 -Wduplicated-branches -Wtrampolines 	-Wdangling-else -Wshift-overflow=2 -Wswitch 	-Wunused-but-set-parameter -Wunused-const-variable=1 -Wuninitialized 	-Wstringop-overflow=3 -Woverlength-strings 	-Wunsafe-loop-optimizations -Wpointer-arith 	-Wfloat-equal -Wlogical-op 	-Wno-error=cast-align=strict -Wno-error=ignored-qualifiers 	-Wno-error=cast-function-type -Wno-error=deprecated-declarations 	-Wno-error=stringop-truncation -Wno-error=shadow -Wno-error=cast-qual 	-Wno-error=aggregate-return -Wno-error=missing-field-initializers 	-Wno-error=packed -Wno-error=vla -Wno-error=clobbered -Wno-error=unused-parameter 	-I/home/pli/builds/openpli-scarthgap-build-1-30-2025/openpli-oe-core/build/tmp/work/osmio4k-oe-linux-gnueabi/enigma2/3.12+git/recipe-sysroot/usr/include/freetype2 -I/home/pli/builds/openpli-scarthgap-build-1-30-2025/openpli-oe-core/build/tmp/work/osmio4k-oe-linux-gnueabi/enigma2/3.12+git/recipe-sysroot/usr/include/fribidi -I/home/pli/builds/openpli-scarthgap-build-1-30-2025/openpli-oe-core/build/tmp/work/osmio4k-oe-linux-gnueabi/enigma2/3.12+git/recipe-sysroot/usr/include/glib-2.0 -I/home/pli/builds/openpli-scarthgap-build-1-30-2025/openpli-oe-core/build/tmp/work/osmio4k-oe-linux-gnueabi/enigma2/3.12+git/recipe-sysroot/usr/lib/glib-2.0/include -I/home/pli/builds/openpli-scarthgap-build-1-30-2025/openpli-oe-core/build/tmp/work/osmio4k-oe-linux-gnueabi/enigma2/3.12+git/recipe-sysroot/usr/include/libpng16 -I/home/pli/builds/openpli-scarthgap-build-1-30-2025/openpli-oe-core/build/tmp/work/osmio4k-oe-linux-gnueabi/enigma2/3.12+git/recipe-sysroot/usr/include/libxml2 -I/home/pli/builds/openpli-scarthgap-build-1-30-2025/openpli-oe-core/build/tmp/work/osmio4k-oe-linux-gnueabi/enigma2/3.12+git/recipe-sysroot/usr/include/sigc++-3.0 -I/home/pli/builds/openpli-scarthgap-build-1-30-2025/openpli-oe-core/build/tmp/work/osmio4k-oe-linux-gnueabi/enigma2/3.12+git/recipe-sysroot/usr/lib/sigc++-3.0/include -fno-rtti -fno-exceptions -rdynamic -funwind-tables  -fopenmp  -MT dvb/frontendparms.o -MD -MP -MF $depbase.Tpo -c -o dvb/frontendparms.o ../../git/lib/dvb/frontendparms.cpp &&\
mv -f $depbase.Tpo $depbase.Po

In file included from ../../git/lib/actions/action.cpp:5:
../../git/lib/driver/rc.h: In member function 'virtual void eRCDevice::setExclusive(bool)':
../../git/lib/driver/rc.h:58:40: warning: unused parameter 'b' [-Wunused-parameter]
   58 |         virtual void setExclusive(bool b) { };
      |                                   ~~~~~^

../../git/lib/base/smartptr.h:64: Warning 503: Can't wrap 'operator iServiceHandler*' unless renamed to a valid identifier.

depbase=`echo dvb/metaparser.o | sed 's|[^/]*$|.deps/&|;s|\.o$||'`;\
arm-oe-linux-gnueabi-g++  -march=armv7ve -mfpu=neon-vfpv4 -mfloat-abi=hard -D_TIME_BITS=64 -D_FILE_OFFSET_BITS=64 --sysroot=/home/pli/builds/openpli-scarthgap-build-1-30-2025/openpli-oe-core/build/tmp/work/osmio4k-oe-linux-gnueabi/enigma2/3.12+git/recipe-sysroot -std=gnu++17 -DHAVE_CONFIG_H -I. -I../../git/lib -I..  -I.. -I../../git -I../../git/include -DPY_SSIZE_T_CLEAN -include Python.h -include ../enigma2_config.h -I/home/pli/builds/openpli-scarthgap-build-1-30-2025/openpli-oe-core/build/tmp/work/osmio4k-oe-linux-gnueabi/enigma2/3.12+git/recipe-sysroot/usr/include/python3.12  -Os -pipe -g -feliminate-unused-debug-types -fcanon-prefix-map  -fmacro-prefix-map=/home/pli/builds/openpli-scarthgap-build-1-30-2025/openpli-oe-core/build/tmp/work/osmio4k-oe-linux-gnueabi/enigma2/3.12+git/git=/usr/src/debug/enigma2/3.12+git  -fdebug-prefix-map=/home/pli/builds/openpli-scarthgap-build-1-30-2025/openpli-oe-core/build/tmp/work/osmio4k-oe-linux-gnueabi/enigma2/3.12+git/git=/usr/src/debug/enigma2/3.12+git  -fmacro-prefix-map=/home/pli/builds/openpli-scarthgap-build-1-30-2025/openpli-oe-core/build/tmp/work/osmio4k-oe-linux-gnueabi/enigma2/3.12+git/build=/usr/src/debug/enigma2/3.12+git  -fdebug-prefix-map=/home/pli/builds/openpli-scarthgap-build-1-30-2025/openpli-oe-core/build/tmp/work/osmio4k-oe-linux-gnueabi/enigma2/3.12+git/build=/usr/src/debug/enigma2/3.12+git  -fdebug-prefix-map=/home/pli/builds/openpli-scarthgap-build-1-30-2025/openpli-oe-core/build/tmp/work/osmio4k-oe-linux-gnueabi/enigma2/3.12+git/recipe-sysroot=  -fmacro-prefix-map=/home/pli/builds/openpli-scarthgap-build-1-30-2025/openpli-oe-core/build/tmp/work/osmio4k-oe-linux-gnueabi/enigma2/3.12+git/recipe-sysroot=  -fdebug-prefix-map=/home/pli/builds/openpli-scarthgap-build-1-30-2025/openpli-oe-core/build/tmp/work/osmio4k-oe-linux-gnueabi/enigma2/3.12+git/recipe-sysroot-native=  -fvisibility-inlines-hidden -Wattribute-alias -Wattribute-alias=1 -Wall -Wextra -Werror 	-Wformat=2 -Wformat-overflow=2 -Wformat-nonliteral -Wformat-security 	-Wimplicit-fallthrough=5 -Wduplicated-branches -Wtrampolines 	-Wdangling-else -Wshift-overflow=2 -Wswitch 	-Wunused-but-set-parameter -Wunused-const-variable=1 -Wuninitialized 	-Wstringop-overflow=3 -Woverlength-strings 	-Wunsafe-loop-optimizations -Wpointer-arith 	-Wfloat-equal -Wlogical-op 	-Wno-error=cast-align=strict -Wno-error=ignored-qualifiers 	-Wno-error=cast-function-type -Wno-error=deprecated-declarations 	-Wno-error=stringop-truncation -Wno-error=shadow -Wno-error=cast-qual 	-Wno-error=aggregate-return -Wno-error=missing-field-initializers 	-Wno-error=packed -Wno-error=vla -Wno-error=clobbered -Wno-error=unused-parameter 	-I/home/pli/builds/openpli-scarthgap-build-1-30-2025/openpli-oe-core/build/tmp/work/osmio4k-oe-linux-gnueabi/enigma2/3.12+git/recipe-sysroot/usr/include/freetype2 -I/home/pli/builds/openpli-scarthgap-build-1-30-2025/openpli-oe-core/build/tmp/work/osmio4k-oe-linux-gnueabi/enigma2/3.12+git/recipe-sysroot/usr/include/fribidi -I/home/pli/builds/openpli-scarthgap-build-1-30-2025/openpli-oe-core/build/tmp/work/osmio4k-oe-linux-gnueabi/enigma2/3.12+git/recipe-sysroot/usr/include/glib-2.0 -I/home/pli/builds/openpli-scarthgap-build-1-30-2025/openpli-oe-core/build/tmp/work/osmio4k-oe-linux-gnueabi/enigma2/3.12+git/recipe-sysroot/usr/lib/glib-2.0/include -I/home/pli/builds/openpli-scarthgap-build-1-30-2025/openpli-oe-core/build/tmp/work/osmio4k-oe-linux-gnueabi/enigma2/3.12+git/recipe-sysroot/usr/include/libpng16 -I/home/pli/builds/openpli-scarthgap-build-1-30-2025/openpli-oe-core/build/tmp/work/osmio4k-oe-linux-gnueabi/enigma2/3.12+git/recipe-sysroot/usr/include/libxml2 -I/home/pli/builds/openpli-scarthgap-build-1-30-2025/openpli-oe-core/build/tmp/work/osmio4k-oe-linux-gnueabi/enigma2/3.12+git/recipe-sysroot/usr/include/sigc++-3.0 -I/home/pli/builds/openpli-scarthgap-build-1-30-2025/openpli-oe-core/build/tmp/work/osmio4k-oe-linux-gnueabi/enigma2/3.12+git/recipe-sysroot/usr/lib/sigc++-3.0/include -fno-rtti -fno-exceptions -rdynamic -funwind-tables  -fopenmp  -MT dvb/metaparser.o -MD -MP -MF $depbase.Tpo -c -o dvb/metaparser.o ../../git/lib/dvb/metaparser.cpp &&\
mv -f $depbase.Tpo $depbase.Po

../../git/lib/actions/action.cpp: In member function 'void eActionMap::unbindAction(const std::string&, ePyObject)':
../../git/lib/actions/action.cpp:79:50: warning: unused parameter 'context' [-Wunused-parameter]
   79 | void eActionMap::unbindAction(const std::string &context, ePyObject function)
      |                               ~~~~~~~~~~~~~~~~~~~^~~~~~~

depbase=`echo dvb/opentv.o | sed 's|[^/]*$|.deps/&|;s|\.o$||'`;\
arm-oe-linux-gnueabi-g++  -march=armv7ve -mfpu=neon-vfpv4 -mfloat-abi=hard -D_TIME_BITS=64 -D_FILE_OFFSET_BITS=64 --sysroot=/home/pli/builds/openpli-scarthgap-build-1-30-2025/openpli-oe-core/build/tmp/work/osmio4k-oe-linux-gnueabi/enigma2/3.12+git/recipe-sysroot -std=gnu++17 -DHAVE_CONFIG_H -I. -I../../git/lib -I..  -I.. -I../../git -I../../git/include -DPY_SSIZE_T_CLEAN -include Python.h -include ../enigma2_config.h -I/home/pli/builds/openpli-scarthgap-build-1-30-2025/openpli-oe-core/build/tmp/work/osmio4k-oe-linux-gnueabi/enigma2/3.12+git/recipe-sysroot/usr/include/python3.12  -Os -pipe -g -feliminate-unused-debug-types -fcanon-prefix-map  -fmacro-prefix-map=/home/pli/builds/openpli-scarthgap-build-1-30-2025/openpli-oe-core/build/tmp/work/osmio4k-oe-linux-gnueabi/enigma2/3.12+git/git=/usr/src/debug/enigma2/3.12+git  -fdebug-prefix-map=/home/pli/builds/openpli-scarthgap-build-1-30-2025/openpli-oe-core/build/tmp/work/osmio4k-oe-linux-gnueabi/enigma2/3.12+git/git=/usr/src/debug/enigma2/3.12+git  -fmacro-prefix-map=/home/pli/builds/openpli-scarthgap-build-1-30-2025/openpli-oe-core/build/tmp/work/osmio4k-oe-linux-gnueabi/enigma2/3.12+git/build=/usr/src/debug/enigma2/3.12+git  -fdebug-prefix-map=/home/pli/builds/openpli-scarthgap-build-1-30-2025/openpli-oe-core/build/tmp/work/osmio4k-oe-linux-gnueabi/enigma2/3.12+git/build=/usr/src/debug/enigma2/3.12+git  -fdebug-prefix-map=/home/pli/builds/openpli-scarthgap-build-1-30-2025/openpli-oe-core/build/tmp/work/osmio4k-oe-linux-gnueabi/enigma2/3.12+git/recipe-sysroot=  -fmacro-prefix-map=/home/pli/builds/openpli-scarthgap-build-1-30-2025/openpli-oe-core/build/tmp/work/osmio4k-oe-linux-gnueabi/enigma2/3.12+git/recipe-sysroot=  -fdebug-prefix-map=/home/pli/builds/openpli-scarthgap-build-1-30-2025/openpli-oe-core/build/tmp/work/osmio4k-oe-linux-gnueabi/enigma2/3.12+git/recipe-sysroot-native=  -fvisibility-inlines-hidden -Wattribute-alias -Wattribute-alias=1 -Wall -Wextra -Werror 	-Wformat=2 -Wformat-overflow=2 -Wformat-nonliteral -Wformat-security 	-Wimplicit-fallthrough=5 -Wduplicated-branches -Wtrampolines 	-Wdangling-else -Wshift-overflow=2 -Wswitch 	-Wunused-but-set-parameter -Wunused-const-variable=1 -Wuninitialized 	-Wstringop-overflow=3 -Woverlength-strings 	-Wunsafe-loop-optimizations -Wpointer-arith 	-Wfloat-equal -Wlogical-op 	-Wno-error=cast-align=strict -Wno-error=ignored-qualifiers 	-Wno-error=cast-function-type -Wno-error=deprecated-declarations 	-Wno-error=stringop-truncation -Wno-error=shadow -Wno-error=cast-qual 	-Wno-error=aggregate-return -Wno-error=missing-field-initializers 	-Wno-error=packed -Wno-error=vla -Wno-error=clobbered -Wno-error=unused-parameter 	-I/home/pli/builds/openpli-scarthgap-build-1-30-2025/openpli-oe-core/build/tmp/work/osmio4k-oe-linux-gnueabi/enigma2/3.12+git/recipe-sysroot/usr/include/freetype2 -I/home/pli/builds/openpli-scarthgap-build-1-30-2025/openpli-oe-core/build/tmp/work/osmio4k-oe-linux-gnueabi/enigma2/3.12+git/recipe-sysroot/usr/include/fribidi -I/home/pli/builds/openpli-scarthgap-build-1-30-2025/openpli-oe-core/build/tmp/work/osmio4k-oe-linux-gnueabi/enigma2/3.12+git/recipe-sysroot/usr/include/glib-2.0 -I/home/pli/builds/openpli-scarthgap-build-1-30-2025/openpli-oe-core/build/tmp/work/osmio4k-oe-linux-gnueabi/enigma2/3.12+git/recipe-sysroot/usr/lib/glib-2.0/include -I/home/pli/builds/openpli-scarthgap-build-1-30-2025/openpli-oe-core/build/tmp/work/osmio4k-oe-linux-gnueabi/enigma2/3.12+git/recipe-sysroot/usr/include/libpng16 -I/home/pli/builds/openpli-scarthgap-build-1-30-2025/openpli-oe-core/build/tmp/work/osmio4k-oe-linux-gnueabi/enigma2/3.12+git/recipe-sysroot/usr/include/libxml2 -I/home/pli/builds/openpli-scarthgap-build-1-30-2025/openpli-oe-core/build/tmp/work/osmio4k-oe-linux-gnueabi/enigma2/3.12+git/recipe-sysroot/usr/include/sigc++-3.0 -I/home/pli/builds/openpli-scarthgap-build-1-30-2025/openpli-oe-core/build/tmp/work/osmio4k-oe-linux-gnueabi/enigma2/3.12+git/recipe-sysroot/usr/lib/sigc++-3.0/include -fno-rtti -fno-exceptions -rdynamic -funwind-tables  -fopenmp  -MT dvb/opentv.o -MD -MP -MF $depbase.Tpo -c -o dvb/opentv.o ../../git/lib/dvb/opentv.cpp &&\
mv -f $depbase.Tpo $depbase.Po

../../git/lib/gdi/gpixmap.h:117: Warning 503: Can't wrap 'operator std::string' unless renamed to a valid identifier.

In file included from ../../git/lib/components/tuxtxtapp.h:7,
                 from ../../git/lib/components/tuxtxtapp.cpp:1:
../../git/lib/base/message.h: In instantiation of 'eFixedMessagePump<T>::eFixedMessagePump(eMainloop*, int) [with T = int]':
../../git/lib/components/tuxtxtapp.cpp:21:78:   required from here
../../git/lib/base/message.h:108:51: warning: unused parameter 'mt' [-Wunused-parameter]
  108 |         eFixedMessagePump(eMainloop *context, int mt):
      |                                               ~~~~^~

../../git/lib/base/smartptr.h:64: Warning 503: Can't wrap 'operator gPixmap*' unless renamed to a valid identifier.

../../git/lib/base/smartptr.h:64: Warning 503: Can't wrap 'operator gMainDC*' unless renamed to a valid identifier.

depbase=`echo dvb/pesparse.o | sed 's|[^/]*$|.deps/&|;s|\.o$||'`;\
arm-oe-linux-gnueabi-g++  -march=armv7ve -mfpu=neon-vfpv4 -mfloat-abi=hard -D_TIME_BITS=64 -D_FILE_OFFSET_BITS=64 --sysroot=/home/pli/builds/openpli-scarthgap-build-1-30-2025/openpli-oe-core/build/tmp/work/osmio4k-oe-linux-gnueabi/enigma2/3.12+git/recipe-sysroot -std=gnu++17 -DHAVE_CONFIG_H -I. -I../../git/lib -I..  -I.. -I../../git -I../../git/include -DPY_SSIZE_T_CLEAN -include Python.h -include ../enigma2_config.h -I/home/pli/builds/openpli-scarthgap-build-1-30-2025/openpli-oe-core/build/tmp/work/osmio4k-oe-linux-gnueabi/enigma2/3.12+git/recipe-sysroot/usr/include/python3.12  -Os -pipe -g -feliminate-unused-debug-types -fcanon-prefix-map  -fmacro-prefix-map=/home/pli/builds/openpli-scarthgap-build-1-30-2025/openpli-oe-core/build/tmp/work/osmio4k-oe-linux-gnueabi/enigma2/3.12+git/git=/usr/src/debug/enigma2/3.12+git  -fdebug-prefix-map=/home/pli/builds/openpli-scarthgap-build-1-30-2025/openpli-oe-core/build/tmp/work/osmio4k-oe-linux-gnueabi/enigma2/3.12+git/git=/usr/src/debug/enigma2/3.12+git  -fmacro-prefix-map=/home/pli/builds/openpli-scarthgap-build-1-30-2025/openpli-oe-core/build/tmp/work/osmio4k-oe-linux-gnueabi/enigma2/3.12+git/build=/usr/src/debug/enigma2/3.12+git  -fdebug-prefix-map=/home/pli/builds/openpli-scarthgap-build-1-30-2025/openpli-oe-core/build/tmp/work/osmio4k-oe-linux-gnueabi/enigma2/3.12+git/build=/usr/src/debug/enigma2/3.12+git  -fdebug-prefix-map=/home/pli/builds/openpli-scarthgap-build-1-30-2025/openpli-oe-core/build/tmp/work/osmio4k-oe-linux-gnueabi/enigma2/3.12+git/recipe-sysroot=  -fmacro-prefix-map=/home/pli/builds/openpli-scarthgap-build-1-30-2025/openpli-oe-core/build/tmp/work/osmio4k-oe-linux-gnueabi/enigma2/3.12+git/recipe-sysroot=  -fdebug-prefix-map=/home/pli/builds/openpli-scarthgap-build-1-30-2025/openpli-oe-core/build/tmp/work/osmio4k-oe-linux-gnueabi/enigma2/3.12+git/recipe-sysroot-native=  -fvisibility-inlines-hidden -Wattribute-alias -Wattribute-alias=1 -Wall -Wextra -Werror 	-Wformat=2 -Wformat-overflow=2 -Wformat-nonliteral -Wformat-security 	-Wimplicit-fallthrough=5 -Wduplicated-branches -Wtrampolines 	-Wdangling-else -Wshift-overflow=2 -Wswitch 	-Wunused-but-set-parameter -Wunused-const-variable=1 -Wuninitialized 	-Wstringop-overflow=3 -Woverlength-strings 	-Wunsafe-loop-optimizations -Wpointer-arith 	-Wfloat-equal -Wlogical-op 	-Wno-error=cast-align=strict -Wno-error=ignored-qualifiers 	-Wno-error=cast-function-type -Wno-error=deprecated-declarations 	-Wno-error=stringop-truncation -Wno-error=shadow -Wno-error=cast-qual 	-Wno-error=aggregate-return -Wno-error=missing-field-initializers 	-Wno-error=packed -Wno-error=vla -Wno-error=clobbered -Wno-error=unused-parameter 	-I/home/pli/builds/openpli-scarthgap-build-1-30-2025/openpli-oe-core/build/tmp/work/osmio4k-oe-linux-gnueabi/enigma2/3.12+git/recipe-sysroot/usr/include/freetype2 -I/home/pli/builds/openpli-scarthgap-build-1-30-2025/openpli-oe-core/build/tmp/work/osmio4k-oe-linux-gnueabi/enigma2/3.12+git/recipe-sysroot/usr/include/fribidi -I/home/pli/builds/openpli-scarthgap-build-1-30-2025/openpli-oe-core/build/tmp/work/osmio4k-oe-linux-gnueabi/enigma2/3.12+git/recipe-sysroot/usr/include/glib-2.0 -I/home/pli/builds/openpli-scarthgap-build-1-30-2025/openpli-oe-core/build/tmp/work/osmio4k-oe-linux-gnueabi/enigma2/3.12+git/recipe-sysroot/usr/lib/glib-2.0/include -I/home/pli/builds/openpli-scarthgap-build-1-30-2025/openpli-oe-core/build/tmp/work/osmio4k-oe-linux-gnueabi/enigma2/3.12+git/recipe-sysroot/usr/include/libpng16 -I/home/pli/builds/openpli-scarthgap-build-1-30-2025/openpli-oe-core/build/tmp/work/osmio4k-oe-linux-gnueabi/enigma2/3.12+git/recipe-sysroot/usr/include/libxml2 -I/home/pli/builds/openpli-scarthgap-build-1-30-2025/openpli-oe-core/build/tmp/work/osmio4k-oe-linux-gnueabi/enigma2/3.12+git/recipe-sysroot/usr/include/sigc++-3.0 -I/home/pli/builds/openpli-scarthgap-build-1-30-2025/openpli-oe-core/build/tmp/work/osmio4k-oe-linux-gnueabi/enigma2/3.12+git/recipe-sysroot/usr/lib/sigc++-3.0/include -fno-rtti -fno-exceptions -rdynamic -funwind-tables  -fopenmp  -MT dvb/pesparse.o -MD -MP -MF $depbase.Tpo -c -o dvb/pesparse.o ../../git/lib/dvb/pesparse.cpp &&\
mv -f $depbase.Tpo $depbase.Po

../../git/lib/gdi/epoint.h:33: Warning 503: Can't wrap 'operator ==' unless renamed to a valid identifier.

../../git/lib/gdi/epoint.h:34: Warning 503: Can't wrap 'operator !=' unless renamed to a valid identifier.

../../git/lib/gdi/epoint.h:35: Warning 503: Can't wrap 'operator +' unless renamed to a valid identifier.

../../git/lib/gdi/epoint.h:36: Warning 503: Can't wrap 'operator +' unless renamed to a valid identifier.

../../git/lib/gdi/epoint.h:37: Warning 503: Can't wrap 'operator -' unless renamed to a valid identifier.

../../git/lib/gdi/epoint.h:38: Warning 503: Can't wrap 'operator -' unless renamed to a valid identifier.

../../git/lib/gdi/epoint.h:39: Warning 503: Can't wrap 'operator *' unless renamed to a valid identifier.

../../git/lib/gdi/epoint.h:40: Warning 503: Can't wrap 'operator *' unless renamed to a valid identifier.

../../git/lib/gdi/epoint.h:41: Warning 503: Can't wrap 'operator *' unless renamed to a valid identifier.

../../git/lib/gdi/epoint.h:42: Warning 503: Can't wrap 'operator *' unless renamed to a valid identifier.

../../git/lib/gdi/epoint.h:43: Warning 503: Can't wrap 'operator -' unless renamed to a valid identifier.

../../git/lib/gdi/epoint.h:44: Warning 503: Can't wrap 'operator /' unless renamed to a valid identifier.

../../git/lib/gdi/epoint.h:45: Warning 503: Can't wrap 'operator /' unless renamed to a valid identifier.

../../git/lib/actions/action.cpp: In member function 'void eActionMap::bindToggle(const std::string&, const std::string&, int)':
../../git/lib/actions/action.cpp:150:48: warning: unused parameter 'domain' [-Wunused-parameter]
  150 | void eActionMap::bindToggle(const std::string &domain, const std::string &device, int togglekey)
      |                             ~~~~~~~~~~~~~~~~~~~^~~~~~

../../git/lib/gdi/erect.h:115: Warning 503: Can't wrap 'operator ==' unless renamed to a valid identifier.

../../git/lib/gdi/erect.h:116: Warning 503: Can't wrap 'operator !=' unless renamed to a valid identifier.

../../git/lib/gdi/esize.h:36: Warning 503: Can't wrap 'operator ==' unless renamed to a valid identifier.

../../git/lib/gdi/esize.h:37: Warning 503: Can't wrap 'operator !=' unless renamed to a valid identifier.

../../git/lib/gdi/esize.h:38: Warning 503: Can't wrap 'operator +' unless renamed to a valid identifier.

../../git/lib/gdi/esize.h:39: Warning 503: Can't wrap 'operator -' unless renamed to a valid identifier.

../../git/lib/gdi/esize.h:40: Warning 503: Can't wrap 'operator *' unless renamed to a valid identifier.

../../git/lib/gdi/esize.h:41: Warning 503: Can't wrap 'operator *' unless renamed to a valid identifier.

../../git/lib/gdi/esize.h:42: Warning 503: Can't wrap 'operator *' unless renamed to a valid identifier.

../../git/lib/gdi/esize.h:43: Warning 503: Can't wrap 'operator *' unless renamed to a valid identifier.

../../git/lib/gdi/esize.h:44: Warning 503: Can't wrap 'operator /' unless renamed to a valid identifier.

../../git/lib/gdi/esize.h:45: Warning 503: Can't wrap 'operator /' unless renamed to a valid identifier.

In file included from ../../git/lib/dvb/dvb.h:12:
../../git/lib/dvb/tstools.h: In member function 'virtual RESULT eTSFileSectionReader::setBufferSize(int)':
../../git/lib/dvb/tstools.h:29:34: warning: unused parameter 'size' [-Wunused-parameter]
   29 |         RESULT setBufferSize(int size) { return 0; }
      |                              ~~~~^~~~

depbase=`echo dvb/pmt.o | sed 's|[^/]*$|.deps/&|;s|\.o$||'`;\
arm-oe-linux-gnueabi-g++  -march=armv7ve -mfpu=neon-vfpv4 -mfloat-abi=hard -D_TIME_BITS=64 -D_FILE_OFFSET_BITS=64 --sysroot=/home/pli/builds/openpli-scarthgap-build-1-30-2025/openpli-oe-core/build/tmp/work/osmio4k-oe-linux-gnueabi/enigma2/3.12+git/recipe-sysroot -std=gnu++17 -DHAVE_CONFIG_H -I. -I../../git/lib -I..  -I.. -I../../git -I../../git/include -DPY_SSIZE_T_CLEAN -include Python.h -include ../enigma2_config.h -I/home/pli/builds/openpli-scarthgap-build-1-30-2025/openpli-oe-core/build/tmp/work/osmio4k-oe-linux-gnueabi/enigma2/3.12+git/recipe-sysroot/usr/include/python3.12  -Os -pipe -g -feliminate-unused-debug-types -fcanon-prefix-map  -fmacro-prefix-map=/home/pli/builds/openpli-scarthgap-build-1-30-2025/openpli-oe-core/build/tmp/work/osmio4k-oe-linux-gnueabi/enigma2/3.12+git/git=/usr/src/debug/enigma2/3.12+git  -fdebug-prefix-map=/home/pli/builds/openpli-scarthgap-build-1-30-2025/openpli-oe-core/build/tmp/work/osmio4k-oe-linux-gnueabi/enigma2/3.12+git/git=/usr/src/debug/enigma2/3.12+git  -fmacro-prefix-map=/home/pli/builds/openpli-scarthgap-build-1-30-2025/openpli-oe-core/build/tmp/work/osmio4k-oe-linux-gnueabi/enigma2/3.12+git/build=/usr/src/debug/enigma2/3.12+git  -fdebug-prefix-map=/home/pli/builds/openpli-scarthgap-build-1-30-2025/openpli-oe-core/build/tmp/work/osmio4k-oe-linux-gnueabi/enigma2/3.12+git/build=/usr/src/debug/enigma2/3.12+git  -fdebug-prefix-map=/home/pli/builds/openpli-scarthgap-build-1-30-2025/openpli-oe-core/build/tmp/work/osmio4k-oe-linux-gnueabi/enigma2/3.12+git/recipe-sysroot=  -fmacro-prefix-map=/home/pli/builds/openpli-scarthgap-build-1-30-2025/openpli-oe-core/build/tmp/work/osmio4k-oe-linux-gnueabi/enigma2/3.12+git/recipe-sysroot=  -fdebug-prefix-map=/home/pli/builds/openpli-scarthgap-build-1-30-2025/openpli-oe-core/build/tmp/work/osmio4k-oe-linux-gnueabi/enigma2/3.12+git/recipe-sysroot-native=  -fvisibility-inlines-hidden -Wattribute-alias -Wattribute-alias=1 -Wall -Wextra -Werror 	-Wformat=2 -Wformat-overflow=2 -Wformat-nonliteral -Wformat-security 	-Wimplicit-fallthrough=5 -Wduplicated-branches -Wtrampolines 	-Wdangling-else -Wshift-overflow=2 -Wswitch 	-Wunused-but-set-parameter -Wunused-const-variable=1 -Wuninitialized 	-Wstringop-overflow=3 -Woverlength-strings 	-Wunsafe-loop-optimizations -Wpointer-arith 	-Wfloat-equal -Wlogical-op 	-Wno-error=cast-align=strict -Wno-error=ignored-qualifiers 	-Wno-error=cast-function-type -Wno-error=deprecated-declarations 	-Wno-error=stringop-truncation -Wno-error=shadow -Wno-error=cast-qual 	-Wno-error=aggregate-return -Wno-error=missing-field-initializers 	-Wno-error=packed -Wno-error=vla -Wno-error=clobbered -Wno-error=unused-parameter 	-I/home/pli/builds/openpli-scarthgap-build-1-30-2025/openpli-oe-core/build/tmp/work/osmio4k-oe-linux-gnueabi/enigma2/3.12+git/recipe-sysroot/usr/include/freetype2 -I/home/pli/builds/openpli-scarthgap-build-1-30-2025/openpli-oe-core/build/tmp/work/osmio4k-oe-linux-gnueabi/enigma2/3.12+git/recipe-sysroot/usr/include/fribidi -I/home/pli/builds/openpli-scarthgap-build-1-30-2025/openpli-oe-core/build/tmp/work/osmio4k-oe-linux-gnueabi/enigma2/3.12+git/recipe-sysroot/usr/include/glib-2.0 -I/home/pli/builds/openpli-scarthgap-build-1-30-2025/openpli-oe-core/build/tmp/work/osmio4k-oe-linux-gnueabi/enigma2/3.12+git/recipe-sysroot/usr/lib/glib-2.0/include -I/home/pli/builds/openpli-scarthgap-build-1-30-2025/openpli-oe-core/build/tmp/work/osmio4k-oe-linux-gnueabi/enigma2/3.12+git/recipe-sysroot/usr/include/libpng16 -I/home/pli/builds/openpli-scarthgap-build-1-30-2025/openpli-oe-core/build/tmp/work/osmio4k-oe-linux-gnueabi/enigma2/3.12+git/recipe-sysroot/usr/include/libxml2 -I/home/pli/builds/openpli-scarthgap-build-1-30-2025/openpli-oe-core/build/tmp/work/osmio4k-oe-linux-gnueabi/enigma2/3.12+git/recipe-sysroot/usr/include/sigc++-3.0 -I/home/pli/builds/openpli-scarthgap-build-1-30-2025/openpli-oe-core/build/tmp/work/osmio4k-oe-linux-gnueabi/enigma2/3.12+git/recipe-sysroot/usr/lib/sigc++-3.0/include -fno-rtti -fno-exceptions -rdynamic -funwind-tables  -fopenmp  -MT dvb/pmt.o -MD -MP -MF $depbase.Tpo -c -o dvb/pmt.o ../../git/lib/dvb/pmt.cpp &&\
mv -f $depbase.Tpo $depbase.Po

In file included from ../../git/lib/base/estring.cpp:13:
../../git/lib/base/gb18030.h: In function 'int ascii_mbtowc(ucs4_t*, const unsigned char*, int)':
../../git/lib/base/gb18030.h:395:56: warning: unused parameter 'n' [-Wunused-parameter]
  395 | ascii_mbtowc (ucs4_t *pwc, const unsigned char *s, int n)
      |                                                    ~~~~^

../../git/lib/dvb/cahandler.cpp: In member function 'int eDVBCAHandler::unregisterService(const eServiceReferenceDVB&, int, int*, int, eTable<ProgramMapSection>*)':
../../git/lib/dvb/cahandler.cpp:316:75: warning: unused parameter 'adapter' [-Wunused-parameter]
  316 | int eDVBCAHandler::unregisterService(const eServiceReferenceDVB &ref, int adapter, int demux_nums[2], int servicetype, eTable<ProgramMapSection> *ptr)
      |                                                                       ~~~~^~~~~~~

depbase=`echo dvb/pvrparse.o | sed 's|[^/]*$|.deps/&|;s|\.o$||'`;\
arm-oe-linux-gnueabi-g++  -march=armv7ve -mfpu=neon-vfpv4 -mfloat-abi=hard -D_TIME_BITS=64 -D_FILE_OFFSET_BITS=64 --sysroot=/home/pli/builds/openpli-scarthgap-build-1-30-2025/openpli-oe-core/build/tmp/work/osmio4k-oe-linux-gnueabi/enigma2/3.12+git/recipe-sysroot -std=gnu++17 -DHAVE_CONFIG_H -I. -I../../git/lib -I..  -I.. -I../../git -I../../git/include -DPY_SSIZE_T_CLEAN -include Python.h -include ../enigma2_config.h -I/home/pli/builds/openpli-scarthgap-build-1-30-2025/openpli-oe-core/build/tmp/work/osmio4k-oe-linux-gnueabi/enigma2/3.12+git/recipe-sysroot/usr/include/python3.12  -Os -pipe -g -feliminate-unused-debug-types -fcanon-prefix-map  -fmacro-prefix-map=/home/pli/builds/openpli-scarthgap-build-1-30-2025/openpli-oe-core/build/tmp/work/osmio4k-oe-linux-gnueabi/enigma2/3.12+git/git=/usr/src/debug/enigma2/3.12+git  -fdebug-prefix-map=/home/pli/builds/openpli-scarthgap-build-1-30-2025/openpli-oe-core/build/tmp/work/osmio4k-oe-linux-gnueabi/enigma2/3.12+git/git=/usr/src/debug/enigma2/3.12+git  -fmacro-prefix-map=/home/pli/builds/openpli-scarthgap-build-1-30-2025/openpli-oe-core/build/tmp/work/osmio4k-oe-linux-gnueabi/enigma2/3.12+git/build=/usr/src/debug/enigma2/3.12+git  -fdebug-prefix-map=/home/pli/builds/openpli-scarthgap-build-1-30-2025/openpli-oe-core/build/tmp/work/osmio4k-oe-linux-gnueabi/enigma2/3.12+git/build=/usr/src/debug/enigma2/3.12+git  -fdebug-prefix-map=/home/pli/builds/openpli-scarthgap-build-1-30-2025/openpli-oe-core/build/tmp/work/osmio4k-oe-linux-gnueabi/enigma2/3.12+git/recipe-sysroot=  -fmacro-prefix-map=/home/pli/builds/openpli-scarthgap-build-1-30-2025/openpli-oe-core/build/tmp/work/osmio4k-oe-linux-gnueabi/enigma2/3.12+git/recipe-sysroot=  -fdebug-prefix-map=/home/pli/builds/openpli-scarthgap-build-1-30-2025/openpli-oe-core/build/tmp/work/osmio4k-oe-linux-gnueabi/enigma2/3.12+git/recipe-sysroot-native=  -fvisibility-inlines-hidden -Wattribute-alias -Wattribute-alias=1 -Wall -Wextra -Werror 	-Wformat=2 -Wformat-overflow=2 -Wformat-nonliteral -Wformat-security 	-Wimplicit-fallthrough=5 -Wduplicated-branches -Wtrampolines 	-Wdangling-else -Wshift-overflow=2 -Wswitch 	-Wunused-but-set-parameter -Wunused-const-variable=1 -Wuninitialized 	-Wstringop-overflow=3 -Woverlength-strings 	-Wunsafe-loop-optimizations -Wpointer-arith 	-Wfloat-equal -Wlogical-op 	-Wno-error=cast-align=strict -Wno-error=ignored-qualifiers 	-Wno-error=cast-function-type -Wno-error=deprecated-declarations 	-Wno-error=stringop-truncation -Wno-error=shadow -Wno-error=cast-qual 	-Wno-error=aggregate-return -Wno-error=missing-field-initializers 	-Wno-error=packed -Wno-error=vla -Wno-error=clobbered -Wno-error=unused-parameter 	-I/home/pli/builds/openpli-scarthgap-build-1-30-2025/openpli-oe-core/build/tmp/work/osmio4k-oe-linux-gnueabi/enigma2/3.12+git/recipe-sysroot/usr/include/freetype2 -I/home/pli/builds/openpli-scarthgap-build-1-30-2025/openpli-oe-core/build/tmp/work/osmio4k-oe-linux-gnueabi/enigma2/3.12+git/recipe-sysroot/usr/include/fribidi -I/home/pli/builds/openpli-scarthgap-build-1-30-2025/openpli-oe-core/build/tmp/work/osmio4k-oe-linux-gnueabi/enigma2/3.12+git/recipe-sysroot/usr/include/glib-2.0 -I/home/pli/builds/openpli-scarthgap-build-1-30-2025/openpli-oe-core/build/tmp/work/osmio4k-oe-linux-gnueabi/enigma2/3.12+git/recipe-sysroot/usr/lib/glib-2.0/include -I/home/pli/builds/openpli-scarthgap-build-1-30-2025/openpli-oe-core/build/tmp/work/osmio4k-oe-linux-gnueabi/enigma2/3.12+git/recipe-sysroot/usr/include/libpng16 -I/home/pli/builds/openpli-scarthgap-build-1-30-2025/openpli-oe-core/build/tmp/work/osmio4k-oe-linux-gnueabi/enigma2/3.12+git/recipe-sysroot/usr/include/libxml2 -I/home/pli/builds/openpli-scarthgap-build-1-30-2025/openpli-oe-core/build/tmp/work/osmio4k-oe-linux-gnueabi/enigma2/3.12+git/recipe-sysroot/usr/include/sigc++-3.0 -I/home/pli/builds/openpli-scarthgap-build-1-30-2025/openpli-oe-core/build/tmp/work/osmio4k-oe-linux-gnueabi/enigma2/3.12+git/recipe-sysroot/usr/lib/sigc++-3.0/include -fno-rtti -fno-exceptions -rdynamic -funwind-tables  -fopenmp  -MT dvb/pvrparse.o -MD -MP -MF $depbase.Tpo -c -o dvb/pvrparse.o ../../git/lib/dvb/pvrparse.cpp &&\
mv -f $depbase.Tpo $depbase.Po

In file included from ../../git/lib/dvb/dvb.h:12,
                 from ../../git/lib/dvb/cablescan.cpp:10:
../../git/lib/dvb/tstools.h: In member function 'virtual RESULT eTSFileSectionReader::setBufferSize(int)':
../../git/lib/dvb/tstools.h:29:34: warning: unused parameter 'size' [-Wunused-parameter]
   29 |         RESULT setBufferSize(int size) { return 0; }
      |                              ~~~~^~~~

depbase=`echo dvb/radiotext.o | sed 's|[^/]*$|.deps/&|;s|\.o$||'`;\
arm-oe-linux-gnueabi-g++  -march=armv7ve -mfpu=neon-vfpv4 -mfloat-abi=hard -D_TIME_BITS=64 -D_FILE_OFFSET_BITS=64 --sysroot=/home/pli/builds/openpli-scarthgap-build-1-30-2025/openpli-oe-core/build/tmp/work/osmio4k-oe-linux-gnueabi/enigma2/3.12+git/recipe-sysroot -std=gnu++17 -DHAVE_CONFIG_H -I. -I../../git/lib -I..  -I.. -I../../git -I../../git/include -DPY_SSIZE_T_CLEAN -include Python.h -include ../enigma2_config.h -I/home/pli/builds/openpli-scarthgap-build-1-30-2025/openpli-oe-core/build/tmp/work/osmio4k-oe-linux-gnueabi/enigma2/3.12+git/recipe-sysroot/usr/include/python3.12  -Os -pipe -g -feliminate-unused-debug-types -fcanon-prefix-map  -fmacro-prefix-map=/home/pli/builds/openpli-scarthgap-build-1-30-2025/openpli-oe-core/build/tmp/work/osmio4k-oe-linux-gnueabi/enigma2/3.12+git/git=/usr/src/debug/enigma2/3.12+git  -fdebug-prefix-map=/home/pli/builds/openpli-scarthgap-build-1-30-2025/openpli-oe-core/build/tmp/work/osmio4k-oe-linux-gnueabi/enigma2/3.12+git/git=/usr/src/debug/enigma2/3.12+git  -fmacro-prefix-map=/home/pli/builds/openpli-scarthgap-build-1-30-2025/openpli-oe-core/build/tmp/work/osmio4k-oe-linux-gnueabi/enigma2/3.12+git/build=/usr/src/debug/enigma2/3.12+git  -fdebug-prefix-map=/home/pli/builds/openpli-scarthgap-build-1-30-2025/openpli-oe-core/build/tmp/work/osmio4k-oe-linux-gnueabi/enigma2/3.12+git/build=/usr/src/debug/enigma2/3.12+git  -fdebug-prefix-map=/home/pli/builds/openpli-scarthgap-build-1-30-2025/openpli-oe-core/build/tmp/work/osmio4k-oe-linux-gnueabi/enigma2/3.12+git/recipe-sysroot=  -fmacro-prefix-map=/home/pli/builds/openpli-scarthgap-build-1-30-2025/openpli-oe-core/build/tmp/work/osmio4k-oe-linux-gnueabi/enigma2/3.12+git/recipe-sysroot=  -fdebug-prefix-map=/home/pli/builds/openpli-scarthgap-build-1-30-2025/openpli-oe-core/build/tmp/work/osmio4k-oe-linux-gnueabi/enigma2/3.12+git/recipe-sysroot-native=  -fvisibility-inlines-hidden -Wattribute-alias -Wattribute-alias=1 -Wall -Wextra -Werror 	-Wformat=2 -Wformat-overflow=2 -Wformat-nonliteral -Wformat-security 	-Wimplicit-fallthrough=5 -Wduplicated-branches -Wtrampolines 	-Wdangling-else -Wshift-overflow=2 -Wswitch 	-Wunused-but-set-parameter -Wunused-const-variable=1 -Wuninitialized 	-Wstringop-overflow=3 -Woverlength-strings 	-Wunsafe-loop-optimizations -Wpointer-arith 	-Wfloat-equal -Wlogical-op 	-Wno-error=cast-align=strict -Wno-error=ignored-qualifiers 	-Wno-error=cast-function-type -Wno-error=deprecated-declarations 	-Wno-error=stringop-truncation -Wno-error=shadow -Wno-error=cast-qual 	-Wno-error=aggregate-return -Wno-error=missing-field-initializers 	-Wno-error=packed -Wno-error=vla -Wno-error=clobbered -Wno-error=unused-parameter 	-I/home/pli/builds/openpli-scarthgap-build-1-30-2025/openpli-oe-core/build/tmp/work/osmio4k-oe-linux-gnueabi/enigma2/3.12+git/recipe-sysroot/usr/include/freetype2 -I/home/pli/builds/openpli-scarthgap-build-1-30-2025/openpli-oe-core/build/tmp/work/osmio4k-oe-linux-gnueabi/enigma2/3.12+git/recipe-sysroot/usr/include/fribidi -I/home/pli/builds/openpli-scarthgap-build-1-30-2025/openpli-oe-core/build/tmp/work/osmio4k-oe-linux-gnueabi/enigma2/3.12+git/recipe-sysroot/usr/include/glib-2.0 -I/home/pli/builds/openpli-scarthgap-build-1-30-2025/openpli-oe-core/build/tmp/work/osmio4k-oe-linux-gnueabi/enigma2/3.12+git/recipe-sysroot/usr/lib/glib-2.0/include -I/home/pli/builds/openpli-scarthgap-build-1-30-2025/openpli-oe-core/build/tmp/work/osmio4k-oe-linux-gnueabi/enigma2/3.12+git/recipe-sysroot/usr/include/libpng16 -I/home/pli/builds/openpli-scarthgap-build-1-30-2025/openpli-oe-core/build/tmp/work/osmio4k-oe-linux-gnueabi/enigma2/3.12+git/recipe-sysroot/usr/include/libxml2 -I/home/pli/builds/openpli-scarthgap-build-1-30-2025/openpli-oe-core/build/tmp/work/osmio4k-oe-linux-gnueabi/enigma2/3.12+git/recipe-sysroot/usr/include/sigc++-3.0 -I/home/pli/builds/openpli-scarthgap-build-1-30-2025/openpli-oe-core/build/tmp/work/osmio4k-oe-linux-gnueabi/enigma2/3.12+git/recipe-sysroot/usr/lib/sigc++-3.0/include -fno-rtti -fno-exceptions -rdynamic -funwind-tables  -fopenmp  -MT dvb/radiotext.o -MD -MP -MF $depbase.Tpo -c -o dvb/radiotext.o ../../git/lib/dvb/radiotext.cpp &&\
mv -f $depbase.Tpo $depbase.Po

In file included from ../../git/lib/service/service.h:6,
                 from ../../git/lib/dvb/idvb.h:12,
                 from ../../git/lib/dvb/demux.h:5,
                 from ../../git/lib/dvb/decoder.h:5,
                 from ../../git/lib/dvb/decoder.cpp:5:
../../git/lib/service/iservice.h: In member function 'virtual void iServiceInformation::getAITApplications(std::map<int, std::__cxx11::basic_string<char> >&)':
../../git/lib/service/iservice.h:439:69: warning: unused parameter 'aitlist' [-Wunused-parameter]
  439 |         virtual void getAITApplications(std::map<int, std::string> &aitlist) {};
      |                                         ~~~~~~~~~~~~~~~~~~~~~~~~~~~~^~~~~~~

In file included from ../../git/lib/service/service.h:6,
                 from ../../git/lib/dvb/idvb.h:12,
                 from ../../git/lib/dvb/db.h:5,
                 from ../../git/lib/dvb/db.cpp:3:
../../git/lib/service/iservice.h: In member function 'virtual void iServiceInformation::getAITApplications(std::map<int, std::__cxx11::basic_string<char> >&)':
../../git/lib/service/iservice.h:439:69: warning: unused parameter 'aitlist' [-Wunused-parameter]
  439 |         virtual void getAITApplications(std::map<int, std::string> &aitlist) {};
      |                                         ~~~~~~~~~~~~~~~~~~~~~~~~~~~~^~~~~~~

depbase=`echo dvb/rotor_calc.o | sed 's|[^/]*$|.deps/&|;s|\.o$||'`;\
arm-oe-linux-gnueabi-g++  -march=armv7ve -mfpu=neon-vfpv4 -mfloat-abi=hard -D_TIME_BITS=64 -D_FILE_OFFSET_BITS=64 --sysroot=/home/pli/builds/openpli-scarthgap-build-1-30-2025/openpli-oe-core/build/tmp/work/osmio4k-oe-linux-gnueabi/enigma2/3.12+git/recipe-sysroot -std=gnu++17 -DHAVE_CONFIG_H -I. -I../../git/lib -I..  -I.. -I../../git -I../../git/include -DPY_SSIZE_T_CLEAN -include Python.h -include ../enigma2_config.h -I/home/pli/builds/openpli-scarthgap-build-1-30-2025/openpli-oe-core/build/tmp/work/osmio4k-oe-linux-gnueabi/enigma2/3.12+git/recipe-sysroot/usr/include/python3.12  -Os -pipe -g -feliminate-unused-debug-types -fcanon-prefix-map  -fmacro-prefix-map=/home/pli/builds/openpli-scarthgap-build-1-30-2025/openpli-oe-core/build/tmp/work/osmio4k-oe-linux-gnueabi/enigma2/3.12+git/git=/usr/src/debug/enigma2/3.12+git  -fdebug-prefix-map=/home/pli/builds/openpli-scarthgap-build-1-30-2025/openpli-oe-core/build/tmp/work/osmio4k-oe-linux-gnueabi/enigma2/3.12+git/git=/usr/src/debug/enigma2/3.12+git  -fmacro-prefix-map=/home/pli/builds/openpli-scarthgap-build-1-30-2025/openpli-oe-core/build/tmp/work/osmio4k-oe-linux-gnueabi/enigma2/3.12+git/build=/usr/src/debug/enigma2/3.12+git  -fdebug-prefix-map=/home/pli/builds/openpli-scarthgap-build-1-30-2025/openpli-oe-core/build/tmp/work/osmio4k-oe-linux-gnueabi/enigma2/3.12+git/build=/usr/src/debug/enigma2/3.12+git  -fdebug-prefix-map=/home/pli/builds/openpli-scarthgap-build-1-30-2025/openpli-oe-core/build/tmp/work/osmio4k-oe-linux-gnueabi/enigma2/3.12+git/recipe-sysroot=  -fmacro-prefix-map=/home/pli/builds/openpli-scarthgap-build-1-30-2025/openpli-oe-core/build/tmp/work/osmio4k-oe-linux-gnueabi/enigma2/3.12+git/recipe-sysroot=  -fdebug-prefix-map=/home/pli/builds/openpli-scarthgap-build-1-30-2025/openpli-oe-core/build/tmp/work/osmio4k-oe-linux-gnueabi/enigma2/3.12+git/recipe-sysroot-native=  -fvisibility-inlines-hidden -Wattribute-alias -Wattribute-alias=1 -Wall -Wextra -Werror 	-Wformat=2 -Wformat-overflow=2 -Wformat-nonliteral -Wformat-security 	-Wimplicit-fallthrough=5 -Wduplicated-branches -Wtrampolines 	-Wdangling-else -Wshift-overflow=2 -Wswitch 	-Wunused-but-set-parameter -Wunused-const-variable=1 -Wuninitialized 	-Wstringop-overflow=3 -Woverlength-strings 	-Wunsafe-loop-optimizations -Wpointer-arith 	-Wfloat-equal -Wlogical-op 	-Wno-error=cast-align=strict -Wno-error=ignored-qualifiers 	-Wno-error=cast-function-type -Wno-error=deprecated-declarations 	-Wno-error=stringop-truncation -Wno-error=shadow -Wno-error=cast-qual 	-Wno-error=aggregate-return -Wno-error=missing-field-initializers 	-Wno-error=packed -Wno-error=vla -Wno-error=clobbered -Wno-error=unused-parameter 	-I/home/pli/builds/openpli-scarthgap-build-1-30-2025/openpli-oe-core/build/tmp/work/osmio4k-oe-linux-gnueabi/enigma2/3.12+git/recipe-sysroot/usr/include/freetype2 -I/home/pli/builds/openpli-scarthgap-build-1-30-2025/openpli-oe-core/build/tmp/work/osmio4k-oe-linux-gnueabi/enigma2/3.12+git/recipe-sysroot/usr/include/fribidi -I/home/pli/builds/openpli-scarthgap-build-1-30-2025/openpli-oe-core/build/tmp/work/osmio4k-oe-linux-gnueabi/enigma2/3.12+git/recipe-sysroot/usr/include/glib-2.0 -I/home/pli/builds/openpli-scarthgap-build-1-30-2025/openpli-oe-core/build/tmp/work/osmio4k-oe-linux-gnueabi/enigma2/3.12+git/recipe-sysroot/usr/lib/glib-2.0/include -I/home/pli/builds/openpli-scarthgap-build-1-30-2025/openpli-oe-core/build/tmp/work/osmio4k-oe-linux-gnueabi/enigma2/3.12+git/recipe-sysroot/usr/include/libpng16 -I/home/pli/builds/openpli-scarthgap-build-1-30-2025/openpli-oe-core/build/tmp/work/osmio4k-oe-linux-gnueabi/enigma2/3.12+git/recipe-sysroot/usr/include/libxml2 -I/home/pli/builds/openpli-scarthgap-build-1-30-2025/openpli-oe-core/build/tmp/work/osmio4k-oe-linux-gnueabi/enigma2/3.12+git/recipe-sysroot/usr/include/sigc++-3.0 -I/home/pli/builds/openpli-scarthgap-build-1-30-2025/openpli-oe-core/build/tmp/work/osmio4k-oe-linux-gnueabi/enigma2/3.12+git/recipe-sysroot/usr/lib/sigc++-3.0/include -fno-rtti -fno-exceptions -rdynamic -funwind-tables  -fopenmp  -MT dvb/rotor_calc.o -MD -MP -MF $depbase.Tpo -c -o dvb/rotor_calc.o ../../git/lib/dvb/rotor_calc.cpp &&\
mv -f $depbase.Tpo $depbase.Po

../../git/lib/base/smartptr.h:64: Warning 503: Can't wrap 'operator eWindowStyle*' unless renamed to a valid identifier.

../../git/lib/base/smartptr.h:64: Warning 503: Can't wrap 'operator eWindowStyleManager*' unless renamed to a valid identifier.

depbase=`echo dvb/scan.o | sed 's|[^/]*$|.deps/&|;s|\.o$||'`;\
arm-oe-linux-gnueabi-g++  -march=armv7ve -mfpu=neon-vfpv4 -mfloat-abi=hard -D_TIME_BITS=64 -D_FILE_OFFSET_BITS=64 --sysroot=/home/pli/builds/openpli-scarthgap-build-1-30-2025/openpli-oe-core/build/tmp/work/osmio4k-oe-linux-gnueabi/enigma2/3.12+git/recipe-sysroot -std=gnu++17 -DHAVE_CONFIG_H -I. -I../../git/lib -I..  -I.. -I../../git -I../../git/include -DPY_SSIZE_T_CLEAN -include Python.h -include ../enigma2_config.h -I/home/pli/builds/openpli-scarthgap-build-1-30-2025/openpli-oe-core/build/tmp/work/osmio4k-oe-linux-gnueabi/enigma2/3.12+git/recipe-sysroot/usr/include/python3.12  -Os -pipe -g -feliminate-unused-debug-types -fcanon-prefix-map  -fmacro-prefix-map=/home/pli/builds/openpli-scarthgap-build-1-30-2025/openpli-oe-core/build/tmp/work/osmio4k-oe-linux-gnueabi/enigma2/3.12+git/git=/usr/src/debug/enigma2/3.12+git  -fdebug-prefix-map=/home/pli/builds/openpli-scarthgap-build-1-30-2025/openpli-oe-core/build/tmp/work/osmio4k-oe-linux-gnueabi/enigma2/3.12+git/git=/usr/src/debug/enigma2/3.12+git  -fmacro-prefix-map=/home/pli/builds/openpli-scarthgap-build-1-30-2025/openpli-oe-core/build/tmp/work/osmio4k-oe-linux-gnueabi/enigma2/3.12+git/build=/usr/src/debug/enigma2/3.12+git  -fdebug-prefix-map=/home/pli/builds/openpli-scarthgap-build-1-30-2025/openpli-oe-core/build/tmp/work/osmio4k-oe-linux-gnueabi/enigma2/3.12+git/build=/usr/src/debug/enigma2/3.12+git  -fdebug-prefix-map=/home/pli/builds/openpli-scarthgap-build-1-30-2025/openpli-oe-core/build/tmp/work/osmio4k-oe-linux-gnueabi/enigma2/3.12+git/recipe-sysroot=  -fmacro-prefix-map=/home/pli/builds/openpli-scarthgap-build-1-30-2025/openpli-oe-core/build/tmp/work/osmio4k-oe-linux-gnueabi/enigma2/3.12+git/recipe-sysroot=  -fdebug-prefix-map=/home/pli/builds/openpli-scarthgap-build-1-30-2025/openpli-oe-core/build/tmp/work/osmio4k-oe-linux-gnueabi/enigma2/3.12+git/recipe-sysroot-native=  -fvisibility-inlines-hidden -Wattribute-alias -Wattribute-alias=1 -Wall -Wextra -Werror 	-Wformat=2 -Wformat-overflow=2 -Wformat-nonliteral -Wformat-security 	-Wimplicit-fallthrough=5 -Wduplicated-branches -Wtrampolines 	-Wdangling-else -Wshift-overflow=2 -Wswitch 	-Wunused-but-set-parameter -Wunused-const-variable=1 -Wuninitialized 	-Wstringop-overflow=3 -Woverlength-strings 	-Wunsafe-loop-optimizations -Wpointer-arith 	-Wfloat-equal -Wlogical-op 	-Wno-error=cast-align=strict -Wno-error=ignored-qualifiers 	-Wno-error=cast-function-type -Wno-error=deprecated-declarations 	-Wno-error=stringop-truncation -Wno-error=shadow -Wno-error=cast-qual 	-Wno-error=aggregate-return -Wno-error=missing-field-initializers 	-Wno-error=packed -Wno-error=vla -Wno-error=clobbered -Wno-error=unused-parameter 	-I/home/pli/builds/openpli-scarthgap-build-1-30-2025/openpli-oe-core/build/tmp/work/osmio4k-oe-linux-gnueabi/enigma2/3.12+git/recipe-sysroot/usr/include/freetype2 -I/home/pli/builds/openpli-scarthgap-build-1-30-2025/openpli-oe-core/build/tmp/work/osmio4k-oe-linux-gnueabi/enigma2/3.12+git/recipe-sysroot/usr/include/fribidi -I/home/pli/builds/openpli-scarthgap-build-1-30-2025/openpli-oe-core/build/tmp/work/osmio4k-oe-linux-gnueabi/enigma2/3.12+git/recipe-sysroot/usr/include/glib-2.0 -I/home/pli/builds/openpli-scarthgap-build-1-30-2025/openpli-oe-core/build/tmp/work/osmio4k-oe-linux-gnueabi/enigma2/3.12+git/recipe-sysroot/usr/lib/glib-2.0/include -I/home/pli/builds/openpli-scarthgap-build-1-30-2025/openpli-oe-core/build/tmp/work/osmio4k-oe-linux-gnueabi/enigma2/3.12+git/recipe-sysroot/usr/include/libpng16 -I/home/pli/builds/openpli-scarthgap-build-1-30-2025/openpli-oe-core/build/tmp/work/osmio4k-oe-linux-gnueabi/enigma2/3.12+git/recipe-sysroot/usr/include/libxml2 -I/home/pli/builds/openpli-scarthgap-build-1-30-2025/openpli-oe-core/build/tmp/work/osmio4k-oe-linux-gnueabi/enigma2/3.12+git/recipe-sysroot/usr/include/sigc++-3.0 -I/home/pli/builds/openpli-scarthgap-build-1-30-2025/openpli-oe-core/build/tmp/work/osmio4k-oe-linux-gnueabi/enigma2/3.12+git/recipe-sysroot/usr/lib/sigc++-3.0/include -fno-rtti -fno-exceptions -rdynamic -funwind-tables  -fopenmp  -MT dvb/scan.o -MD -MP -MF $depbase.Tpo -c -o dvb/scan.o ../../git/lib/dvb/scan.cpp &&\
mv -f $depbase.Tpo $depbase.Po

In file included from ../../git/lib/service/service.h:6,
                 from ../../git/lib/dvb/idvb.h:12,
                 from ../../git/lib/dvb/demux.cpp:12:
../../git/lib/service/iservice.h: In member function 'virtual void iServiceInformation::getAITApplications(std::map<int, std::__cxx11::basic_string<char> >&)':
../../git/lib/service/iservice.h:439:69: warning: unused parameter 'aitlist' [-Wunused-parameter]
  439 |         virtual void getAITApplications(std::map<int, std::string> &aitlist) {};
      |                                         ~~~~~~~~~~~~~~~~~~~~~~~~~~~~^~~~~~~

../../git/lib/dvb/decoder.cpp: In member function 'virtual RESULT eTSMPEGDecoder::setSyncMaster(int)':
../../git/lib/dvb/decoder.cpp:1123:42: warning: unused parameter 'who' [-Wunused-parameter]
 1123 | RESULT eTSMPEGDecoder::setSyncMaster(int who)
      |                                      ~~~~^~~

../../git/lib/base/smartptr.h:64: Warning 503: Can't wrap 'operator eActionMap*' unless renamed to a valid identifier.

depbase=`echo dvb/sec.o | sed 's|[^/]*$|.deps/&|;s|\.o$||'`;\
arm-oe-linux-gnueabi-g++  -march=armv7ve -mfpu=neon-vfpv4 -mfloat-abi=hard -D_TIME_BITS=64 -D_FILE_OFFSET_BITS=64 --sysroot=/home/pli/builds/openpli-scarthgap-build-1-30-2025/openpli-oe-core/build/tmp/work/osmio4k-oe-linux-gnueabi/enigma2/3.12+git/recipe-sysroot -std=gnu++17 -DHAVE_CONFIG_H -I. -I../../git/lib -I..  -I.. -I../../git -I../../git/include -DPY_SSIZE_T_CLEAN -include Python.h -include ../enigma2_config.h -I/home/pli/builds/openpli-scarthgap-build-1-30-2025/openpli-oe-core/build/tmp/work/osmio4k-oe-linux-gnueabi/enigma2/3.12+git/recipe-sysroot/usr/include/python3.12  -Os -pipe -g -feliminate-unused-debug-types -fcanon-prefix-map  -fmacro-prefix-map=/home/pli/builds/openpli-scarthgap-build-1-30-2025/openpli-oe-core/build/tmp/work/osmio4k-oe-linux-gnueabi/enigma2/3.12+git/git=/usr/src/debug/enigma2/3.12+git  -fdebug-prefix-map=/home/pli/builds/openpli-scarthgap-build-1-30-2025/openpli-oe-core/build/tmp/work/osmio4k-oe-linux-gnueabi/enigma2/3.12+git/git=/usr/src/debug/enigma2/3.12+git  -fmacro-prefix-map=/home/pli/builds/openpli-scarthgap-build-1-30-2025/openpli-oe-core/build/tmp/work/osmio4k-oe-linux-gnueabi/enigma2/3.12+git/build=/usr/src/debug/enigma2/3.12+git  -fdebug-prefix-map=/home/pli/builds/openpli-scarthgap-build-1-30-2025/openpli-oe-core/build/tmp/work/osmio4k-oe-linux-gnueabi/enigma2/3.12+git/build=/usr/src/debug/enigma2/3.12+git  -fdebug-prefix-map=/home/pli/builds/openpli-scarthgap-build-1-30-2025/openpli-oe-core/build/tmp/work/osmio4k-oe-linux-gnueabi/enigma2/3.12+git/recipe-sysroot=  -fmacro-prefix-map=/home/pli/builds/openpli-scarthgap-build-1-30-2025/openpli-oe-core/build/tmp/work/osmio4k-oe-linux-gnueabi/enigma2/3.12+git/recipe-sysroot=  -fdebug-prefix-map=/home/pli/builds/openpli-scarthgap-build-1-30-2025/openpli-oe-core/build/tmp/work/osmio4k-oe-linux-gnueabi/enigma2/3.12+git/recipe-sysroot-native=  -fvisibility-inlines-hidden -Wattribute-alias -Wattribute-alias=1 -Wall -Wextra -Werror 	-Wformat=2 -Wformat-overflow=2 -Wformat-nonliteral -Wformat-security 	-Wimplicit-fallthrough=5 -Wduplicated-branches -Wtrampolines 	-Wdangling-else -Wshift-overflow=2 -Wswitch 	-Wunused-but-set-parameter -Wunused-const-variable=1 -Wuninitialized 	-Wstringop-overflow=3 -Woverlength-strings 	-Wunsafe-loop-optimizations -Wpointer-arith 	-Wfloat-equal -Wlogical-op 	-Wno-error=cast-align=strict -Wno-error=ignored-qualifiers 	-Wno-error=cast-function-type -Wno-error=deprecated-declarations 	-Wno-error=stringop-truncation -Wno-error=shadow -Wno-error=cast-qual 	-Wno-error=aggregate-return -Wno-error=missing-field-initializers 	-Wno-error=packed -Wno-error=vla -Wno-error=clobbered -Wno-error=unused-parameter 	-I/home/pli/builds/openpli-scarthgap-build-1-30-2025/openpli-oe-core/build/tmp/work/osmio4k-oe-linux-gnueabi/enigma2/3.12+git/recipe-sysroot/usr/include/freetype2 -I/home/pli/builds/openpli-scarthgap-build-1-30-2025/openpli-oe-core/build/tmp/work/osmio4k-oe-linux-gnueabi/enigma2/3.12+git/recipe-sysroot/usr/include/fribidi -I/home/pli/builds/openpli-scarthgap-build-1-30-2025/openpli-oe-core/build/tmp/work/osmio4k-oe-linux-gnueabi/enigma2/3.12+git/recipe-sysroot/usr/include/glib-2.0 -I/home/pli/builds/openpli-scarthgap-build-1-30-2025/openpli-oe-core/build/tmp/work/osmio4k-oe-linux-gnueabi/enigma2/3.12+git/recipe-sysroot/usr/lib/glib-2.0/include -I/home/pli/builds/openpli-scarthgap-build-1-30-2025/openpli-oe-core/build/tmp/work/osmio4k-oe-linux-gnueabi/enigma2/3.12+git/recipe-sysroot/usr/include/libpng16 -I/home/pli/builds/openpli-scarthgap-build-1-30-2025/openpli-oe-core/build/tmp/work/osmio4k-oe-linux-gnueabi/enigma2/3.12+git/recipe-sysroot/usr/include/libxml2 -I/home/pli/builds/openpli-scarthgap-build-1-30-2025/openpli-oe-core/build/tmp/work/osmio4k-oe-linux-gnueabi/enigma2/3.12+git/recipe-sysroot/usr/include/sigc++-3.0 -I/home/pli/builds/openpli-scarthgap-build-1-30-2025/openpli-oe-core/build/tmp/work/osmio4k-oe-linux-gnueabi/enigma2/3.12+git/recipe-sysroot/usr/lib/sigc++-3.0/include -fno-rtti -fno-exceptions -rdynamic -funwind-tables  -fopenmp  -MT dvb/sec.o -MD -MP -MF $depbase.Tpo -c -o dvb/sec.o ../../git/lib/dvb/sec.cpp &&\
mv -f $depbase.Tpo $depbase.Po

In file included from ../../git/lib/service/service.h:6,
                 from ../../git/lib/dvb/idvb.h:12,
                 from ../../git/lib/dvb/cahandler.h:11,
                 from ../../git/lib/dvb/dvb.cpp:9:
../../git/lib/service/iservice.h: In member function 'virtual void iServiceInformation::getAITApplications(std::map<int, std::__cxx11::basic_string<char> >&)':
../../git/lib/service/iservice.h:439:69: warning: unused parameter 'aitlist' [-Wunused-parameter]
  439 |         virtual void getAITApplications(std::map<int, std::string> &aitlist) {};
      |                                         ~~~~~~~~~~~~~~~~~~~~~~~~~~~~^~~~~~~

depbase=`echo dvb/subtitle.o | sed 's|[^/]*$|.deps/&|;s|\.o$||'`;\
arm-oe-linux-gnueabi-g++  -march=armv7ve -mfpu=neon-vfpv4 -mfloat-abi=hard -D_TIME_BITS=64 -D_FILE_OFFSET_BITS=64 --sysroot=/home/pli/builds/openpli-scarthgap-build-1-30-2025/openpli-oe-core/build/tmp/work/osmio4k-oe-linux-gnueabi/enigma2/3.12+git/recipe-sysroot -std=gnu++17 -DHAVE_CONFIG_H -I. -I../../git/lib -I..  -I.. -I../../git -I../../git/include -DPY_SSIZE_T_CLEAN -include Python.h -include ../enigma2_config.h -I/home/pli/builds/openpli-scarthgap-build-1-30-2025/openpli-oe-core/build/tmp/work/osmio4k-oe-linux-gnueabi/enigma2/3.12+git/recipe-sysroot/usr/include/python3.12  -Os -pipe -g -feliminate-unused-debug-types -fcanon-prefix-map  -fmacro-prefix-map=/home/pli/builds/openpli-scarthgap-build-1-30-2025/openpli-oe-core/build/tmp/work/osmio4k-oe-linux-gnueabi/enigma2/3.12+git/git=/usr/src/debug/enigma2/3.12+git  -fdebug-prefix-map=/home/pli/builds/openpli-scarthgap-build-1-30-2025/openpli-oe-core/build/tmp/work/osmio4k-oe-linux-gnueabi/enigma2/3.12+git/git=/usr/src/debug/enigma2/3.12+git  -fmacro-prefix-map=/home/pli/builds/openpli-scarthgap-build-1-30-2025/openpli-oe-core/build/tmp/work/osmio4k-oe-linux-gnueabi/enigma2/3.12+git/build=/usr/src/debug/enigma2/3.12+git  -fdebug-prefix-map=/home/pli/builds/openpli-scarthgap-build-1-30-2025/openpli-oe-core/build/tmp/work/osmio4k-oe-linux-gnueabi/enigma2/3.12+git/build=/usr/src/debug/enigma2/3.12+git  -fdebug-prefix-map=/home/pli/builds/openpli-scarthgap-build-1-30-2025/openpli-oe-core/build/tmp/work/osmio4k-oe-linux-gnueabi/enigma2/3.12+git/recipe-sysroot=  -fmacro-prefix-map=/home/pli/builds/openpli-scarthgap-build-1-30-2025/openpli-oe-core/build/tmp/work/osmio4k-oe-linux-gnueabi/enigma2/3.12+git/recipe-sysroot=  -fdebug-prefix-map=/home/pli/builds/openpli-scarthgap-build-1-30-2025/openpli-oe-core/build/tmp/work/osmio4k-oe-linux-gnueabi/enigma2/3.12+git/recipe-sysroot-native=  -fvisibility-inlines-hidden -Wattribute-alias -Wattribute-alias=1 -Wall -Wextra -Werror 	-Wformat=2 -Wformat-overflow=2 -Wformat-nonliteral -Wformat-security 	-Wimplicit-fallthrough=5 -Wduplicated-branches -Wtrampolines 	-Wdangling-else -Wshift-overflow=2 -Wswitch 	-Wunused-but-set-parameter -Wunused-const-variable=1 -Wuninitialized 	-Wstringop-overflow=3 -Woverlength-strings 	-Wunsafe-loop-optimizations -Wpointer-arith 	-Wfloat-equal -Wlogical-op 	-Wno-error=cast-align=strict -Wno-error=ignored-qualifiers 	-Wno-error=cast-function-type -Wno-error=deprecated-declarations 	-Wno-error=stringop-truncation -Wno-error=shadow -Wno-error=cast-qual 	-Wno-error=aggregate-return -Wno-error=missing-field-initializers 	-Wno-error=packed -Wno-error=vla -Wno-error=clobbered -Wno-error=unused-parameter 	-I/home/pli/builds/openpli-scarthgap-build-1-30-2025/openpli-oe-core/build/tmp/work/osmio4k-oe-linux-gnueabi/enigma2/3.12+git/recipe-sysroot/usr/include/freetype2 -I/home/pli/builds/openpli-scarthgap-build-1-30-2025/openpli-oe-core/build/tmp/work/osmio4k-oe-linux-gnueabi/enigma2/3.12+git/recipe-sysroot/usr/include/fribidi -I/home/pli/builds/openpli-scarthgap-build-1-30-2025/openpli-oe-core/build/tmp/work/osmio4k-oe-linux-gnueabi/enigma2/3.12+git/recipe-sysroot/usr/include/glib-2.0 -I/home/pli/builds/openpli-scarthgap-build-1-30-2025/openpli-oe-core/build/tmp/work/osmio4k-oe-linux-gnueabi/enigma2/3.12+git/recipe-sysroot/usr/lib/glib-2.0/include -I/home/pli/builds/openpli-scarthgap-build-1-30-2025/openpli-oe-core/build/tmp/work/osmio4k-oe-linux-gnueabi/enigma2/3.12+git/recipe-sysroot/usr/include/libpng16 -I/home/pli/builds/openpli-scarthgap-build-1-30-2025/openpli-oe-core/build/tmp/work/osmio4k-oe-linux-gnueabi/enigma2/3.12+git/recipe-sysroot/usr/include/libxml2 -I/home/pli/builds/openpli-scarthgap-build-1-30-2025/openpli-oe-core/build/tmp/work/osmio4k-oe-linux-gnueabi/enigma2/3.12+git/recipe-sysroot/usr/include/sigc++-3.0 -I/home/pli/builds/openpli-scarthgap-build-1-30-2025/openpli-oe-core/build/tmp/work/osmio4k-oe-linux-gnueabi/enigma2/3.12+git/recipe-sysroot/usr/lib/sigc++-3.0/include -fno-rtti -fno-exceptions -rdynamic -funwind-tables  -fopenmp  -MT dvb/subtitle.o -MD -MP -MF $depbase.Tpo -c -o dvb/subtitle.o ../../git/lib/dvb/subtitle.cpp &&\
mv -f $depbase.Tpo $depbase.Po

depbase=`echo dvb/teletext.o | sed 's|[^/]*$|.deps/&|;s|\.o$||'`;\
arm-oe-linux-gnueabi-g++  -march=armv7ve -mfpu=neon-vfpv4 -mfloat-abi=hard -D_TIME_BITS=64 -D_FILE_OFFSET_BITS=64 --sysroot=/home/pli/builds/openpli-scarthgap-build-1-30-2025/openpli-oe-core/build/tmp/work/osmio4k-oe-linux-gnueabi/enigma2/3.12+git/recipe-sysroot -std=gnu++17 -DHAVE_CONFIG_H -I. -I../../git/lib -I..  -I.. -I../../git -I../../git/include -DPY_SSIZE_T_CLEAN -include Python.h -include ../enigma2_config.h -I/home/pli/builds/openpli-scarthgap-build-1-30-2025/openpli-oe-core/build/tmp/work/osmio4k-oe-linux-gnueabi/enigma2/3.12+git/recipe-sysroot/usr/include/python3.12  -Os -pipe -g -feliminate-unused-debug-types -fcanon-prefix-map  -fmacro-prefix-map=/home/pli/builds/openpli-scarthgap-build-1-30-2025/openpli-oe-core/build/tmp/work/osmio4k-oe-linux-gnueabi/enigma2/3.12+git/git=/usr/src/debug/enigma2/3.12+git  -fdebug-prefix-map=/home/pli/builds/openpli-scarthgap-build-1-30-2025/openpli-oe-core/build/tmp/work/osmio4k-oe-linux-gnueabi/enigma2/3.12+git/git=/usr/src/debug/enigma2/3.12+git  -fmacro-prefix-map=/home/pli/builds/openpli-scarthgap-build-1-30-2025/openpli-oe-core/build/tmp/work/osmio4k-oe-linux-gnueabi/enigma2/3.12+git/build=/usr/src/debug/enigma2/3.12+git  -fdebug-prefix-map=/home/pli/builds/openpli-scarthgap-build-1-30-2025/openpli-oe-core/build/tmp/work/osmio4k-oe-linux-gnueabi/enigma2/3.12+git/build=/usr/src/debug/enigma2/3.12+git  -fdebug-prefix-map=/home/pli/builds/openpli-scarthgap-build-1-30-2025/openpli-oe-core/build/tmp/work/osmio4k-oe-linux-gnueabi/enigma2/3.12+git/recipe-sysroot=  -fmacro-prefix-map=/home/pli/builds/openpli-scarthgap-build-1-30-2025/openpli-oe-core/build/tmp/work/osmio4k-oe-linux-gnueabi/enigma2/3.12+git/recipe-sysroot=  -fdebug-prefix-map=/home/pli/builds/openpli-scarthgap-build-1-30-2025/openpli-oe-core/build/tmp/work/osmio4k-oe-linux-gnueabi/enigma2/3.12+git/recipe-sysroot-native=  -fvisibility-inlines-hidden -Wattribute-alias -Wattribute-alias=1 -Wall -Wextra -Werror 	-Wformat=2 -Wformat-overflow=2 -Wformat-nonliteral -Wformat-security 	-Wimplicit-fallthrough=5 -Wduplicated-branches -Wtrampolines 	-Wdangling-else -Wshift-overflow=2 -Wswitch 	-Wunused-but-set-parameter -Wunused-const-variable=1 -Wuninitialized 	-Wstringop-overflow=3 -Woverlength-strings 	-Wunsafe-loop-optimizations -Wpointer-arith 	-Wfloat-equal -Wlogical-op 	-Wno-error=cast-align=strict -Wno-error=ignored-qualifiers 	-Wno-error=cast-function-type -Wno-error=deprecated-declarations 	-Wno-error=stringop-truncation -Wno-error=shadow -Wno-error=cast-qual 	-Wno-error=aggregate-return -Wno-error=missing-field-initializers 	-Wno-error=packed -Wno-error=vla -Wno-error=clobbered -Wno-error=unused-parameter 	-I/home/pli/builds/openpli-scarthgap-build-1-30-2025/openpli-oe-core/build/tmp/work/osmio4k-oe-linux-gnueabi/enigma2/3.12+git/recipe-sysroot/usr/include/freetype2 -I/home/pli/builds/openpli-scarthgap-build-1-30-2025/openpli-oe-core/build/tmp/work/osmio4k-oe-linux-gnueabi/enigma2/3.12+git/recipe-sysroot/usr/include/fribidi -I/home/pli/builds/openpli-scarthgap-build-1-30-2025/openpli-oe-core/build/tmp/work/osmio4k-oe-linux-gnueabi/enigma2/3.12+git/recipe-sysroot/usr/include/glib-2.0 -I/home/pli/builds/openpli-scarthgap-build-1-30-2025/openpli-oe-core/build/tmp/work/osmio4k-oe-linux-gnueabi/enigma2/3.12+git/recipe-sysroot/usr/lib/glib-2.0/include -I/home/pli/builds/openpli-scarthgap-build-1-30-2025/openpli-oe-core/build/tmp/work/osmio4k-oe-linux-gnueabi/enigma2/3.12+git/recipe-sysroot/usr/include/libpng16 -I/home/pli/builds/openpli-scarthgap-build-1-30-2025/openpli-oe-core/build/tmp/work/osmio4k-oe-linux-gnueabi/enigma2/3.12+git/recipe-sysroot/usr/include/libxml2 -I/home/pli/builds/openpli-scarthgap-build-1-30-2025/openpli-oe-core/build/tmp/work/osmio4k-oe-linux-gnueabi/enigma2/3.12+git/recipe-sysroot/usr/include/sigc++-3.0 -I/home/pli/builds/openpli-scarthgap-build-1-30-2025/openpli-oe-core/build/tmp/work/osmio4k-oe-linux-gnueabi/enigma2/3.12+git/recipe-sysroot/usr/lib/sigc++-3.0/include -fno-rtti -fno-exceptions -rdynamic -funwind-tables  -fopenmp  -MT dvb/teletext.o -MD -MP -MF $depbase.Tpo -c -o dvb/teletext.o ../../git/lib/dvb/teletext.cpp &&\
mv -f $depbase.Tpo $depbase.Po

depbase=`echo dvb/tstools.o | sed 's|[^/]*$|.deps/&|;s|\.o$||'`;\
arm-oe-linux-gnueabi-g++  -march=armv7ve -mfpu=neon-vfpv4 -mfloat-abi=hard -D_TIME_BITS=64 -D_FILE_OFFSET_BITS=64 --sysroot=/home/pli/builds/openpli-scarthgap-build-1-30-2025/openpli-oe-core/build/tmp/work/osmio4k-oe-linux-gnueabi/enigma2/3.12+git/recipe-sysroot -std=gnu++17 -DHAVE_CONFIG_H -I. -I../../git/lib -I..  -I.. -I../../git -I../../git/include -DPY_SSIZE_T_CLEAN -include Python.h -include ../enigma2_config.h -I/home/pli/builds/openpli-scarthgap-build-1-30-2025/openpli-oe-core/build/tmp/work/osmio4k-oe-linux-gnueabi/enigma2/3.12+git/recipe-sysroot/usr/include/python3.12  -Os -pipe -g -feliminate-unused-debug-types -fcanon-prefix-map  -fmacro-prefix-map=/home/pli/builds/openpli-scarthgap-build-1-30-2025/openpli-oe-core/build/tmp/work/osmio4k-oe-linux-gnueabi/enigma2/3.12+git/git=/usr/src/debug/enigma2/3.12+git  -fdebug-prefix-map=/home/pli/builds/openpli-scarthgap-build-1-30-2025/openpli-oe-core/build/tmp/work/osmio4k-oe-linux-gnueabi/enigma2/3.12+git/git=/usr/src/debug/enigma2/3.12+git  -fmacro-prefix-map=/home/pli/builds/openpli-scarthgap-build-1-30-2025/openpli-oe-core/build/tmp/work/osmio4k-oe-linux-gnueabi/enigma2/3.12+git/build=/usr/src/debug/enigma2/3.12+git  -fdebug-prefix-map=/home/pli/builds/openpli-scarthgap-build-1-30-2025/openpli-oe-core/build/tmp/work/osmio4k-oe-linux-gnueabi/enigma2/3.12+git/build=/usr/src/debug/enigma2/3.12+git  -fdebug-prefix-map=/home/pli/builds/openpli-scarthgap-build-1-30-2025/openpli-oe-core/build/tmp/work/osmio4k-oe-linux-gnueabi/enigma2/3.12+git/recipe-sysroot=  -fmacro-prefix-map=/home/pli/builds/openpli-scarthgap-build-1-30-2025/openpli-oe-core/build/tmp/work/osmio4k-oe-linux-gnueabi/enigma2/3.12+git/recipe-sysroot=  -fdebug-prefix-map=/home/pli/builds/openpli-scarthgap-build-1-30-2025/openpli-oe-core/build/tmp/work/osmio4k-oe-linux-gnueabi/enigma2/3.12+git/recipe-sysroot-native=  -fvisibility-inlines-hidden -Wattribute-alias -Wattribute-alias=1 -Wall -Wextra -Werror 	-Wformat=2 -Wformat-overflow=2 -Wformat-nonliteral -Wformat-security 	-Wimplicit-fallthrough=5 -Wduplicated-branches -Wtrampolines 	-Wdangling-else -Wshift-overflow=2 -Wswitch 	-Wunused-but-set-parameter -Wunused-const-variable=1 -Wuninitialized 	-Wstringop-overflow=3 -Woverlength-strings 	-Wunsafe-loop-optimizations -Wpointer-arith 	-Wfloat-equal -Wlogical-op 	-Wno-error=cast-align=strict -Wno-error=ignored-qualifiers 	-Wno-error=cast-function-type -Wno-error=deprecated-declarations 	-Wno-error=stringop-truncation -Wno-error=shadow -Wno-error=cast-qual 	-Wno-error=aggregate-return -Wno-error=missing-field-initializers 	-Wno-error=packed -Wno-error=vla -Wno-error=clobbered -Wno-error=unused-parameter 	-I/home/pli/builds/openpli-scarthgap-build-1-30-2025/openpli-oe-core/build/tmp/work/osmio4k-oe-linux-gnueabi/enigma2/3.12+git/recipe-sysroot/usr/include/freetype2 -I/home/pli/builds/openpli-scarthgap-build-1-30-2025/openpli-oe-core/build/tmp/work/osmio4k-oe-linux-gnueabi/enigma2/3.12+git/recipe-sysroot/usr/include/fribidi -I/home/pli/builds/openpli-scarthgap-build-1-30-2025/openpli-oe-core/build/tmp/work/osmio4k-oe-linux-gnueabi/enigma2/3.12+git/recipe-sysroot/usr/include/glib-2.0 -I/home/pli/builds/openpli-scarthgap-build-1-30-2025/openpli-oe-core/build/tmp/work/osmio4k-oe-linux-gnueabi/enigma2/3.12+git/recipe-sysroot/usr/lib/glib-2.0/include -I/home/pli/builds/openpli-scarthgap-build-1-30-2025/openpli-oe-core/build/tmp/work/osmio4k-oe-linux-gnueabi/enigma2/3.12+git/recipe-sysroot/usr/include/libpng16 -I/home/pli/builds/openpli-scarthgap-build-1-30-2025/openpli-oe-core/build/tmp/work/osmio4k-oe-linux-gnueabi/enigma2/3.12+git/recipe-sysroot/usr/include/libxml2 -I/home/pli/builds/openpli-scarthgap-build-1-30-2025/openpli-oe-core/build/tmp/work/osmio4k-oe-linux-gnueabi/enigma2/3.12+git/recipe-sysroot/usr/include/sigc++-3.0 -I/home/pli/builds/openpli-scarthgap-build-1-30-2025/openpli-oe-core/build/tmp/work/osmio4k-oe-linux-gnueabi/enigma2/3.12+git/recipe-sysroot/usr/lib/sigc++-3.0/include -fno-rtti -fno-exceptions -rdynamic -funwind-tables  -fopenmp  -MT dvb/tstools.o -MD -MP -MF $depbase.Tpo -c -o dvb/tstools.o ../../git/lib/dvb/tstools.cpp &&\
mv -f $depbase.Tpo $depbase.Po

In file included from /home/pli/builds/openpli-scarthgap-build-1-30-2025/openpli-oe-core/build/tmp/work/osmio4k-oe-linux-gnueabi/enigma2/3.12+git/recipe-sysroot/usr/include/c++/13.3.0/map:62,
                 from ../../git/lib/base/eerror.h:5,
                 from ../../git/lib/base/object.h:10,
                 from ../../git/lib/actions/action.h:4:
/home/pli/builds/openpli-scarthgap-build-1-30-2025/openpli-oe-core/build/tmp/work/osmio4k-oe-linux-gnueabi/enigma2/3.12+git/recipe-sysroot/usr/include/c++/13.3.0/bits/stl_tree.h: In function 'std::_Rb_tree<_Key, _Val, _KeyOfValue, _Compare, _Alloc>::iterator std::_Rb_tree<_Key, _Val, _KeyOfValue, _Compare, _Alloc>::erase(iterator) [with _Key = long long int; _Val = std::pair<const long long int, eActionMap::eActionBinding>; _KeyOfValue = std::_Select1st<std::pair<const long long int, eActionMap::eActionBinding> >; _Compare = std::less<long long int>; _Alloc = std::allocator<std::pair<const long long int, eActionMap::eActionBinding> >]':
/home/pli/builds/openpli-scarthgap-build-1-30-2025/openpli-oe-core/build/tmp/work/osmio4k-oe-linux-gnueabi/enigma2/3.12+git/recipe-sysroot/usr/include/c++/13.3.0/bits/stl_tree.h:1205:7: note: parameter passing for argument of type 'std::_Rb_tree<long long int, std::pair<const long long int, eActionMap::eActionBinding>, std::_Select1st<std::pair<const long long int, eActionMap::eActionBinding> >, std::less<long long int>, std::allocator<std::pair<const long long int, eActionMap::eActionBinding> > >::iterator' changed in GCC 7.1
 1205 |       erase(iterator __position)
      |       ^~~~~

In file included from /home/pli/builds/openpli-scarthgap-build-1-30-2025/openpli-oe-core/build/tmp/work/osmio4k-oe-linux-gnueabi/enigma2/3.12+git/recipe-sysroot/usr/include/c++/13.3.0/map:64:
In member function 'std::multimap<_Key, _Tp, _Compare, _Alloc>::iterator std::multimap<_Key, _Tp, _Compare, _Alloc>::erase(iterator) [with _Key = long long int; _Tp = eActionMap::eActionBinding; _Compare = std::less<long long int>; _Alloc = std::allocator<std::pair<const long long int, eActionMap::eActionBinding> >]',
    inlined from 'void eActionMap::unbindAction(eWidget*, int)' at ../../git/lib/actions/action.cpp:74:20:
/home/pli/builds/openpli-scarthgap-build-1-30-2025/openpli-oe-core/build/tmp/work/osmio4k-oe-linux-gnueabi/enigma2/3.12+git/recipe-sysroot/usr/include/c++/13.3.0/bits/stl_multimap.h:715:26: note: parameter passing for argument of type 'std::multimap<long long int, eActionMap::eActionBinding>::iterator' {aka 'std::_Rb_tree<long long int, std::pair<const long long int, eActionMap::eActionBinding>, std::_Select1st<std::pair<const long long int, eActionMap::eActionBinding> >, std::less<long long int>, std::allocator<std::pair<const long long int, eActionMap::eActionBinding> > >::iterator'} changed in GCC 7.1
  715 |       { return _M_t.erase(__position); }
      |                ~~~~~~~~~~^~~~~~~~~~~~

In member function 'std::multimap<_Key, _Tp, _Compare, _Alloc>::iterator std::multimap<_Key, _Tp, _Compare, _Alloc>::erase(iterator) [with _Key = long long int; _Tp = eActionMap::eActionBinding; _Compare = std::less<long long int>; _Alloc = std::allocator<std::pair<const long long int, eActionMap::eActionBinding> >]',
    inlined from 'void eActionMap::unbindAction(const std::string&, ePyObject)' at ../../git/lib/actions/action.cpp:86:20:
/home/pli/builds/openpli-scarthgap-build-1-30-2025/openpli-oe-core/build/tmp/work/osmio4k-oe-linux-gnueabi/enigma2/3.12+git/recipe-sysroot/usr/include/c++/13.3.0/bits/stl_multimap.h:715:26: note: parameter passing for argument of type 'std::multimap<long long int, eActionMap::eActionBinding>::iterator' {aka 'std::_Rb_tree<long long int, std::pair<const long long int, eActionMap::eActionBinding>, std::_Select1st<std::pair<const long long int, eActionMap::eActionBinding> >, std::less<long long int>, std::allocator<std::pair<const long long int, eActionMap::eActionBinding> > >::iterator'} changed in GCC 7.1
  715 |       { return _M_t.erase(__position); }
      |                ~~~~~~~~~~^~~~~~~~~~~~

../../git/lib/dvb/demux.cpp: In member function 'virtual RESULT eDVBTSRecorder::setBoundary(off_t)':
../../git/lib/dvb/demux.cpp:896:42: warning: unused parameter 'max' [-Wunused-parameter]
  896 | RESULT eDVBTSRecorder::setBoundary(off_t max)
      |                                    ~~~~~~^~~

In file included from ../../git/lib/service/service.h:6,
                 from ../../git/lib/dvb/idvb.h:12,
                 from ../../git/lib/dvb/idemux.h:4,
                 from ../../git/lib/dvb/esection.h:4,
                 from ../../git/lib/dvb/dvbtime.h:7,
                 from ../../git/lib/dvb/dvbtime.cpp:1:
../../git/lib/service/iservice.h: In member function 'virtual void iServiceInformation::getAITApplications(std::map<int, std::__cxx11::basic_string<char> >&)':
../../git/lib/service/iservice.h:439:69: warning: unused parameter 'aitlist' [-Wunused-parameter]
  439 |         virtual void getAITApplications(std::map<int, std::string> &aitlist) {};
      |                                         ~~~~~~~~~~~~~~~~~~~~~~~~~~~~^~~~~~~

../../git/lib/base/smartptr.h:64: Warning 503: Can't wrap 'operator iDVBFrontendParameters*' unless renamed to a valid identifier.

In file included from ../../git/lib/service/service.h:6,
                 from ../../git/lib/dvb/idvb.h:12,
                 from ../../git/lib/dvb/idemux.h:4,
                 from ../../git/lib/dvb/eit.h:4,
                 from ../../git/lib/dvb/eit.cpp:1:
../../git/lib/service/iservice.h: In member function 'virtual void iServiceInformation::getAITApplications(std::map<int, std::__cxx11::basic_string<char> >&)':
../../git/lib/service/iservice.h:439:69: warning: unused parameter 'aitlist' [-Wunused-parameter]
  439 |         virtual void getAITApplications(std::map<int, std::string> &aitlist) {};
      |                                         ~~~~~~~~~~~~~~~~~~~~~~~~~~~~^~~~~~~

../../git/lib/base/smartptr.h:64: Warning 503: Can't wrap 'operator iDVBFrontend*' unless renamed to a valid identifier.

In file included from ../../git/lib/service/service.h:6,
                 from ../../git/lib/dvb/idvb.h:12,
                 from ../../git/lib/dvb/idemux.h:4,
                 from ../../git/lib/dvb/esection.h:4,
                 from ../../git/lib/dvb/esection.cpp:1:
../../git/lib/service/iservice.h: In member function 'virtual void iServiceInformation::getAITApplications(std::map<int, std::__cxx11::basic_string<char> >&)':
../../git/lib/service/iservice.h:439:69: warning: unused parameter 'aitlist' [-Wunused-parameter]
  439 |         virtual void getAITApplications(std::map<int, std::string> &aitlist) {};
      |                                         ~~~~~~~~~~~~~~~~~~~~~~~~~~~~^~~~~~~

../../git/lib/base/smartptr.h:138: Warning 503: Can't wrap 'operator iDVBChannel*' unless renamed to a valid identifier.

../../git/lib/base/smartptr.h:64: Warning 503: Can't wrap 'operator eDVBResourceManager*' unless renamed to a valid identifier.

In file included from ../../git/lib/dvb/dvb.h:12,
                 from ../../git/lib/dvb/db.cpp:4:
../../git/lib/dvb/tstools.h: In member function 'virtual RESULT eTSFileSectionReader::setBufferSize(int)':
../../git/lib/dvb/tstools.h:29:34: warning: unused parameter 'size' [-Wunused-parameter]
   29 |         RESULT setBufferSize(int size) { return 0; }
      |                              ~~~~^~~~

../../git/lib/base/smartptr.h:64: Warning 503: Can't wrap 'operator iCryptoInfo*' unless renamed to a valid identifier.

In file included from ../../git/lib/service/service.h:6,
                 from ../../git/lib/dvb/idvb.h:12,
                 from ../../git/lib/dvb/idemux.h:4,
                 from ../../git/lib/dvb/eit.h:4,
                 from ../../git/lib/dvb/epgchanneldata.h:4,
                 from ../../git/lib/dvb/epgchanneldata.cpp:1:
../../git/lib/service/iservice.h: In member function 'virtual void iServiceInformation::getAITApplications(std::map<int, std::__cxx11::basic_string<char> >&)':
../../git/lib/service/iservice.h:439:69: warning: unused parameter 'aitlist' [-Wunused-parameter]
  439 |         virtual void getAITApplications(std::map<int, std::string> &aitlist) {};
      |                                         ~~~~~~~~~~~~~~~~~~~~~~~~~~~~^~~~~~~

depbase=`echo dvb/volume.o | sed 's|[^/]*$|.deps/&|;s|\.o$||'`;\
arm-oe-linux-gnueabi-g++  -march=armv7ve -mfpu=neon-vfpv4 -mfloat-abi=hard -D_TIME_BITS=64 -D_FILE_OFFSET_BITS=64 --sysroot=/home/pli/builds/openpli-scarthgap-build-1-30-2025/openpli-oe-core/build/tmp/work/osmio4k-oe-linux-gnueabi/enigma2/3.12+git/recipe-sysroot -std=gnu++17 -DHAVE_CONFIG_H -I. -I../../git/lib -I..  -I.. -I../../git -I../../git/include -DPY_SSIZE_T_CLEAN -include Python.h -include ../enigma2_config.h -I/home/pli/builds/openpli-scarthgap-build-1-30-2025/openpli-oe-core/build/tmp/work/osmio4k-oe-linux-gnueabi/enigma2/3.12+git/recipe-sysroot/usr/include/python3.12  -Os -pipe -g -feliminate-unused-debug-types -fcanon-prefix-map  -fmacro-prefix-map=/home/pli/builds/openpli-scarthgap-build-1-30-2025/openpli-oe-core/build/tmp/work/osmio4k-oe-linux-gnueabi/enigma2/3.12+git/git=/usr/src/debug/enigma2/3.12+git  -fdebug-prefix-map=/home/pli/builds/openpli-scarthgap-build-1-30-2025/openpli-oe-core/build/tmp/work/osmio4k-oe-linux-gnueabi/enigma2/3.12+git/git=/usr/src/debug/enigma2/3.12+git  -fmacro-prefix-map=/home/pli/builds/openpli-scarthgap-build-1-30-2025/openpli-oe-core/build/tmp/work/osmio4k-oe-linux-gnueabi/enigma2/3.12+git/build=/usr/src/debug/enigma2/3.12+git  -fdebug-prefix-map=/home/pli/builds/openpli-scarthgap-build-1-30-2025/openpli-oe-core/build/tmp/work/osmio4k-oe-linux-gnueabi/enigma2/3.12+git/build=/usr/src/debug/enigma2/3.12+git  -fdebug-prefix-map=/home/pli/builds/openpli-scarthgap-build-1-30-2025/openpli-oe-core/build/tmp/work/osmio4k-oe-linux-gnueabi/enigma2/3.12+git/recipe-sysroot=  -fmacro-prefix-map=/home/pli/builds/openpli-scarthgap-build-1-30-2025/openpli-oe-core/build/tmp/work/osmio4k-oe-linux-gnueabi/enigma2/3.12+git/recipe-sysroot=  -fdebug-prefix-map=/home/pli/builds/openpli-scarthgap-build-1-30-2025/openpli-oe-core/build/tmp/work/osmio4k-oe-linux-gnueabi/enigma2/3.12+git/recipe-sysroot-native=  -fvisibility-inlines-hidden -Wattribute-alias -Wattribute-alias=1 -Wall -Wextra -Werror 	-Wformat=2 -Wformat-overflow=2 -Wformat-nonliteral -Wformat-security 	-Wimplicit-fallthrough=5 -Wduplicated-branches -Wtrampolines 	-Wdangling-else -Wshift-overflow=2 -Wswitch 	-Wunused-but-set-parameter -Wunused-const-variable=1 -Wuninitialized 	-Wstringop-overflow=3 -Woverlength-strings 	-Wunsafe-loop-optimizations -Wpointer-arith 	-Wfloat-equal -Wlogical-op 	-Wno-error=cast-align=strict -Wno-error=ignored-qualifiers 	-Wno-error=cast-function-type -Wno-error=deprecated-declarations 	-Wno-error=stringop-truncation -Wno-error=shadow -Wno-error=cast-qual 	-Wno-error=aggregate-return -Wno-error=missing-field-initializers 	-Wno-error=packed -Wno-error=vla -Wno-error=clobbered -Wno-error=unused-parameter 	-I/home/pli/builds/openpli-scarthgap-build-1-30-2025/openpli-oe-core/build/tmp/work/osmio4k-oe-linux-gnueabi/enigma2/3.12+git/recipe-sysroot/usr/include/freetype2 -I/home/pli/builds/openpli-scarthgap-build-1-30-2025/openpli-oe-core/build/tmp/work/osmio4k-oe-linux-gnueabi/enigma2/3.12+git/recipe-sysroot/usr/include/fribidi -I/home/pli/builds/openpli-scarthgap-build-1-30-2025/openpli-oe-core/build/tmp/work/osmio4k-oe-linux-gnueabi/enigma2/3.12+git/recipe-sysroot/usr/include/glib-2.0 -I/home/pli/builds/openpli-scarthgap-build-1-30-2025/openpli-oe-core/build/tmp/work/osmio4k-oe-linux-gnueabi/enigma2/3.12+git/recipe-sysroot/usr/lib/glib-2.0/include -I/home/pli/builds/openpli-scarthgap-build-1-30-2025/openpli-oe-core/build/tmp/work/osmio4k-oe-linux-gnueabi/enigma2/3.12+git/recipe-sysroot/usr/include/libpng16 -I/home/pli/builds/openpli-scarthgap-build-1-30-2025/openpli-oe-core/build/tmp/work/osmio4k-oe-linux-gnueabi/enigma2/3.12+git/recipe-sysroot/usr/include/libxml2 -I/home/pli/builds/openpli-scarthgap-build-1-30-2025/openpli-oe-core/build/tmp/work/osmio4k-oe-linux-gnueabi/enigma2/3.12+git/recipe-sysroot/usr/include/sigc++-3.0 -I/home/pli/builds/openpli-scarthgap-build-1-30-2025/openpli-oe-core/build/tmp/work/osmio4k-oe-linux-gnueabi/enigma2/3.12+git/recipe-sysroot/usr/lib/sigc++-3.0/include -fno-rtti -fno-exceptions -rdynamic -funwind-tables  -fopenmp  -MT dvb/volume.o -MD -MP -MF $depbase.Tpo -c -o dvb/volume.o ../../git/lib/dvb/volume.cpp &&\
mv -f $depbase.Tpo $depbase.Po

In file included from ../../git/lib/service/service.h:6,
                 from ../../git/lib/dvb/idvb.h:12,
                 from ../../git/lib/dvb/db.h:5,
                 from ../../git/lib/dvb/fastscan.cpp:5:
../../git/lib/service/iservice.h: In member function 'virtual void iServiceInformation::getAITApplications(std::map<int, std::__cxx11::basic_string<char> >&)':
../../git/lib/service/iservice.h:439:69: warning: unused parameter 'aitlist' [-Wunused-parameter]
  439 |         virtual void getAITApplications(std::map<int, std::string> &aitlist) {};
      |                                         ~~~~~~~~~~~~~~~~~~~~~~~~~~~~^~~~~~~

In file included from ../../git/lib/service/service.h:6,
                 from ../../git/lib/dvb/idvb.h:12,
                 from ../../git/lib/dvb/epgcache.h:17,
                 from ../../git/lib/dvb/epgcache.cpp:1:
../../git/lib/service/iservice.h: In member function 'virtual void iServiceInformation::getAITApplications(std::map<int, std::__cxx11::basic_string<char> >&)':
../../git/lib/service/iservice.h:439:69: warning: unused parameter 'aitlist' [-Wunused-parameter]
  439 |         virtual void getAITApplications(std::map<int, std::string> &aitlist) {};
      |                                         ~~~~~~~~~~~~~~~~~~~~~~~~~~~~^~~~~~~

../../git/lib/base/smartptr.h:64: Warning 503: Can't wrap 'operator iCECMessage*' unless renamed to a valid identifier.

In file included from ../../git/lib/service/service.h:6,
                 from ../../git/lib/dvb/idvb.h:12,
                 from ../../git/lib/dvb/epgcache.h:17,
                 from ../../git/lib/dvb/epgtransponderdatareader.h:15,
                 from ../../git/lib/dvb/epgtransponderdatareader.cpp:1:
../../git/lib/service/iservice.h: In member function 'virtual void iServiceInformation::getAITApplications(std::map<int, std::__cxx11::basic_string<char> >&)':
../../git/lib/service/iservice.h:439:69: warning: unused parameter 'aitlist' [-Wunused-parameter]
  439 |         virtual void getAITApplications(std::map<int, std::string> &aitlist) {};
      |                                         ~~~~~~~~~~~~~~~~~~~~~~~~~~~~^~~~~~~

../../git/lib/dvb/filepush.cpp: In function 'void signal_handler(int)':
../../git/lib/dvb/filepush.cpp:35:32: warning: unused parameter 'x' [-Wunused-parameter]
   35 | static void signal_handler(int x)
      |                            ~~~~^

In file included from ../../git/lib/service/service.h:6,
                 from ../../git/lib/dvb/idvb.h:12,
                 from ../../git/lib/dvb/metaparser.h:5,
                 from ../../git/lib/dvb/metaparser.cpp:1:
../../git/lib/service/iservice.h: In member function 'virtual void iServiceInformation::getAITApplications(std::map<int, std::__cxx11::basic_string<char> >&)':
../../git/lib/service/iservice.h:439:69: warning: unused parameter 'aitlist' [-Wunused-parameter]
  439 |         virtual void getAITApplications(std::map<int, std::string> &aitlist) {};
      |                                         ~~~~~~~~~~~~~~~~~~~~~~~~~~~~^~~~~~~

In file included from ../../git/lib/service/service.h:6,
                 from ../../git/lib/dvb/idvb.h:12,
                 from ../../git/lib/dvb/dvb.h:8,
                 from ../../git/lib/dvb/frontendparms.cpp:3:
../../git/lib/service/iservice.h: In member function 'virtual void iServiceInformation::getAITApplications(std::map<int, std::__cxx11::basic_string<char> >&)':
../../git/lib/service/iservice.h:439:69: warning: unused parameter 'aitlist' [-Wunused-parameter]
  439 |         virtual void getAITApplications(std::map<int, std::string> &aitlist) {};
      |                                         ~~~~~~~~~~~~~~~~~~~~~~~~~~~~^~~~~~~

../../git/lib/dvb/filepush.cpp: In member function 'virtual void eFilePushThread::filterRecordData(const unsigned char*, int)':
../../git/lib/dvb/filepush.cpp:345:61: warning: unused parameter 'data' [-Wunused-parameter]
  345 | void eFilePushThread::filterRecordData(const unsigned char *data, int len)
      |                                        ~~~~~~~~~~~~~~~~~~~~~^~~~

../../git/lib/dvb/filepush.cpp:345:71: warning: unused parameter 'len' [-Wunused-parameter]
  345 | void eFilePushThread::filterRecordData(const unsigned char *data, int len)
      |                                                                   ~~~~^~~

In file included from ../../git/lib/dvb/dvb.h:12,
                 from ../../git/lib/dvb/dvb.cpp:11:
../../git/lib/dvb/tstools.h: In member function 'virtual RESULT eTSFileSectionReader::setBufferSize(int)':
../../git/lib/dvb/tstools.h:29:34: warning: unused parameter 'size' [-Wunused-parameter]
   29 |         RESULT setBufferSize(int size) { return 0; }
      |                              ~~~~^~~~

In file included from ../../git/lib/service/service.h:6,
                 from ../../git/lib/dvb/idvb.h:12,
                 from ../../git/lib/dvb/dvb.h:8,
                 from ../../git/lib/dvb/frontend.cpp:3:
../../git/lib/service/iservice.h: In member function 'virtual void iServiceInformation::getAITApplications(std::map<int, std::__cxx11::basic_string<char> >&)':
../../git/lib/service/iservice.h:439:69: warning: unused parameter 'aitlist' [-Wunused-parameter]
  439 |         virtual void getAITApplications(std::map<int, std::string> &aitlist) {};
      |                                         ~~~~~~~~~~~~~~~~~~~~~~~~~~~~^~~~~~~

In file included from ../../git/lib/dvb/filepush.h:7,
                 from ../../git/lib/dvb/filepush.cpp:1:
../../git/lib/base/message.h: In instantiation of 'eFixedMessagePump<T>::eFixedMessagePump(eMainloop*, int) [with T = int]':
../../git/lib/dvb/filepush.cpp:21:3:   required from here
../../git/lib/base/message.h:108:51: warning: unused parameter 'mt' [-Wunused-parameter]
  108 |         eFixedMessagePump(eMainloop *context, int mt):
      |                                               ~~~~^~

depbase=`echo dvb/streamserver.o | sed 's|[^/]*$|.deps/&|;s|\.o$||'`;\
arm-oe-linux-gnueabi-g++  -march=armv7ve -mfpu=neon-vfpv4 -mfloat-abi=hard -D_TIME_BITS=64 -D_FILE_OFFSET_BITS=64 --sysroot=/home/pli/builds/openpli-scarthgap-build-1-30-2025/openpli-oe-core/build/tmp/work/osmio4k-oe-linux-gnueabi/enigma2/3.12+git/recipe-sysroot -std=gnu++17 -DHAVE_CONFIG_H -I. -I../../git/lib -I..  -I.. -I../../git -I../../git/include -DPY_SSIZE_T_CLEAN -include Python.h -include ../enigma2_config.h -I/home/pli/builds/openpli-scarthgap-build-1-30-2025/openpli-oe-core/build/tmp/work/osmio4k-oe-linux-gnueabi/enigma2/3.12+git/recipe-sysroot/usr/include/python3.12  -Os -pipe -g -feliminate-unused-debug-types -fcanon-prefix-map  -fmacro-prefix-map=/home/pli/builds/openpli-scarthgap-build-1-30-2025/openpli-oe-core/build/tmp/work/osmio4k-oe-linux-gnueabi/enigma2/3.12+git/git=/usr/src/debug/enigma2/3.12+git  -fdebug-prefix-map=/home/pli/builds/openpli-scarthgap-build-1-30-2025/openpli-oe-core/build/tmp/work/osmio4k-oe-linux-gnueabi/enigma2/3.12+git/git=/usr/src/debug/enigma2/3.12+git  -fmacro-prefix-map=/home/pli/builds/openpli-scarthgap-build-1-30-2025/openpli-oe-core/build/tmp/work/osmio4k-oe-linux-gnueabi/enigma2/3.12+git/build=/usr/src/debug/enigma2/3.12+git  -fdebug-prefix-map=/home/pli/builds/openpli-scarthgap-build-1-30-2025/openpli-oe-core/build/tmp/work/osmio4k-oe-linux-gnueabi/enigma2/3.12+git/build=/usr/src/debug/enigma2/3.12+git  -fdebug-prefix-map=/home/pli/builds/openpli-scarthgap-build-1-30-2025/openpli-oe-core/build/tmp/work/osmio4k-oe-linux-gnueabi/enigma2/3.12+git/recipe-sysroot=  -fmacro-prefix-map=/home/pli/builds/openpli-scarthgap-build-1-30-2025/openpli-oe-core/build/tmp/work/osmio4k-oe-linux-gnueabi/enigma2/3.12+git/recipe-sysroot=  -fdebug-prefix-map=/home/pli/builds/openpli-scarthgap-build-1-30-2025/openpli-oe-core/build/tmp/work/osmio4k-oe-linux-gnueabi/enigma2/3.12+git/recipe-sysroot-native=  -fvisibility-inlines-hidden -Wattribute-alias -Wattribute-alias=1 -Wall -Wextra -Werror 	-Wformat=2 -Wformat-overflow=2 -Wformat-nonliteral -Wformat-security 	-Wimplicit-fallthrough=5 -Wduplicated-branches -Wtrampolines 	-Wdangling-else -Wshift-overflow=2 -Wswitch 	-Wunused-but-set-parameter -Wunused-const-variable=1 -Wuninitialized 	-Wstringop-overflow=3 -Woverlength-strings 	-Wunsafe-loop-optimizations -Wpointer-arith 	-Wfloat-equal -Wlogical-op 	-Wno-error=cast-align=strict -Wno-error=ignored-qualifiers 	-Wno-error=cast-function-type -Wno-error=deprecated-declarations 	-Wno-error=stringop-truncation -Wno-error=shadow -Wno-error=cast-qual 	-Wno-error=aggregate-return -Wno-error=missing-field-initializers 	-Wno-error=packed -Wno-error=vla -Wno-error=clobbered -Wno-error=unused-parameter 	-I/home/pli/builds/openpli-scarthgap-build-1-30-2025/openpli-oe-core/build/tmp/work/osmio4k-oe-linux-gnueabi/enigma2/3.12+git/recipe-sysroot/usr/include/freetype2 -I/home/pli/builds/openpli-scarthgap-build-1-30-2025/openpli-oe-core/build/tmp/work/osmio4k-oe-linux-gnueabi/enigma2/3.12+git/recipe-sysroot/usr/include/fribidi -I/home/pli/builds/openpli-scarthgap-build-1-30-2025/openpli-oe-core/build/tmp/work/osmio4k-oe-linux-gnueabi/enigma2/3.12+git/recipe-sysroot/usr/include/glib-2.0 -I/home/pli/builds/openpli-scarthgap-build-1-30-2025/openpli-oe-core/build/tmp/work/osmio4k-oe-linux-gnueabi/enigma2/3.12+git/recipe-sysroot/usr/lib/glib-2.0/include -I/home/pli/builds/openpli-scarthgap-build-1-30-2025/openpli-oe-core/build/tmp/work/osmio4k-oe-linux-gnueabi/enigma2/3.12+git/recipe-sysroot/usr/include/libpng16 -I/home/pli/builds/openpli-scarthgap-build-1-30-2025/openpli-oe-core/build/tmp/work/osmio4k-oe-linux-gnueabi/enigma2/3.12+git/recipe-sysroot/usr/include/libxml2 -I/home/pli/builds/openpli-scarthgap-build-1-30-2025/openpli-oe-core/build/tmp/work/osmio4k-oe-linux-gnueabi/enigma2/3.12+git/recipe-sysroot/usr/include/sigc++-3.0 -I/home/pli/builds/openpli-scarthgap-build-1-30-2025/openpli-oe-core/build/tmp/work/osmio4k-oe-linux-gnueabi/enigma2/3.12+git/recipe-sysroot/usr/lib/sigc++-3.0/include -fno-rtti -fno-exceptions -rdynamic -funwind-tables  -fopenmp  -MT dvb/streamserver.o -MD -MP -MF $depbase.Tpo -c -o dvb/streamserver.o ../../git/lib/dvb/streamserver.cpp &&\
mv -f $depbase.Tpo $depbase.Po

mv -f .deps/python/enigma_python.Tpo .deps/python/enigma_python.Pcpp

depbase=`echo dvb/pmtparse.o | sed 's|[^/]*$|.deps/&|;s|\.o$||'`;\
arm-oe-linux-gnueabi-g++  -march=armv7ve -mfpu=neon-vfpv4 -mfloat-abi=hard -D_TIME_BITS=64 -D_FILE_OFFSET_BITS=64 --sysroot=/home/pli/builds/openpli-scarthgap-build-1-30-2025/openpli-oe-core/build/tmp/work/osmio4k-oe-linux-gnueabi/enigma2/3.12+git/recipe-sysroot -std=gnu++17 -DHAVE_CONFIG_H -I. -I../../git/lib -I..  -I.. -I../../git -I../../git/include -DPY_SSIZE_T_CLEAN -include Python.h -include ../enigma2_config.h -I/home/pli/builds/openpli-scarthgap-build-1-30-2025/openpli-oe-core/build/tmp/work/osmio4k-oe-linux-gnueabi/enigma2/3.12+git/recipe-sysroot/usr/include/python3.12  -Os -pipe -g -feliminate-unused-debug-types -fcanon-prefix-map  -fmacro-prefix-map=/home/pli/builds/openpli-scarthgap-build-1-30-2025/openpli-oe-core/build/tmp/work/osmio4k-oe-linux-gnueabi/enigma2/3.12+git/git=/usr/src/debug/enigma2/3.12+git  -fdebug-prefix-map=/home/pli/builds/openpli-scarthgap-build-1-30-2025/openpli-oe-core/build/tmp/work/osmio4k-oe-linux-gnueabi/enigma2/3.12+git/git=/usr/src/debug/enigma2/3.12+git  -fmacro-prefix-map=/home/pli/builds/openpli-scarthgap-build-1-30-2025/openpli-oe-core/build/tmp/work/osmio4k-oe-linux-gnueabi/enigma2/3.12+git/build=/usr/src/debug/enigma2/3.12+git  -fdebug-prefix-map=/home/pli/builds/openpli-scarthgap-build-1-30-2025/openpli-oe-core/build/tmp/work/osmio4k-oe-linux-gnueabi/enigma2/3.12+git/build=/usr/src/debug/enigma2/3.12+git  -fdebug-prefix-map=/home/pli/builds/openpli-scarthgap-build-1-30-2025/openpli-oe-core/build/tmp/work/osmio4k-oe-linux-gnueabi/enigma2/3.12+git/recipe-sysroot=  -fmacro-prefix-map=/home/pli/builds/openpli-scarthgap-build-1-30-2025/openpli-oe-core/build/tmp/work/osmio4k-oe-linux-gnueabi/enigma2/3.12+git/recipe-sysroot=  -fdebug-prefix-map=/home/pli/builds/openpli-scarthgap-build-1-30-2025/openpli-oe-core/build/tmp/work/osmio4k-oe-linux-gnueabi/enigma2/3.12+git/recipe-sysroot-native=  -fvisibility-inlines-hidden -Wattribute-alias -Wattribute-alias=1 -Wall -Wextra -Werror 	-Wformat=2 -Wformat-overflow=2 -Wformat-nonliteral -Wformat-security 	-Wimplicit-fallthrough=5 -Wduplicated-branches -Wtrampolines 	-Wdangling-else -Wshift-overflow=2 -Wswitch 	-Wunused-but-set-parameter -Wunused-const-variable=1 -Wuninitialized 	-Wstringop-overflow=3 -Woverlength-strings 	-Wunsafe-loop-optimizations -Wpointer-arith 	-Wfloat-equal -Wlogical-op 	-Wno-error=cast-align=strict -Wno-error=ignored-qualifiers 	-Wno-error=cast-function-type -Wno-error=deprecated-declarations 	-Wno-error=stringop-truncation -Wno-error=shadow -Wno-error=cast-qual 	-Wno-error=aggregate-return -Wno-error=missing-field-initializers 	-Wno-error=packed -Wno-error=vla -Wno-error=clobbered -Wno-error=unused-parameter 	-I/home/pli/builds/openpli-scarthgap-build-1-30-2025/openpli-oe-core/build/tmp/work/osmio4k-oe-linux-gnueabi/enigma2/3.12+git/recipe-sysroot/usr/include/freetype2 -I/home/pli/builds/openpli-scarthgap-build-1-30-2025/openpli-oe-core/build/tmp/work/osmio4k-oe-linux-gnueabi/enigma2/3.12+git/recipe-sysroot/usr/include/fribidi -I/home/pli/builds/openpli-scarthgap-build-1-30-2025/openpli-oe-core/build/tmp/work/osmio4k-oe-linux-gnueabi/enigma2/3.12+git/recipe-sysroot/usr/include/glib-2.0 -I/home/pli/builds/openpli-scarthgap-build-1-30-2025/openpli-oe-core/build/tmp/work/osmio4k-oe-linux-gnueabi/enigma2/3.12+git/recipe-sysroot/usr/lib/glib-2.0/include -I/home/pli/builds/openpli-scarthgap-build-1-30-2025/openpli-oe-core/build/tmp/work/osmio4k-oe-linux-gnueabi/enigma2/3.12+git/recipe-sysroot/usr/include/libpng16 -I/home/pli/builds/openpli-scarthgap-build-1-30-2025/openpli-oe-core/build/tmp/work/osmio4k-oe-linux-gnueabi/enigma2/3.12+git/recipe-sysroot/usr/include/libxml2 -I/home/pli/builds/openpli-scarthgap-build-1-30-2025/openpli-oe-core/build/tmp/work/osmio4k-oe-linux-gnueabi/enigma2/3.12+git/recipe-sysroot/usr/include/sigc++-3.0 -I/home/pli/builds/openpli-scarthgap-build-1-30-2025/openpli-oe-core/build/tmp/work/osmio4k-oe-linux-gnueabi/enigma2/3.12+git/recipe-sysroot/usr/lib/sigc++-3.0/include -fno-rtti -fno-exceptions -rdynamic -funwind-tables  -fopenmp  -MT dvb/pmtparse.o -MD -MP -MF $depbase.Tpo -c -o dvb/pmtparse.o ../../git/lib/dvb/pmtparse.cpp &&\
mv -f $depbase.Tpo $depbase.Po

sed -i 's/_ENUMS\([(),]\)/\1/g' python/enigma.py

depbase=`echo dvb/encoder.o | sed 's|[^/]*$|.deps/&|;s|\.o$||'`;\
arm-oe-linux-gnueabi-g++  -march=armv7ve -mfpu=neon-vfpv4 -mfloat-abi=hard -D_TIME_BITS=64 -D_FILE_OFFSET_BITS=64 --sysroot=/home/pli/builds/openpli-scarthgap-build-1-30-2025/openpli-oe-core/build/tmp/work/osmio4k-oe-linux-gnueabi/enigma2/3.12+git/recipe-sysroot -std=gnu++17 -DHAVE_CONFIG_H -I. -I../../git/lib -I..  -I.. -I../../git -I../../git/include -DPY_SSIZE_T_CLEAN -include Python.h -include ../enigma2_config.h -I/home/pli/builds/openpli-scarthgap-build-1-30-2025/openpli-oe-core/build/tmp/work/osmio4k-oe-linux-gnueabi/enigma2/3.12+git/recipe-sysroot/usr/include/python3.12  -Os -pipe -g -feliminate-unused-debug-types -fcanon-prefix-map  -fmacro-prefix-map=/home/pli/builds/openpli-scarthgap-build-1-30-2025/openpli-oe-core/build/tmp/work/osmio4k-oe-linux-gnueabi/enigma2/3.12+git/git=/usr/src/debug/enigma2/3.12+git  -fdebug-prefix-map=/home/pli/builds/openpli-scarthgap-build-1-30-2025/openpli-oe-core/build/tmp/work/osmio4k-oe-linux-gnueabi/enigma2/3.12+git/git=/usr/src/debug/enigma2/3.12+git  -fmacro-prefix-map=/home/pli/builds/openpli-scarthgap-build-1-30-2025/openpli-oe-core/build/tmp/work/osmio4k-oe-linux-gnueabi/enigma2/3.12+git/build=/usr/src/debug/enigma2/3.12+git  -fdebug-prefix-map=/home/pli/builds/openpli-scarthgap-build-1-30-2025/openpli-oe-core/build/tmp/work/osmio4k-oe-linux-gnueabi/enigma2/3.12+git/build=/usr/src/debug/enigma2/3.12+git  -fdebug-prefix-map=/home/pli/builds/openpli-scarthgap-build-1-30-2025/openpli-oe-core/build/tmp/work/osmio4k-oe-linux-gnueabi/enigma2/3.12+git/recipe-sysroot=  -fmacro-prefix-map=/home/pli/builds/openpli-scarthgap-build-1-30-2025/openpli-oe-core/build/tmp/work/osmio4k-oe-linux-gnueabi/enigma2/3.12+git/recipe-sysroot=  -fdebug-prefix-map=/home/pli/builds/openpli-scarthgap-build-1-30-2025/openpli-oe-core/build/tmp/work/osmio4k-oe-linux-gnueabi/enigma2/3.12+git/recipe-sysroot-native=  -fvisibility-inlines-hidden -Wattribute-alias -Wattribute-alias=1 -Wall -Wextra -Werror 	-Wformat=2 -Wformat-overflow=2 -Wformat-nonliteral -Wformat-security 	-Wimplicit-fallthrough=5 -Wduplicated-branches -Wtrampolines 	-Wdangling-else -Wshift-overflow=2 -Wswitch 	-Wunused-but-set-parameter -Wunused-const-variable=1 -Wuninitialized 	-Wstringop-overflow=3 -Woverlength-strings 	-Wunsafe-loop-optimizations -Wpointer-arith 	-Wfloat-equal -Wlogical-op 	-Wno-error=cast-align=strict -Wno-error=ignored-qualifiers 	-Wno-error=cast-function-type -Wno-error=deprecated-declarations 	-Wno-error=stringop-truncation -Wno-error=shadow -Wno-error=cast-qual 	-Wno-error=aggregate-return -Wno-error=missing-field-initializers 	-Wno-error=packed -Wno-error=vla -Wno-error=clobbered -Wno-error=unused-parameter 	-I/home/pli/builds/openpli-scarthgap-build-1-30-2025/openpli-oe-core/build/tmp/work/osmio4k-oe-linux-gnueabi/enigma2/3.12+git/recipe-sysroot/usr/include/freetype2 -I/home/pli/builds/openpli-scarthgap-build-1-30-2025/openpli-oe-core/build/tmp/work/osmio4k-oe-linux-gnueabi/enigma2/3.12+git/recipe-sysroot/usr/include/fribidi -I/home/pli/builds/openpli-scarthgap-build-1-30-2025/openpli-oe-core/build/tmp/work/osmio4k-oe-linux-gnueabi/enigma2/3.12+git/recipe-sysroot/usr/include/glib-2.0 -I/home/pli/builds/openpli-scarthgap-build-1-30-2025/openpli-oe-core/build/tmp/work/osmio4k-oe-linux-gnueabi/enigma2/3.12+git/recipe-sysroot/usr/lib/glib-2.0/include -I/home/pli/builds/openpli-scarthgap-build-1-30-2025/openpli-oe-core/build/tmp/work/osmio4k-oe-linux-gnueabi/enigma2/3.12+git/recipe-sysroot/usr/include/libpng16 -I/home/pli/builds/openpli-scarthgap-build-1-30-2025/openpli-oe-core/build/tmp/work/osmio4k-oe-linux-gnueabi/enigma2/3.12+git/recipe-sysroot/usr/include/libxml2 -I/home/pli/builds/openpli-scarthgap-build-1-30-2025/openpli-oe-core/build/tmp/work/osmio4k-oe-linux-gnueabi/enigma2/3.12+git/recipe-sysroot/usr/include/sigc++-3.0 -I/home/pli/builds/openpli-scarthgap-build-1-30-2025/openpli-oe-core/build/tmp/work/osmio4k-oe-linux-gnueabi/enigma2/3.12+git/recipe-sysroot/usr/lib/sigc++-3.0/include -fno-rtti -fno-exceptions -rdynamic -funwind-tables  -fopenmp  -MT dvb/encoder.o -MD -MP -MF $depbase.Tpo -c -o dvb/encoder.o ../../git/lib/dvb/encoder.cpp &&\
mv -f $depbase.Tpo $depbase.Po

depbase=`echo dvb/fbc.o | sed 's|[^/]*$|.deps/&|;s|\.o$||'`;\
arm-oe-linux-gnueabi-g++  -march=armv7ve -mfpu=neon-vfpv4 -mfloat-abi=hard -D_TIME_BITS=64 -D_FILE_OFFSET_BITS=64 --sysroot=/home/pli/builds/openpli-scarthgap-build-1-30-2025/openpli-oe-core/build/tmp/work/osmio4k-oe-linux-gnueabi/enigma2/3.12+git/recipe-sysroot -std=gnu++17 -DHAVE_CONFIG_H -I. -I../../git/lib -I..  -I.. -I../../git -I../../git/include -DPY_SSIZE_T_CLEAN -include Python.h -include ../enigma2_config.h -I/home/pli/builds/openpli-scarthgap-build-1-30-2025/openpli-oe-core/build/tmp/work/osmio4k-oe-linux-gnueabi/enigma2/3.12+git/recipe-sysroot/usr/include/python3.12  -Os -pipe -g -feliminate-unused-debug-types -fcanon-prefix-map  -fmacro-prefix-map=/home/pli/builds/openpli-scarthgap-build-1-30-2025/openpli-oe-core/build/tmp/work/osmio4k-oe-linux-gnueabi/enigma2/3.12+git/git=/usr/src/debug/enigma2/3.12+git  -fdebug-prefix-map=/home/pli/builds/openpli-scarthgap-build-1-30-2025/openpli-oe-core/build/tmp/work/osmio4k-oe-linux-gnueabi/enigma2/3.12+git/git=/usr/src/debug/enigma2/3.12+git  -fmacro-prefix-map=/home/pli/builds/openpli-scarthgap-build-1-30-2025/openpli-oe-core/build/tmp/work/osmio4k-oe-linux-gnueabi/enigma2/3.12+git/build=/usr/src/debug/enigma2/3.12+git  -fdebug-prefix-map=/home/pli/builds/openpli-scarthgap-build-1-30-2025/openpli-oe-core/build/tmp/work/osmio4k-oe-linux-gnueabi/enigma2/3.12+git/build=/usr/src/debug/enigma2/3.12+git  -fdebug-prefix-map=/home/pli/builds/openpli-scarthgap-build-1-30-2025/openpli-oe-core/build/tmp/work/osmio4k-oe-linux-gnueabi/enigma2/3.12+git/recipe-sysroot=  -fmacro-prefix-map=/home/pli/builds/openpli-scarthgap-build-1-30-2025/openpli-oe-core/build/tmp/work/osmio4k-oe-linux-gnueabi/enigma2/3.12+git/recipe-sysroot=  -fdebug-prefix-map=/home/pli/builds/openpli-scarthgap-build-1-30-2025/openpli-oe-core/build/tmp/work/osmio4k-oe-linux-gnueabi/enigma2/3.12+git/recipe-sysroot-native=  -fvisibility-inlines-hidden -Wattribute-alias -Wattribute-alias=1 -Wall -Wextra -Werror 	-Wformat=2 -Wformat-overflow=2 -Wformat-nonliteral -Wformat-security 	-Wimplicit-fallthrough=5 -Wduplicated-branches -Wtrampolines 	-Wdangling-else -Wshift-overflow=2 -Wswitch 	-Wunused-but-set-parameter -Wunused-const-variable=1 -Wuninitialized 	-Wstringop-overflow=3 -Woverlength-strings 	-Wunsafe-loop-optimizations -Wpointer-arith 	-Wfloat-equal -Wlogical-op 	-Wno-error=cast-align=strict -Wno-error=ignored-qualifiers 	-Wno-error=cast-function-type -Wno-error=deprecated-declarations 	-Wno-error=stringop-truncation -Wno-error=shadow -Wno-error=cast-qual 	-Wno-error=aggregate-return -Wno-error=missing-field-initializers 	-Wno-error=packed -Wno-error=vla -Wno-error=clobbered -Wno-error=unused-parameter 	-I/home/pli/builds/openpli-scarthgap-build-1-30-2025/openpli-oe-core/build/tmp/work/osmio4k-oe-linux-gnueabi/enigma2/3.12+git/recipe-sysroot/usr/include/freetype2 -I/home/pli/builds/openpli-scarthgap-build-1-30-2025/openpli-oe-core/build/tmp/work/osmio4k-oe-linux-gnueabi/enigma2/3.12+git/recipe-sysroot/usr/include/fribidi -I/home/pli/builds/openpli-scarthgap-build-1-30-2025/openpli-oe-core/build/tmp/work/osmio4k-oe-linux-gnueabi/enigma2/3.12+git/recipe-sysroot/usr/include/glib-2.0 -I/home/pli/builds/openpli-scarthgap-build-1-30-2025/openpli-oe-core/build/tmp/work/osmio4k-oe-linux-gnueabi/enigma2/3.12+git/recipe-sysroot/usr/lib/glib-2.0/include -I/home/pli/builds/openpli-scarthgap-build-1-30-2025/openpli-oe-core/build/tmp/work/osmio4k-oe-linux-gnueabi/enigma2/3.12+git/recipe-sysroot/usr/include/libpng16 -I/home/pli/builds/openpli-scarthgap-build-1-30-2025/openpli-oe-core/build/tmp/work/osmio4k-oe-linux-gnueabi/enigma2/3.12+git/recipe-sysroot/usr/include/libxml2 -I/home/pli/builds/openpli-scarthgap-build-1-30-2025/openpli-oe-core/build/tmp/work/osmio4k-oe-linux-gnueabi/enigma2/3.12+git/recipe-sysroot/usr/include/sigc++-3.0 -I/home/pli/builds/openpli-scarthgap-build-1-30-2025/openpli-oe-core/build/tmp/work/osmio4k-oe-linux-gnueabi/enigma2/3.12+git/recipe-sysroot/usr/lib/sigc++-3.0/include -fno-rtti -fno-exceptions -rdynamic -funwind-tables  -fopenmp  -MT dvb/fbc.o -MD -MP -MF $depbase.Tpo -c -o dvb/fbc.o ../../git/lib/dvb/fbc.cpp &&\
mv -f $depbase.Tpo $depbase.Po

In file included from ../../git/lib/dvb/dvb.h:12,
                 from ../../git/lib/dvb/dvbtime.cpp:2:
../../git/lib/dvb/tstools.h: In member function 'virtual RESULT eTSFileSectionReader::setBufferSize(int)':
../../git/lib/dvb/tstools.h:29:34: warning: unused parameter 'size' [-Wunused-parameter]
   29 |         RESULT setBufferSize(int size) { return 0; }
      |                              ~~~~^~~~

In file included from ../../git/lib/service/service.h:6,
                 from ../../git/lib/dvb/idvb.h:12,
                 from ../../git/lib/dvb/pvrparse.h:4,
                 from ../../git/lib/dvb/pvrparse.cpp:1:
../../git/lib/service/iservice.h: In member function 'virtual void iServiceInformation::getAITApplications(std::map<int, std::__cxx11::basic_string<char> >&)':
../../git/lib/service/iservice.h:439:69: warning: unused parameter 'aitlist' [-Wunused-parameter]
  439 |         virtual void getAITApplications(std::map<int, std::string> &aitlist) {};
      |                                         ~~~~~~~~~~~~~~~~~~~~~~~~~~~~^~~~~~~

In file included from ../../git/lib/service/service.h:6,
                 from ../../git/lib/dvb/idvb.h:12,
                 from ../../git/lib/dvb/pmt.h:7,
                 from ../../git/lib/dvb/pmt.cpp:4:
../../git/lib/service/iservice.h: In member function 'virtual void iServiceInformation::getAITApplications(std::map<int, std::__cxx11::basic_string<char> >&)':
../../git/lib/service/iservice.h:439:69: warning: unused parameter 'aitlist' [-Wunused-parameter]
  439 |         virtual void getAITApplications(std::map<int, std::string> &aitlist) {};
      |                                         ~~~~~~~~~~~~~~~~~~~~~~~~~~~~^~~~~~~

../../git/lib/dvb/dvbtime.cpp: In member function 'virtual int TDT::createTable(unsigned int, const uint8_t*, unsigned int)':
../../git/lib/dvb/dvbtime.cpp:161:35: warning: unused parameter 'nr' [-Wunused-parameter]
  161 | int TDT::createTable(unsigned int nr, const uint8_t *data, unsigned int max)
      |                      ~~~~~~~~~~~~~^~

../../git/lib/dvb/dvbtime.cpp:161:73: warning: unused parameter 'max' [-Wunused-parameter]
  161 | int TDT::createTable(unsigned int nr, const uint8_t *data, unsigned int max)
      |                                                            ~~~~~~~~~~~~~^~~

../../git/lib/dvb/dvbtime.cpp: In member function 'virtual int STT::createTable(unsigned int, const uint8_t*, unsigned int)':
../../git/lib/dvb/dvbtime.cpp:202:35: warning: unused parameter 'nr' [-Wunused-parameter]
  202 | int STT::createTable(unsigned int nr, const uint8_t *data, unsigned int max)
      |                      ~~~~~~~~~~~~~^~

../../git/lib/dvb/dvbtime.cpp:202:73: warning: unused parameter 'max' [-Wunused-parameter]
  202 | int STT::createTable(unsigned int nr, const uint8_t *data, unsigned int max)
      |                                                            ~~~~~~~~~~~~~^~~

In file included from ../../git/lib/dvb/dvb.h:12:
../../git/lib/dvb/tstools.h: In member function 'virtual RESULT eTSFileSectionReader::setBufferSize(int)':
../../git/lib/dvb/tstools.h:29:34: warning: unused parameter 'size' [-Wunused-parameter]
   29 |         RESULT setBufferSize(int size) { return 0; }
      |                              ~~~~^~~~

In file included from ../../git/lib/service/service.h:6,
                 from ../../git/lib/dvb/idvb.h:12,
                 from ../../git/lib/dvb/radiotext.h:5,
                 from ../../git/lib/dvb/radiotext.cpp:3:
../../git/lib/service/iservice.h: In member function 'virtual void iServiceInformation::getAITApplications(std::map<int, std::__cxx11::basic_string<char> >&)':
../../git/lib/service/iservice.h:439:69: warning: unused parameter 'aitlist' [-Wunused-parameter]
  439 |         virtual void getAITApplications(std::map<int, std::string> &aitlist) {};
      |                                         ~~~~~~~~~~~~~~~~~~~~~~~~~~~~^~~~~~~

In file included from ../../git/lib/dvb/dvb.h:12:
../../git/lib/dvb/tstools.h: In member function 'virtual RESULT eTSFileSectionReader::setBufferSize(int)':
../../git/lib/dvb/tstools.h:29:34: warning: unused parameter 'size' [-Wunused-parameter]
   29 |         RESULT setBufferSize(int size) { return 0; }
      |                              ~~~~^~~~

../../git/lib/dvb/dvb.cpp: In member function 'virtual void eDVBChannel::getNextSourceSpan(off_t, size_t, off_t&, size_t&, int, int&)':
../../git/lib/dvb/dvb.cpp:1889:66: warning: unused parameter 'bytes_read' [-Wunused-parameter]
 1889 | void eDVBChannel::getNextSourceSpan(off_t current_offset, size_t bytes_read, off_t &start, size_t &size, int blocksize, int &sof)
      |                                                           ~~~~~~~^~~~~~~~~~

../../git/lib/dvb/dvb.cpp: In member function 'virtual RESULT eDVBChannel::setCIRouting(const eDVBCIRouting&)':
../../git/lib/dvb/dvb.cpp:2191:55: warning: unused parameter 'routing' [-Wunused-parameter]
 2191 | RESULT eDVBChannel::setCIRouting(const eDVBCIRouting &routing)
      |                                  ~~~~~~~~~~~~~~~~~~~~~^~~~~~~

depbase=`echo dvb/atsc.o | sed 's|[^/]*$|.deps/&|;s|\.o$||'`;\
arm-oe-linux-gnueabi-g++  -march=armv7ve -mfpu=neon-vfpv4 -mfloat-abi=hard -D_TIME_BITS=64 -D_FILE_OFFSET_BITS=64 --sysroot=/home/pli/builds/openpli-scarthgap-build-1-30-2025/openpli-oe-core/build/tmp/work/osmio4k-oe-linux-gnueabi/enigma2/3.12+git/recipe-sysroot -std=gnu++17 -DHAVE_CONFIG_H -I. -I../../git/lib -I..  -I.. -I../../git -I../../git/include -DPY_SSIZE_T_CLEAN -include Python.h -include ../enigma2_config.h -I/home/pli/builds/openpli-scarthgap-build-1-30-2025/openpli-oe-core/build/tmp/work/osmio4k-oe-linux-gnueabi/enigma2/3.12+git/recipe-sysroot/usr/include/python3.12  -Os -pipe -g -feliminate-unused-debug-types -fcanon-prefix-map  -fmacro-prefix-map=/home/pli/builds/openpli-scarthgap-build-1-30-2025/openpli-oe-core/build/tmp/work/osmio4k-oe-linux-gnueabi/enigma2/3.12+git/git=/usr/src/debug/enigma2/3.12+git  -fdebug-prefix-map=/home/pli/builds/openpli-scarthgap-build-1-30-2025/openpli-oe-core/build/tmp/work/osmio4k-oe-linux-gnueabi/enigma2/3.12+git/git=/usr/src/debug/enigma2/3.12+git  -fmacro-prefix-map=/home/pli/builds/openpli-scarthgap-build-1-30-2025/openpli-oe-core/build/tmp/work/osmio4k-oe-linux-gnueabi/enigma2/3.12+git/build=/usr/src/debug/enigma2/3.12+git  -fdebug-prefix-map=/home/pli/builds/openpli-scarthgap-build-1-30-2025/openpli-oe-core/build/tmp/work/osmio4k-oe-linux-gnueabi/enigma2/3.12+git/build=/usr/src/debug/enigma2/3.12+git  -fdebug-prefix-map=/home/pli/builds/openpli-scarthgap-build-1-30-2025/openpli-oe-core/build/tmp/work/osmio4k-oe-linux-gnueabi/enigma2/3.12+git/recipe-sysroot=  -fmacro-prefix-map=/home/pli/builds/openpli-scarthgap-build-1-30-2025/openpli-oe-core/build/tmp/work/osmio4k-oe-linux-gnueabi/enigma2/3.12+git/recipe-sysroot=  -fdebug-prefix-map=/home/pli/builds/openpli-scarthgap-build-1-30-2025/openpli-oe-core/build/tmp/work/osmio4k-oe-linux-gnueabi/enigma2/3.12+git/recipe-sysroot-native=  -fvisibility-inlines-hidden -Wattribute-alias -Wattribute-alias=1 -Wall -Wextra -Werror 	-Wformat=2 -Wformat-overflow=2 -Wformat-nonliteral -Wformat-security 	-Wimplicit-fallthrough=5 -Wduplicated-branches -Wtrampolines 	-Wdangling-else -Wshift-overflow=2 -Wswitch 	-Wunused-but-set-parameter -Wunused-const-variable=1 -Wuninitialized 	-Wstringop-overflow=3 -Woverlength-strings 	-Wunsafe-loop-optimizations -Wpointer-arith 	-Wfloat-equal -Wlogical-op 	-Wno-error=cast-align=strict -Wno-error=ignored-qualifiers 	-Wno-error=cast-function-type -Wno-error=deprecated-declarations 	-Wno-error=stringop-truncation -Wno-error=shadow -Wno-error=cast-qual 	-Wno-error=aggregate-return -Wno-error=missing-field-initializers 	-Wno-error=packed -Wno-error=vla -Wno-error=clobbered -Wno-error=unused-parameter 	-I/home/pli/builds/openpli-scarthgap-build-1-30-2025/openpli-oe-core/build/tmp/work/osmio4k-oe-linux-gnueabi/enigma2/3.12+git/recipe-sysroot/usr/include/freetype2 -I/home/pli/builds/openpli-scarthgap-build-1-30-2025/openpli-oe-core/build/tmp/work/osmio4k-oe-linux-gnueabi/enigma2/3.12+git/recipe-sysroot/usr/include/fribidi -I/home/pli/builds/openpli-scarthgap-build-1-30-2025/openpli-oe-core/build/tmp/work/osmio4k-oe-linux-gnueabi/enigma2/3.12+git/recipe-sysroot/usr/include/glib-2.0 -I/home/pli/builds/openpli-scarthgap-build-1-30-2025/openpli-oe-core/build/tmp/work/osmio4k-oe-linux-gnueabi/enigma2/3.12+git/recipe-sysroot/usr/lib/glib-2.0/include -I/home/pli/builds/openpli-scarthgap-build-1-30-2025/openpli-oe-core/build/tmp/work/osmio4k-oe-linux-gnueabi/enigma2/3.12+git/recipe-sysroot/usr/include/libpng16 -I/home/pli/builds/openpli-scarthgap-build-1-30-2025/openpli-oe-core/build/tmp/work/osmio4k-oe-linux-gnueabi/enigma2/3.12+git/recipe-sysroot/usr/include/libxml2 -I/home/pli/builds/openpli-scarthgap-build-1-30-2025/openpli-oe-core/build/tmp/work/osmio4k-oe-linux-gnueabi/enigma2/3.12+git/recipe-sysroot/usr/include/sigc++-3.0 -I/home/pli/builds/openpli-scarthgap-build-1-30-2025/openpli-oe-core/build/tmp/work/osmio4k-oe-linux-gnueabi/enigma2/3.12+git/recipe-sysroot/usr/lib/sigc++-3.0/include -fno-rtti -fno-exceptions -rdynamic -funwind-tables  -fopenmp  -MT dvb/atsc.o -MD -MP -MF $depbase.Tpo -c -o dvb/atsc.o ../../git/lib/dvb/atsc.cpp &&\
mv -f $depbase.Tpo $depbase.Po

In file included from ../../git/lib/dvb/dvb.h:12,
                 from ../../git/lib/dvb/fastscan.cpp:6:
../../git/lib/dvb/tstools.h: In member function 'virtual RESULT eTSFileSectionReader::setBufferSize(int)':
../../git/lib/dvb/tstools.h:29:34: warning: unused parameter 'size' [-Wunused-parameter]
   29 |         RESULT setBufferSize(int size) { return 0; }
      |                              ~~~~^~~~

../../git/lib/dvb/db.cpp: In function 'ePtr<eDVBFrontendParameters> parseFrontendData(char*, int)':
../../git/lib/dvb/db.cpp:577:71: warning: unused parameter 'version' [-Wunused-parameter]
  577 | static ePtr<eDVBFrontendParameters> parseFrontendData(char* line, int version)
      |                                                                   ~~~~^~~~~~~

depbase=`echo dvb/fcc.o | sed 's|[^/]*$|.deps/&|;s|\.o$||'`;\
arm-oe-linux-gnueabi-g++  -march=armv7ve -mfpu=neon-vfpv4 -mfloat-abi=hard -D_TIME_BITS=64 -D_FILE_OFFSET_BITS=64 --sysroot=/home/pli/builds/openpli-scarthgap-build-1-30-2025/openpli-oe-core/build/tmp/work/osmio4k-oe-linux-gnueabi/enigma2/3.12+git/recipe-sysroot -std=gnu++17 -DHAVE_CONFIG_H -I. -I../../git/lib -I..  -I.. -I../../git -I../../git/include -DPY_SSIZE_T_CLEAN -include Python.h -include ../enigma2_config.h -I/home/pli/builds/openpli-scarthgap-build-1-30-2025/openpli-oe-core/build/tmp/work/osmio4k-oe-linux-gnueabi/enigma2/3.12+git/recipe-sysroot/usr/include/python3.12  -Os -pipe -g -feliminate-unused-debug-types -fcanon-prefix-map  -fmacro-prefix-map=/home/pli/builds/openpli-scarthgap-build-1-30-2025/openpli-oe-core/build/tmp/work/osmio4k-oe-linux-gnueabi/enigma2/3.12+git/git=/usr/src/debug/enigma2/3.12+git  -fdebug-prefix-map=/home/pli/builds/openpli-scarthgap-build-1-30-2025/openpli-oe-core/build/tmp/work/osmio4k-oe-linux-gnueabi/enigma2/3.12+git/git=/usr/src/debug/enigma2/3.12+git  -fmacro-prefix-map=/home/pli/builds/openpli-scarthgap-build-1-30-2025/openpli-oe-core/build/tmp/work/osmio4k-oe-linux-gnueabi/enigma2/3.12+git/build=/usr/src/debug/enigma2/3.12+git  -fdebug-prefix-map=/home/pli/builds/openpli-scarthgap-build-1-30-2025/openpli-oe-core/build/tmp/work/osmio4k-oe-linux-gnueabi/enigma2/3.12+git/build=/usr/src/debug/enigma2/3.12+git  -fdebug-prefix-map=/home/pli/builds/openpli-scarthgap-build-1-30-2025/openpli-oe-core/build/tmp/work/osmio4k-oe-linux-gnueabi/enigma2/3.12+git/recipe-sysroot=  -fmacro-prefix-map=/home/pli/builds/openpli-scarthgap-build-1-30-2025/openpli-oe-core/build/tmp/work/osmio4k-oe-linux-gnueabi/enigma2/3.12+git/recipe-sysroot=  -fdebug-prefix-map=/home/pli/builds/openpli-scarthgap-build-1-30-2025/openpli-oe-core/build/tmp/work/osmio4k-oe-linux-gnueabi/enigma2/3.12+git/recipe-sysroot-native=  -fvisibility-inlines-hidden -Wattribute-alias -Wattribute-alias=1 -Wall -Wextra -Werror 	-Wformat=2 -Wformat-overflow=2 -Wformat-nonliteral -Wformat-security 	-Wimplicit-fallthrough=5 -Wduplicated-branches -Wtrampolines 	-Wdangling-else -Wshift-overflow=2 -Wswitch 	-Wunused-but-set-parameter -Wunused-const-variable=1 -Wuninitialized 	-Wstringop-overflow=3 -Woverlength-strings 	-Wunsafe-loop-optimizations -Wpointer-arith 	-Wfloat-equal -Wlogical-op 	-Wno-error=cast-align=strict -Wno-error=ignored-qualifiers 	-Wno-error=cast-function-type -Wno-error=deprecated-declarations 	-Wno-error=stringop-truncation -Wno-error=shadow -Wno-error=cast-qual 	-Wno-error=aggregate-return -Wno-error=missing-field-initializers 	-Wno-error=packed -Wno-error=vla -Wno-error=clobbered -Wno-error=unused-parameter 	-I/home/pli/builds/openpli-scarthgap-build-1-30-2025/openpli-oe-core/build/tmp/work/osmio4k-oe-linux-gnueabi/enigma2/3.12+git/recipe-sysroot/usr/include/freetype2 -I/home/pli/builds/openpli-scarthgap-build-1-30-2025/openpli-oe-core/build/tmp/work/osmio4k-oe-linux-gnueabi/enigma2/3.12+git/recipe-sysroot/usr/include/fribidi -I/home/pli/builds/openpli-scarthgap-build-1-30-2025/openpli-oe-core/build/tmp/work/osmio4k-oe-linux-gnueabi/enigma2/3.12+git/recipe-sysroot/usr/include/glib-2.0 -I/home/pli/builds/openpli-scarthgap-build-1-30-2025/openpli-oe-core/build/tmp/work/osmio4k-oe-linux-gnueabi/enigma2/3.12+git/recipe-sysroot/usr/lib/glib-2.0/include -I/home/pli/builds/openpli-scarthgap-build-1-30-2025/openpli-oe-core/build/tmp/work/osmio4k-oe-linux-gnueabi/enigma2/3.12+git/recipe-sysroot/usr/include/libpng16 -I/home/pli/builds/openpli-scarthgap-build-1-30-2025/openpli-oe-core/build/tmp/work/osmio4k-oe-linux-gnueabi/enigma2/3.12+git/recipe-sysroot/usr/include/libxml2 -I/home/pli/builds/openpli-scarthgap-build-1-30-2025/openpli-oe-core/build/tmp/work/osmio4k-oe-linux-gnueabi/enigma2/3.12+git/recipe-sysroot/usr/include/sigc++-3.0 -I/home/pli/builds/openpli-scarthgap-build-1-30-2025/openpli-oe-core/build/tmp/work/osmio4k-oe-linux-gnueabi/enigma2/3.12+git/recipe-sysroot/usr/lib/sigc++-3.0/include -fno-rtti -fno-exceptions -rdynamic -funwind-tables  -fopenmp  -MT dvb/fcc.o -MD -MP -MF $depbase.Tpo -c -o dvb/fcc.o ../../git/lib/dvb/fcc.cpp &&\
mv -f $depbase.Tpo $depbase.Po

In file included from ../../git/lib/service/service.h:6,
                 from ../../git/lib/dvb/idvb.h:12,
                 from ../../git/lib/dvb/scan.cpp:3:
../../git/lib/service/iservice.h: In member function 'virtual void iServiceInformation::getAITApplications(std::map<int, std::__cxx11::basic_string<char> >&)':
../../git/lib/service/iservice.h:439:69: warning: unused parameter 'aitlist' [-Wunused-parameter]
  439 |         virtual void getAITApplications(std::map<int, std::string> &aitlist) {};
      |                                         ~~~~~~~~~~~~~~~~~~~~~~~~~~~~^~~~~~~

In file included from ../../git/lib/dvb/dvb.h:12,
                 from ../../git/lib/dvb/pmt.h:8:
../../git/lib/dvb/tstools.h: In member function 'virtual RESULT eTSFileSectionReader::setBufferSize(int)':
../../git/lib/dvb/tstools.h:29:34: warning: unused parameter 'size' [-Wunused-parameter]
   29 |         RESULT setBufferSize(int size) { return 0; }
      |                              ~~~~^~~~

In file included from ../../git/lib/dvb/dvb.h:12,
                 from ../../git/lib/dvb/pmt.h:8,
                 from ../../git/lib/dvb/epgchanneldata.cpp:4:
../../git/lib/dvb/tstools.h: In member function 'virtual RESULT eTSFileSectionReader::setBufferSize(int)':
../../git/lib/dvb/tstools.h:29:34: warning: unused parameter 'size' [-Wunused-parameter]
   29 |         RESULT setBufferSize(int size) { return 0; }
      |                              ~~~~^~~~

depbase=`echo dvb/fccdecoder.o | sed 's|[^/]*$|.deps/&|;s|\.o$||'`;\
arm-oe-linux-gnueabi-g++  -march=armv7ve -mfpu=neon-vfpv4 -mfloat-abi=hard -D_TIME_BITS=64 -D_FILE_OFFSET_BITS=64 --sysroot=/home/pli/builds/openpli-scarthgap-build-1-30-2025/openpli-oe-core/build/tmp/work/osmio4k-oe-linux-gnueabi/enigma2/3.12+git/recipe-sysroot -std=gnu++17 -DHAVE_CONFIG_H -I. -I../../git/lib -I..  -I.. -I../../git -I../../git/include -DPY_SSIZE_T_CLEAN -include Python.h -include ../enigma2_config.h -I/home/pli/builds/openpli-scarthgap-build-1-30-2025/openpli-oe-core/build/tmp/work/osmio4k-oe-linux-gnueabi/enigma2/3.12+git/recipe-sysroot/usr/include/python3.12  -Os -pipe -g -feliminate-unused-debug-types -fcanon-prefix-map  -fmacro-prefix-map=/home/pli/builds/openpli-scarthgap-build-1-30-2025/openpli-oe-core/build/tmp/work/osmio4k-oe-linux-gnueabi/enigma2/3.12+git/git=/usr/src/debug/enigma2/3.12+git  -fdebug-prefix-map=/home/pli/builds/openpli-scarthgap-build-1-30-2025/openpli-oe-core/build/tmp/work/osmio4k-oe-linux-gnueabi/enigma2/3.12+git/git=/usr/src/debug/enigma2/3.12+git  -fmacro-prefix-map=/home/pli/builds/openpli-scarthgap-build-1-30-2025/openpli-oe-core/build/tmp/work/osmio4k-oe-linux-gnueabi/enigma2/3.12+git/build=/usr/src/debug/enigma2/3.12+git  -fdebug-prefix-map=/home/pli/builds/openpli-scarthgap-build-1-30-2025/openpli-oe-core/build/tmp/work/osmio4k-oe-linux-gnueabi/enigma2/3.12+git/build=/usr/src/debug/enigma2/3.12+git  -fdebug-prefix-map=/home/pli/builds/openpli-scarthgap-build-1-30-2025/openpli-oe-core/build/tmp/work/osmio4k-oe-linux-gnueabi/enigma2/3.12+git/recipe-sysroot=  -fmacro-prefix-map=/home/pli/builds/openpli-scarthgap-build-1-30-2025/openpli-oe-core/build/tmp/work/osmio4k-oe-linux-gnueabi/enigma2/3.12+git/recipe-sysroot=  -fdebug-prefix-map=/home/pli/builds/openpli-scarthgap-build-1-30-2025/openpli-oe-core/build/tmp/work/osmio4k-oe-linux-gnueabi/enigma2/3.12+git/recipe-sysroot-native=  -fvisibility-inlines-hidden -Wattribute-alias -Wattribute-alias=1 -Wall -Wextra -Werror 	-Wformat=2 -Wformat-overflow=2 -Wformat-nonliteral -Wformat-security 	-Wimplicit-fallthrough=5 -Wduplicated-branches -Wtrampolines 	-Wdangling-else -Wshift-overflow=2 -Wswitch 	-Wunused-but-set-parameter -Wunused-const-variable=1 -Wuninitialized 	-Wstringop-overflow=3 -Woverlength-strings 	-Wunsafe-loop-optimizations -Wpointer-arith 	-Wfloat-equal -Wlogical-op 	-Wno-error=cast-align=strict -Wno-error=ignored-qualifiers 	-Wno-error=cast-function-type -Wno-error=deprecated-declarations 	-Wno-error=stringop-truncation -Wno-error=shadow -Wno-error=cast-qual 	-Wno-error=aggregate-return -Wno-error=missing-field-initializers 	-Wno-error=packed -Wno-error=vla -Wno-error=clobbered -Wno-error=unused-parameter 	-I/home/pli/builds/openpli-scarthgap-build-1-30-2025/openpli-oe-core/build/tmp/work/osmio4k-oe-linux-gnueabi/enigma2/3.12+git/recipe-sysroot/usr/include/freetype2 -I/home/pli/builds/openpli-scarthgap-build-1-30-2025/openpli-oe-core/build/tmp/work/osmio4k-oe-linux-gnueabi/enigma2/3.12+git/recipe-sysroot/usr/include/fribidi -I/home/pli/builds/openpli-scarthgap-build-1-30-2025/openpli-oe-core/build/tmp/work/osmio4k-oe-linux-gnueabi/enigma2/3.12+git/recipe-sysroot/usr/include/glib-2.0 -I/home/pli/builds/openpli-scarthgap-build-1-30-2025/openpli-oe-core/build/tmp/work/osmio4k-oe-linux-gnueabi/enigma2/3.12+git/recipe-sysroot/usr/lib/glib-2.0/include -I/home/pli/builds/openpli-scarthgap-build-1-30-2025/openpli-oe-core/build/tmp/work/osmio4k-oe-linux-gnueabi/enigma2/3.12+git/recipe-sysroot/usr/include/libpng16 -I/home/pli/builds/openpli-scarthgap-build-1-30-2025/openpli-oe-core/build/tmp/work/osmio4k-oe-linux-gnueabi/enigma2/3.12+git/recipe-sysroot/usr/include/libxml2 -I/home/pli/builds/openpli-scarthgap-build-1-30-2025/openpli-oe-core/build/tmp/work/osmio4k-oe-linux-gnueabi/enigma2/3.12+git/recipe-sysroot/usr/include/sigc++-3.0 -I/home/pli/builds/openpli-scarthgap-build-1-30-2025/openpli-oe-core/build/tmp/work/osmio4k-oe-linux-gnueabi/enigma2/3.12+git/recipe-sysroot/usr/lib/sigc++-3.0/include -fno-rtti -fno-exceptions -rdynamic -funwind-tables  -fopenmp  -MT dvb/fccdecoder.o -MD -MP -MF $depbase.Tpo -c -o dvb/fccdecoder.o ../../git/lib/dvb/fccdecoder.cpp &&\
mv -f $depbase.Tpo $depbase.Po

In file included from ../../git/lib/service/service.h:6,
                 from ../../git/lib/dvb/idvb.h:12,
                 from ../../git/lib/dvb/idemux.h:4,
                 from ../../git/lib/dvb/subtitle.cpp:8:
../../git/lib/service/iservice.h: In member function 'virtual void iServiceInformation::getAITApplications(std::map<int, std::__cxx11::basic_string<char> >&)':
../../git/lib/service/iservice.h:439:69: warning: unused parameter 'aitlist' [-Wunused-parameter]
  439 |         virtual void getAITApplications(std::map<int, std::string> &aitlist) {};
      |                                         ~~~~~~~~~~~~~~~~~~~~~~~~~~~~^~~~~~~

In file included from ../../git/lib/dvb/dvb.h:12,
                 from ../../git/lib/dvb/epgcache.cpp:15:
../../git/lib/dvb/tstools.h: In member function 'virtual RESULT eTSFileSectionReader::setBufferSize(int)':
../../git/lib/dvb/tstools.h:29:34: warning: unused parameter 'size' [-Wunused-parameter]
   29 |         RESULT setBufferSize(int size) { return 0; }
      |                              ~~~~^~~~

In file included from ../../git/lib/service/service.h:6,
                 from ../../git/lib/dvb/idvb.h:12,
                 from ../../git/lib/dvb/pvrparse.h:4,
                 from ../../git/lib/dvb/tstools.h:5,
                 from ../../git/lib/dvb/tstools.cpp:1:
../../git/lib/service/iservice.h: In member function 'virtual void iServiceInformation::getAITApplications(std::map<int, std::__cxx11::basic_string<char> >&)':
../../git/lib/service/iservice.h:439:69: warning: unused parameter 'aitlist' [-Wunused-parameter]
  439 |         virtual void getAITApplications(std::map<int, std::string> &aitlist) {};
      |                                         ~~~~~~~~~~~~~~~~~~~~~~~~~~~~^~~~~~~

In file included from ../../git/lib/dvb/dvb.h:12,
                 from ../../git/lib/dvb/pmt.h:8,
                 from ../../git/lib/dvb/epgtransponderdatareader.cpp:6:
../../git/lib/dvb/tstools.h: In member function 'virtual RESULT eTSFileSectionReader::setBufferSize(int)':
../../git/lib/dvb/tstools.h:29:34: warning: unused parameter 'size' [-Wunused-parameter]
   29 |         RESULT setBufferSize(int size) { return 0; }
      |                              ~~~~^~~~

In file included from ../../git/lib/service/service.h:6,
                 from ../../git/lib/dvb/idvb.h:12,
                 from ../../git/lib/dvb/dvb.h:8,
                 from ../../git/lib/dvb/sec.cpp:1:
../../git/lib/service/iservice.h: In member function 'virtual void iServiceInformation::getAITApplications(std::map<int, std::__cxx11::basic_string<char> >&)':
../../git/lib/service/iservice.h:439:69: warning: unused parameter 'aitlist' [-Wunused-parameter]
  439 |         virtual void getAITApplications(std::map<int, std::string> &aitlist) {};
      |                                         ~~~~~~~~~~~~~~~~~~~~~~~~~~~~^~~~~~~

depbase=`echo dvb_ci/dvbci.o | sed 's|[^/]*$|.deps/&|;s|\.o$||'`;\
arm-oe-linux-gnueabi-g++  -march=armv7ve -mfpu=neon-vfpv4 -mfloat-abi=hard -D_TIME_BITS=64 -D_FILE_OFFSET_BITS=64 --sysroot=/home/pli/builds/openpli-scarthgap-build-1-30-2025/openpli-oe-core/build/tmp/work/osmio4k-oe-linux-gnueabi/enigma2/3.12+git/recipe-sysroot -std=gnu++17 -DHAVE_CONFIG_H -I. -I../../git/lib -I..  -I.. -I../../git -I../../git/include -DPY_SSIZE_T_CLEAN -include Python.h -include ../enigma2_config.h -I/home/pli/builds/openpli-scarthgap-build-1-30-2025/openpli-oe-core/build/tmp/work/osmio4k-oe-linux-gnueabi/enigma2/3.12+git/recipe-sysroot/usr/include/python3.12  -Os -pipe -g -feliminate-unused-debug-types -fcanon-prefix-map  -fmacro-prefix-map=/home/pli/builds/openpli-scarthgap-build-1-30-2025/openpli-oe-core/build/tmp/work/osmio4k-oe-linux-gnueabi/enigma2/3.12+git/git=/usr/src/debug/enigma2/3.12+git  -fdebug-prefix-map=/home/pli/builds/openpli-scarthgap-build-1-30-2025/openpli-oe-core/build/tmp/work/osmio4k-oe-linux-gnueabi/enigma2/3.12+git/git=/usr/src/debug/enigma2/3.12+git  -fmacro-prefix-map=/home/pli/builds/openpli-scarthgap-build-1-30-2025/openpli-oe-core/build/tmp/work/osmio4k-oe-linux-gnueabi/enigma2/3.12+git/build=/usr/src/debug/enigma2/3.12+git  -fdebug-prefix-map=/home/pli/builds/openpli-scarthgap-build-1-30-2025/openpli-oe-core/build/tmp/work/osmio4k-oe-linux-gnueabi/enigma2/3.12+git/build=/usr/src/debug/enigma2/3.12+git  -fdebug-prefix-map=/home/pli/builds/openpli-scarthgap-build-1-30-2025/openpli-oe-core/build/tmp/work/osmio4k-oe-linux-gnueabi/enigma2/3.12+git/recipe-sysroot=  -fmacro-prefix-map=/home/pli/builds/openpli-scarthgap-build-1-30-2025/openpli-oe-core/build/tmp/work/osmio4k-oe-linux-gnueabi/enigma2/3.12+git/recipe-sysroot=  -fdebug-prefix-map=/home/pli/builds/openpli-scarthgap-build-1-30-2025/openpli-oe-core/build/tmp/work/osmio4k-oe-linux-gnueabi/enigma2/3.12+git/recipe-sysroot-native=  -fvisibility-inlines-hidden -Wattribute-alias -Wattribute-alias=1 -Wall -Wextra -Werror 	-Wformat=2 -Wformat-overflow=2 -Wformat-nonliteral -Wformat-security 	-Wimplicit-fallthrough=5 -Wduplicated-branches -Wtrampolines 	-Wdangling-else -Wshift-overflow=2 -Wswitch 	-Wunused-but-set-parameter -Wunused-const-variable=1 -Wuninitialized 	-Wstringop-overflow=3 -Woverlength-strings 	-Wunsafe-loop-optimizations -Wpointer-arith 	-Wfloat-equal -Wlogical-op 	-Wno-error=cast-align=strict -Wno-error=ignored-qualifiers 	-Wno-error=cast-function-type -Wno-error=deprecated-declarations 	-Wno-error=stringop-truncation -Wno-error=shadow -Wno-error=cast-qual 	-Wno-error=aggregate-return -Wno-error=missing-field-initializers 	-Wno-error=packed -Wno-error=vla -Wno-error=clobbered -Wno-error=unused-parameter 	-I/home/pli/builds/openpli-scarthgap-build-1-30-2025/openpli-oe-core/build/tmp/work/osmio4k-oe-linux-gnueabi/enigma2/3.12+git/recipe-sysroot/usr/include/freetype2 -I/home/pli/builds/openpli-scarthgap-build-1-30-2025/openpli-oe-core/build/tmp/work/osmio4k-oe-linux-gnueabi/enigma2/3.12+git/recipe-sysroot/usr/include/fribidi -I/home/pli/builds/openpli-scarthgap-build-1-30-2025/openpli-oe-core/build/tmp/work/osmio4k-oe-linux-gnueabi/enigma2/3.12+git/recipe-sysroot/usr/include/glib-2.0 -I/home/pli/builds/openpli-scarthgap-build-1-30-2025/openpli-oe-core/build/tmp/work/osmio4k-oe-linux-gnueabi/enigma2/3.12+git/recipe-sysroot/usr/lib/glib-2.0/include -I/home/pli/builds/openpli-scarthgap-build-1-30-2025/openpli-oe-core/build/tmp/work/osmio4k-oe-linux-gnueabi/enigma2/3.12+git/recipe-sysroot/usr/include/libpng16 -I/home/pli/builds/openpli-scarthgap-build-1-30-2025/openpli-oe-core/build/tmp/work/osmio4k-oe-linux-gnueabi/enigma2/3.12+git/recipe-sysroot/usr/include/libxml2 -I/home/pli/builds/openpli-scarthgap-build-1-30-2025/openpli-oe-core/build/tmp/work/osmio4k-oe-linux-gnueabi/enigma2/3.12+git/recipe-sysroot/usr/include/sigc++-3.0 -I/home/pli/builds/openpli-scarthgap-build-1-30-2025/openpli-oe-core/build/tmp/work/osmio4k-oe-linux-gnueabi/enigma2/3.12+git/recipe-sysroot/usr/lib/sigc++-3.0/include -fno-rtti -fno-exceptions -rdynamic -funwind-tables  -fopenmp  -MT dvb_ci/dvbci.o -MD -MP -MF $depbase.Tpo -c -o dvb_ci/dvbci.o ../../git/lib/dvb_ci/dvbci.cpp &&\
mv -f $depbase.Tpo $depbase.Po

In file included from ../../git/lib/service/service.h:6,
                 from ../../git/lib/dvb/idvb.h:12,
                 from ../../git/lib/dvb/teletext.h:5,
                 from ../../git/lib/dvb/teletext.cpp:2:
../../git/lib/service/iservice.h: In member function 'virtual void iServiceInformation::getAITApplications(std::map<int, std::__cxx11::basic_string<char> >&)':
../../git/lib/service/iservice.h:439:69: warning: unused parameter 'aitlist' [-Wunused-parameter]
  439 |         virtual void getAITApplications(std::map<int, std::string> &aitlist) {};
      |                                         ~~~~~~~~~~~~~~~~~~~~~~~~~~~~^~~~~~~

depbase=`echo dvb_ci/dvbci_appmgr.o | sed 's|[^/]*$|.deps/&|;s|\.o$||'`;\
arm-oe-linux-gnueabi-g++  -march=armv7ve -mfpu=neon-vfpv4 -mfloat-abi=hard -D_TIME_BITS=64 -D_FILE_OFFSET_BITS=64 --sysroot=/home/pli/builds/openpli-scarthgap-build-1-30-2025/openpli-oe-core/build/tmp/work/osmio4k-oe-linux-gnueabi/enigma2/3.12+git/recipe-sysroot -std=gnu++17 -DHAVE_CONFIG_H -I. -I../../git/lib -I..  -I.. -I../../git -I../../git/include -DPY_SSIZE_T_CLEAN -include Python.h -include ../enigma2_config.h -I/home/pli/builds/openpli-scarthgap-build-1-30-2025/openpli-oe-core/build/tmp/work/osmio4k-oe-linux-gnueabi/enigma2/3.12+git/recipe-sysroot/usr/include/python3.12  -Os -pipe -g -feliminate-unused-debug-types -fcanon-prefix-map  -fmacro-prefix-map=/home/pli/builds/openpli-scarthgap-build-1-30-2025/openpli-oe-core/build/tmp/work/osmio4k-oe-linux-gnueabi/enigma2/3.12+git/git=/usr/src/debug/enigma2/3.12+git  -fdebug-prefix-map=/home/pli/builds/openpli-scarthgap-build-1-30-2025/openpli-oe-core/build/tmp/work/osmio4k-oe-linux-gnueabi/enigma2/3.12+git/git=/usr/src/debug/enigma2/3.12+git  -fmacro-prefix-map=/home/pli/builds/openpli-scarthgap-build-1-30-2025/openpli-oe-core/build/tmp/work/osmio4k-oe-linux-gnueabi/enigma2/3.12+git/build=/usr/src/debug/enigma2/3.12+git  -fdebug-prefix-map=/home/pli/builds/openpli-scarthgap-build-1-30-2025/openpli-oe-core/build/tmp/work/osmio4k-oe-linux-gnueabi/enigma2/3.12+git/build=/usr/src/debug/enigma2/3.12+git  -fdebug-prefix-map=/home/pli/builds/openpli-scarthgap-build-1-30-2025/openpli-oe-core/build/tmp/work/osmio4k-oe-linux-gnueabi/enigma2/3.12+git/recipe-sysroot=  -fmacro-prefix-map=/home/pli/builds/openpli-scarthgap-build-1-30-2025/openpli-oe-core/build/tmp/work/osmio4k-oe-linux-gnueabi/enigma2/3.12+git/recipe-sysroot=  -fdebug-prefix-map=/home/pli/builds/openpli-scarthgap-build-1-30-2025/openpli-oe-core/build/tmp/work/osmio4k-oe-linux-gnueabi/enigma2/3.12+git/recipe-sysroot-native=  -fvisibility-inlines-hidden -Wattribute-alias -Wattribute-alias=1 -Wall -Wextra -Werror 	-Wformat=2 -Wformat-overflow=2 -Wformat-nonliteral -Wformat-security 	-Wimplicit-fallthrough=5 -Wduplicated-branches -Wtrampolines 	-Wdangling-else -Wshift-overflow=2 -Wswitch 	-Wunused-but-set-parameter -Wunused-const-variable=1 -Wuninitialized 	-Wstringop-overflow=3 -Woverlength-strings 	-Wunsafe-loop-optimizations -Wpointer-arith 	-Wfloat-equal -Wlogical-op 	-Wno-error=cast-align=strict -Wno-error=ignored-qualifiers 	-Wno-error=cast-function-type -Wno-error=deprecated-declarations 	-Wno-error=stringop-truncation -Wno-error=shadow -Wno-error=cast-qual 	-Wno-error=aggregate-return -Wno-error=missing-field-initializers 	-Wno-error=packed -Wno-error=vla -Wno-error=clobbered -Wno-error=unused-parameter 	-I/home/pli/builds/openpli-scarthgap-build-1-30-2025/openpli-oe-core/build/tmp/work/osmio4k-oe-linux-gnueabi/enigma2/3.12+git/recipe-sysroot/usr/include/freetype2 -I/home/pli/builds/openpli-scarthgap-build-1-30-2025/openpli-oe-core/build/tmp/work/osmio4k-oe-linux-gnueabi/enigma2/3.12+git/recipe-sysroot/usr/include/fribidi -I/home/pli/builds/openpli-scarthgap-build-1-30-2025/openpli-oe-core/build/tmp/work/osmio4k-oe-linux-gnueabi/enigma2/3.12+git/recipe-sysroot/usr/include/glib-2.0 -I/home/pli/builds/openpli-scarthgap-build-1-30-2025/openpli-oe-core/build/tmp/work/osmio4k-oe-linux-gnueabi/enigma2/3.12+git/recipe-sysroot/usr/lib/glib-2.0/include -I/home/pli/builds/openpli-scarthgap-build-1-30-2025/openpli-oe-core/build/tmp/work/osmio4k-oe-linux-gnueabi/enigma2/3.12+git/recipe-sysroot/usr/include/libpng16 -I/home/pli/builds/openpli-scarthgap-build-1-30-2025/openpli-oe-core/build/tmp/work/osmio4k-oe-linux-gnueabi/enigma2/3.12+git/recipe-sysroot/usr/include/libxml2 -I/home/pli/builds/openpli-scarthgap-build-1-30-2025/openpli-oe-core/build/tmp/work/osmio4k-oe-linux-gnueabi/enigma2/3.12+git/recipe-sysroot/usr/include/sigc++-3.0 -I/home/pli/builds/openpli-scarthgap-build-1-30-2025/openpli-oe-core/build/tmp/work/osmio4k-oe-linux-gnueabi/enigma2/3.12+git/recipe-sysroot/usr/lib/sigc++-3.0/include -fno-rtti -fno-exceptions -rdynamic -funwind-tables  -fopenmp  -MT dvb_ci/dvbci_appmgr.o -MD -MP -MF $depbase.Tpo -c -o dvb_ci/dvbci_appmgr.o ../../git/lib/dvb_ci/dvbci_appmgr.cpp &&\
mv -f $depbase.Tpo $depbase.Po

../../git/lib/dvb/epgcache.cpp: In member function 'bool eEPGCache::FixOverlapping(EventCacheItem&, time_t, int, const std::map<long long int, eventData*>::iterator&, const uniqueEPGKey&)':
../../git/lib/dvb/epgcache.cpp:460:137: warning: unused parameter 'service' [-Wunused-parameter]
  460 | bool eEPGCache::FixOverlapping(EventCacheItem &servicemap, time_t TM, int duration, const timeMap::iterator &tm_it, const uniqueEPGKey &service)
      |                                                                                                                     ~~~~~~~~~~~~~~~~~~~~^~~~~~~

../../git/lib/dvb/tstools.h: In member function 'virtual RESULT eTSFileSectionReader::setBufferSize(int)':
../../git/lib/dvb/tstools.h:29:34: warning: unused parameter 'size' [-Wunused-parameter]
   29 |         RESULT setBufferSize(int size) { return 0; }
      |                              ~~~~^~~~

depbase=`echo dvb_ci/dvbci_camgr.o | sed 's|[^/]*$|.deps/&|;s|\.o$||'`;\
arm-oe-linux-gnueabi-g++  -march=armv7ve -mfpu=neon-vfpv4 -mfloat-abi=hard -D_TIME_BITS=64 -D_FILE_OFFSET_BITS=64 --sysroot=/home/pli/builds/openpli-scarthgap-build-1-30-2025/openpli-oe-core/build/tmp/work/osmio4k-oe-linux-gnueabi/enigma2/3.12+git/recipe-sysroot -std=gnu++17 -DHAVE_CONFIG_H -I. -I../../git/lib -I..  -I.. -I../../git -I../../git/include -DPY_SSIZE_T_CLEAN -include Python.h -include ../enigma2_config.h -I/home/pli/builds/openpli-scarthgap-build-1-30-2025/openpli-oe-core/build/tmp/work/osmio4k-oe-linux-gnueabi/enigma2/3.12+git/recipe-sysroot/usr/include/python3.12  -Os -pipe -g -feliminate-unused-debug-types -fcanon-prefix-map  -fmacro-prefix-map=/home/pli/builds/openpli-scarthgap-build-1-30-2025/openpli-oe-core/build/tmp/work/osmio4k-oe-linux-gnueabi/enigma2/3.12+git/git=/usr/src/debug/enigma2/3.12+git  -fdebug-prefix-map=/home/pli/builds/openpli-scarthgap-build-1-30-2025/openpli-oe-core/build/tmp/work/osmio4k-oe-linux-gnueabi/enigma2/3.12+git/git=/usr/src/debug/enigma2/3.12+git  -fmacro-prefix-map=/home/pli/builds/openpli-scarthgap-build-1-30-2025/openpli-oe-core/build/tmp/work/osmio4k-oe-linux-gnueabi/enigma2/3.12+git/build=/usr/src/debug/enigma2/3.12+git  -fdebug-prefix-map=/home/pli/builds/openpli-scarthgap-build-1-30-2025/openpli-oe-core/build/tmp/work/osmio4k-oe-linux-gnueabi/enigma2/3.12+git/build=/usr/src/debug/enigma2/3.12+git  -fdebug-prefix-map=/home/pli/builds/openpli-scarthgap-build-1-30-2025/openpli-oe-core/build/tmp/work/osmio4k-oe-linux-gnueabi/enigma2/3.12+git/recipe-sysroot=  -fmacro-prefix-map=/home/pli/builds/openpli-scarthgap-build-1-30-2025/openpli-oe-core/build/tmp/work/osmio4k-oe-linux-gnueabi/enigma2/3.12+git/recipe-sysroot=  -fdebug-prefix-map=/home/pli/builds/openpli-scarthgap-build-1-30-2025/openpli-oe-core/build/tmp/work/osmio4k-oe-linux-gnueabi/enigma2/3.12+git/recipe-sysroot-native=  -fvisibility-inlines-hidden -Wattribute-alias -Wattribute-alias=1 -Wall -Wextra -Werror 	-Wformat=2 -Wformat-overflow=2 -Wformat-nonliteral -Wformat-security 	-Wimplicit-fallthrough=5 -Wduplicated-branches -Wtrampolines 	-Wdangling-else -Wshift-overflow=2 -Wswitch 	-Wunused-but-set-parameter -Wunused-const-variable=1 -Wuninitialized 	-Wstringop-overflow=3 -Woverlength-strings 	-Wunsafe-loop-optimizations -Wpointer-arith 	-Wfloat-equal -Wlogical-op 	-Wno-error=cast-align=strict -Wno-error=ignored-qualifiers 	-Wno-error=cast-function-type -Wno-error=deprecated-declarations 	-Wno-error=stringop-truncation -Wno-error=shadow -Wno-error=cast-qual 	-Wno-error=aggregate-return -Wno-error=missing-field-initializers 	-Wno-error=packed -Wno-error=vla -Wno-error=clobbered -Wno-error=unused-parameter 	-I/home/pli/builds/openpli-scarthgap-build-1-30-2025/openpli-oe-core/build/tmp/work/osmio4k-oe-linux-gnueabi/enigma2/3.12+git/recipe-sysroot/usr/include/freetype2 -I/home/pli/builds/openpli-scarthgap-build-1-30-2025/openpli-oe-core/build/tmp/work/osmio4k-oe-linux-gnueabi/enigma2/3.12+git/recipe-sysroot/usr/include/fribidi -I/home/pli/builds/openpli-scarthgap-build-1-30-2025/openpli-oe-core/build/tmp/work/osmio4k-oe-linux-gnueabi/enigma2/3.12+git/recipe-sysroot/usr/include/glib-2.0 -I/home/pli/builds/openpli-scarthgap-build-1-30-2025/openpli-oe-core/build/tmp/work/osmio4k-oe-linux-gnueabi/enigma2/3.12+git/recipe-sysroot/usr/lib/glib-2.0/include -I/home/pli/builds/openpli-scarthgap-build-1-30-2025/openpli-oe-core/build/tmp/work/osmio4k-oe-linux-gnueabi/enigma2/3.12+git/recipe-sysroot/usr/include/libpng16 -I/home/pli/builds/openpli-scarthgap-build-1-30-2025/openpli-oe-core/build/tmp/work/osmio4k-oe-linux-gnueabi/enigma2/3.12+git/recipe-sysroot/usr/include/libxml2 -I/home/pli/builds/openpli-scarthgap-build-1-30-2025/openpli-oe-core/build/tmp/work/osmio4k-oe-linux-gnueabi/enigma2/3.12+git/recipe-sysroot/usr/include/sigc++-3.0 -I/home/pli/builds/openpli-scarthgap-build-1-30-2025/openpli-oe-core/build/tmp/work/osmio4k-oe-linux-gnueabi/enigma2/3.12+git/recipe-sysroot/usr/lib/sigc++-3.0/include -fno-rtti -fno-exceptions -rdynamic -funwind-tables  -fopenmp  -MT dvb_ci/dvbci_camgr.o -MD -MP -MF $depbase.Tpo -c -o dvb_ci/dvbci_camgr.o ../../git/lib/dvb_ci/dvbci_camgr.cpp &&\
mv -f $depbase.Tpo $depbase.Po

../../git/lib/dvb/tstools.cpp: In constructor 'eTSFileSectionReader::eTSFileSectionReader(eMainloop*)':
../../git/lib/dvb/tstools.cpp:14:55: warning: unused parameter 'context' [-Wunused-parameter]
   14 | eTSFileSectionReader::eTSFileSectionReader(eMainloop *context)
      |                                            ~~~~~~~~~~~^~~~~~~

../../git/lib/dvb/tstools.cpp: In member function 'virtual RESULT eTSFileSectionReader::start(const eDVBSectionFilterMask&)':
../../git/lib/dvb/tstools.cpp:37:65: warning: unused parameter 'mask' [-Wunused-parameter]
   37 | RESULT eTSFileSectionReader::start(const eDVBSectionFilterMask &mask)
      |                                    ~~~~~~~~~~~~~~~~~~~~~~~~~~~~~^~~~

../../git/lib/dvb/tstools.cpp: In member function 'int eDVBTSTools::findFrame(off_t&, size_t&, int&, int)':
../../git/lib/dvb/tstools.cpp:790:77: warning: unused parameter 'frame_types' [-Wunused-parameter]
  790 | int eDVBTSTools::findFrame(off_t &_offset, size_t &len, int &direction, int frame_types)
      |                                                                         ~~~~^~~~~~~~~~~

In file included from ../../git/lib/dvb/epgcache.h:21:
../../git/lib/base/message.h: In instantiation of 'eFixedMessagePump<T>::eFixedMessagePump(eMainloop*, int) [with T = eEPGTransponderDataReader::Message]':
../../git/lib/dvb/epgtransponderdatareader.cpp:26:3:   required from here
../../git/lib/base/message.h:108:51: warning: unused parameter 'mt' [-Wunused-parameter]
  108 |         eFixedMessagePump(eMainloop *context, int mt):
      |                                               ~~~~^~

depbase=`echo dvb_ci/dvbci_datetimemgr.o | sed 's|[^/]*$|.deps/&|;s|\.o$||'`;\
arm-oe-linux-gnueabi-g++  -march=armv7ve -mfpu=neon-vfpv4 -mfloat-abi=hard -D_TIME_BITS=64 -D_FILE_OFFSET_BITS=64 --sysroot=/home/pli/builds/openpli-scarthgap-build-1-30-2025/openpli-oe-core/build/tmp/work/osmio4k-oe-linux-gnueabi/enigma2/3.12+git/recipe-sysroot -std=gnu++17 -DHAVE_CONFIG_H -I. -I../../git/lib -I..  -I.. -I../../git -I../../git/include -DPY_SSIZE_T_CLEAN -include Python.h -include ../enigma2_config.h -I/home/pli/builds/openpli-scarthgap-build-1-30-2025/openpli-oe-core/build/tmp/work/osmio4k-oe-linux-gnueabi/enigma2/3.12+git/recipe-sysroot/usr/include/python3.12  -Os -pipe -g -feliminate-unused-debug-types -fcanon-prefix-map  -fmacro-prefix-map=/home/pli/builds/openpli-scarthgap-build-1-30-2025/openpli-oe-core/build/tmp/work/osmio4k-oe-linux-gnueabi/enigma2/3.12+git/git=/usr/src/debug/enigma2/3.12+git  -fdebug-prefix-map=/home/pli/builds/openpli-scarthgap-build-1-30-2025/openpli-oe-core/build/tmp/work/osmio4k-oe-linux-gnueabi/enigma2/3.12+git/git=/usr/src/debug/enigma2/3.12+git  -fmacro-prefix-map=/home/pli/builds/openpli-scarthgap-build-1-30-2025/openpli-oe-core/build/tmp/work/osmio4k-oe-linux-gnueabi/enigma2/3.12+git/build=/usr/src/debug/enigma2/3.12+git  -fdebug-prefix-map=/home/pli/builds/openpli-scarthgap-build-1-30-2025/openpli-oe-core/build/tmp/work/osmio4k-oe-linux-gnueabi/enigma2/3.12+git/build=/usr/src/debug/enigma2/3.12+git  -fdebug-prefix-map=/home/pli/builds/openpli-scarthgap-build-1-30-2025/openpli-oe-core/build/tmp/work/osmio4k-oe-linux-gnueabi/enigma2/3.12+git/recipe-sysroot=  -fmacro-prefix-map=/home/pli/builds/openpli-scarthgap-build-1-30-2025/openpli-oe-core/build/tmp/work/osmio4k-oe-linux-gnueabi/enigma2/3.12+git/recipe-sysroot=  -fdebug-prefix-map=/home/pli/builds/openpli-scarthgap-build-1-30-2025/openpli-oe-core/build/tmp/work/osmio4k-oe-linux-gnueabi/enigma2/3.12+git/recipe-sysroot-native=  -fvisibility-inlines-hidden -Wattribute-alias -Wattribute-alias=1 -Wall -Wextra -Werror 	-Wformat=2 -Wformat-overflow=2 -Wformat-nonliteral -Wformat-security 	-Wimplicit-fallthrough=5 -Wduplicated-branches -Wtrampolines 	-Wdangling-else -Wshift-overflow=2 -Wswitch 	-Wunused-but-set-parameter -Wunused-const-variable=1 -Wuninitialized 	-Wstringop-overflow=3 -Woverlength-strings 	-Wunsafe-loop-optimizations -Wpointer-arith 	-Wfloat-equal -Wlogical-op 	-Wno-error=cast-align=strict -Wno-error=ignored-qualifiers 	-Wno-error=cast-function-type -Wno-error=deprecated-declarations 	-Wno-error=stringop-truncation -Wno-error=shadow -Wno-error=cast-qual 	-Wno-error=aggregate-return -Wno-error=missing-field-initializers 	-Wno-error=packed -Wno-error=vla -Wno-error=clobbered -Wno-error=unused-parameter 	-I/home/pli/builds/openpli-scarthgap-build-1-30-2025/openpli-oe-core/build/tmp/work/osmio4k-oe-linux-gnueabi/enigma2/3.12+git/recipe-sysroot/usr/include/freetype2 -I/home/pli/builds/openpli-scarthgap-build-1-30-2025/openpli-oe-core/build/tmp/work/osmio4k-oe-linux-gnueabi/enigma2/3.12+git/recipe-sysroot/usr/include/fribidi -I/home/pli/builds/openpli-scarthgap-build-1-30-2025/openpli-oe-core/build/tmp/work/osmio4k-oe-linux-gnueabi/enigma2/3.12+git/recipe-sysroot/usr/include/glib-2.0 -I/home/pli/builds/openpli-scarthgap-build-1-30-2025/openpli-oe-core/build/tmp/work/osmio4k-oe-linux-gnueabi/enigma2/3.12+git/recipe-sysroot/usr/lib/glib-2.0/include -I/home/pli/builds/openpli-scarthgap-build-1-30-2025/openpli-oe-core/build/tmp/work/osmio4k-oe-linux-gnueabi/enigma2/3.12+git/recipe-sysroot/usr/include/libpng16 -I/home/pli/builds/openpli-scarthgap-build-1-30-2025/openpli-oe-core/build/tmp/work/osmio4k-oe-linux-gnueabi/enigma2/3.12+git/recipe-sysroot/usr/include/libxml2 -I/home/pli/builds/openpli-scarthgap-build-1-30-2025/openpli-oe-core/build/tmp/work/osmio4k-oe-linux-gnueabi/enigma2/3.12+git/recipe-sysroot/usr/include/sigc++-3.0 -I/home/pli/builds/openpli-scarthgap-build-1-30-2025/openpli-oe-core/build/tmp/work/osmio4k-oe-linux-gnueabi/enigma2/3.12+git/recipe-sysroot/usr/lib/sigc++-3.0/include -fno-rtti -fno-exceptions -rdynamic -funwind-tables  -fopenmp  -MT dvb_ci/dvbci_datetimemgr.o -MD -MP -MF $depbase.Tpo -c -o dvb_ci/dvbci_datetimemgr.o ../../git/lib/dvb_ci/dvbci_datetimemgr.cpp &&\
mv -f $depbase.Tpo $depbase.Po

In file included from ../../git/lib/dvb/dvb.h:12:
../../git/lib/dvb/tstools.h: In member function 'virtual RESULT eTSFileSectionReader::setBufferSize(int)':
../../git/lib/dvb/tstools.h:29:34: warning: unused parameter 'size' [-Wunused-parameter]
   29 |         RESULT setBufferSize(int size) { return 0; }
      |                              ~~~~^~~~

In file included from ../../git/lib/nav/core.h:5,
                 from ../../git/lib/dvb/encoder.cpp:14:
../../git/lib/service/iservice.h: In member function 'virtual void iServiceInformation::getAITApplications(std::map<int, std::__cxx11::basic_string<char> >&)':
../../git/lib/service/iservice.h:439:69: warning: unused parameter 'aitlist' [-Wunused-parameter]
  439 |         virtual void getAITApplications(std::map<int, std::string> &aitlist) {};
      |                                         ~~~~~~~~~~~~~~~~~~~~~~~~~~~~^~~~~~~

In file included from ../../git/lib/service/service.h:6,
                 from ../../git/lib/dvb/idvb.h:12,
                 from ../../git/lib/dvb/idemux.h:4,
                 from ../../git/lib/dvb/esection.h:4,
                 from ../../git/lib/dvb/pmtparse.h:6,
                 from ../../git/lib/dvb/pmtparse.cpp:1:
../../git/lib/service/iservice.h: In member function 'virtual void iServiceInformation::getAITApplications(std::map<int, std::__cxx11::basic_string<char> >&)':
../../git/lib/service/iservice.h:439:69: warning: unused parameter 'aitlist' [-Wunused-parameter]
  439 |         virtual void getAITApplications(std::map<int, std::string> &aitlist) {};
      |                                         ~~~~~~~~~~~~~~~~~~~~~~~~~~~~^~~~~~~

depbase=`echo dvb_ci/dvbci_mmi.o | sed 's|[^/]*$|.deps/&|;s|\.o$||'`;\
arm-oe-linux-gnueabi-g++  -march=armv7ve -mfpu=neon-vfpv4 -mfloat-abi=hard -D_TIME_BITS=64 -D_FILE_OFFSET_BITS=64 --sysroot=/home/pli/builds/openpli-scarthgap-build-1-30-2025/openpli-oe-core/build/tmp/work/osmio4k-oe-linux-gnueabi/enigma2/3.12+git/recipe-sysroot -std=gnu++17 -DHAVE_CONFIG_H -I. -I../../git/lib -I..  -I.. -I../../git -I../../git/include -DPY_SSIZE_T_CLEAN -include Python.h -include ../enigma2_config.h -I/home/pli/builds/openpli-scarthgap-build-1-30-2025/openpli-oe-core/build/tmp/work/osmio4k-oe-linux-gnueabi/enigma2/3.12+git/recipe-sysroot/usr/include/python3.12  -Os -pipe -g -feliminate-unused-debug-types -fcanon-prefix-map  -fmacro-prefix-map=/home/pli/builds/openpli-scarthgap-build-1-30-2025/openpli-oe-core/build/tmp/work/osmio4k-oe-linux-gnueabi/enigma2/3.12+git/git=/usr/src/debug/enigma2/3.12+git  -fdebug-prefix-map=/home/pli/builds/openpli-scarthgap-build-1-30-2025/openpli-oe-core/build/tmp/work/osmio4k-oe-linux-gnueabi/enigma2/3.12+git/git=/usr/src/debug/enigma2/3.12+git  -fmacro-prefix-map=/home/pli/builds/openpli-scarthgap-build-1-30-2025/openpli-oe-core/build/tmp/work/osmio4k-oe-linux-gnueabi/enigma2/3.12+git/build=/usr/src/debug/enigma2/3.12+git  -fdebug-prefix-map=/home/pli/builds/openpli-scarthgap-build-1-30-2025/openpli-oe-core/build/tmp/work/osmio4k-oe-linux-gnueabi/enigma2/3.12+git/build=/usr/src/debug/enigma2/3.12+git  -fdebug-prefix-map=/home/pli/builds/openpli-scarthgap-build-1-30-2025/openpli-oe-core/build/tmp/work/osmio4k-oe-linux-gnueabi/enigma2/3.12+git/recipe-sysroot=  -fmacro-prefix-map=/home/pli/builds/openpli-scarthgap-build-1-30-2025/openpli-oe-core/build/tmp/work/osmio4k-oe-linux-gnueabi/enigma2/3.12+git/recipe-sysroot=  -fdebug-prefix-map=/home/pli/builds/openpli-scarthgap-build-1-30-2025/openpli-oe-core/build/tmp/work/osmio4k-oe-linux-gnueabi/enigma2/3.12+git/recipe-sysroot-native=  -fvisibility-inlines-hidden -Wattribute-alias -Wattribute-alias=1 -Wall -Wextra -Werror 	-Wformat=2 -Wformat-overflow=2 -Wformat-nonliteral -Wformat-security 	-Wimplicit-fallthrough=5 -Wduplicated-branches -Wtrampolines 	-Wdangling-else -Wshift-overflow=2 -Wswitch 	-Wunused-but-set-parameter -Wunused-const-variable=1 -Wuninitialized 	-Wstringop-overflow=3 -Woverlength-strings 	-Wunsafe-loop-optimizations -Wpointer-arith 	-Wfloat-equal -Wlogical-op 	-Wno-error=cast-align=strict -Wno-error=ignored-qualifiers 	-Wno-error=cast-function-type -Wno-error=deprecated-declarations 	-Wno-error=stringop-truncation -Wno-error=shadow -Wno-error=cast-qual 	-Wno-error=aggregate-return -Wno-error=missing-field-initializers 	-Wno-error=packed -Wno-error=vla -Wno-error=clobbered -Wno-error=unused-parameter 	-I/home/pli/builds/openpli-scarthgap-build-1-30-2025/openpli-oe-core/build/tmp/work/osmio4k-oe-linux-gnueabi/enigma2/3.12+git/recipe-sysroot/usr/include/freetype2 -I/home/pli/builds/openpli-scarthgap-build-1-30-2025/openpli-oe-core/build/tmp/work/osmio4k-oe-linux-gnueabi/enigma2/3.12+git/recipe-sysroot/usr/include/fribidi -I/home/pli/builds/openpli-scarthgap-build-1-30-2025/openpli-oe-core/build/tmp/work/osmio4k-oe-linux-gnueabi/enigma2/3.12+git/recipe-sysroot/usr/include/glib-2.0 -I/home/pli/builds/openpli-scarthgap-build-1-30-2025/openpli-oe-core/build/tmp/work/osmio4k-oe-linux-gnueabi/enigma2/3.12+git/recipe-sysroot/usr/lib/glib-2.0/include -I/home/pli/builds/openpli-scarthgap-build-1-30-2025/openpli-oe-core/build/tmp/work/osmio4k-oe-linux-gnueabi/enigma2/3.12+git/recipe-sysroot/usr/include/libpng16 -I/home/pli/builds/openpli-scarthgap-build-1-30-2025/openpli-oe-core/build/tmp/work/osmio4k-oe-linux-gnueabi/enigma2/3.12+git/recipe-sysroot/usr/include/libxml2 -I/home/pli/builds/openpli-scarthgap-build-1-30-2025/openpli-oe-core/build/tmp/work/osmio4k-oe-linux-gnueabi/enigma2/3.12+git/recipe-sysroot/usr/include/sigc++-3.0 -I/home/pli/builds/openpli-scarthgap-build-1-30-2025/openpli-oe-core/build/tmp/work/osmio4k-oe-linux-gnueabi/enigma2/3.12+git/recipe-sysroot/usr/lib/sigc++-3.0/include -fno-rtti -fno-exceptions -rdynamic -funwind-tables  -fopenmp  -MT dvb_ci/dvbci_mmi.o -MD -MP -MF $depbase.Tpo -c -o dvb_ci/dvbci_mmi.o ../../git/lib/dvb_ci/dvbci_mmi.cpp &&\
mv -f $depbase.Tpo $depbase.Po

In file included from ../../git/lib/dvb/dvb.h:12,
                 from ../../git/lib/dvb/pmt.h:8,
                 from ../../git/lib/dvb/teletext.h:7:
../../git/lib/dvb/tstools.h: In member function 'virtual RESULT eTSFileSectionReader::setBufferSize(int)':
../../git/lib/dvb/tstools.h:29:34: warning: unused parameter 'size' [-Wunused-parameter]
   29 |         RESULT setBufferSize(int size) { return 0; }
      |                              ~~~~^~~~

In file included from ../../git/lib/dvb/epgcache.h:21:
../../git/lib/base/message.h: In instantiation of 'eFixedMessagePump<T>::eFixedMessagePump(eMainloop*, int) [with T = eEPGCache::Message]':
../../git/lib/dvb/epgcache.cpp:409:3:   required from here
../../git/lib/base/message.h:108:51: warning: unused parameter 'mt' [-Wunused-parameter]
  108 |         eFixedMessagePump(eMainloop *context, int mt):
      |                                               ~~~~^~

../../git/lib/dvb/pmt.cpp: In member function 'void eDVBServicePMTHandler::channelEvent(iDVBChannel*, int)':
../../git/lib/dvb/pmt.cpp:113:55: warning: unused parameter 'channel' [-Wunused-parameter]
  113 | void eDVBServicePMTHandler::channelEvent(iDVBChannel *channel, int event)
      |                                          ~~~~~~~~~~~~~^~~~~~~

../../git/lib/dvb/pmt.cpp: In member function 'void eDVBServicePMTHandler::AITready(int)':
../../git/lib/dvb/pmt.cpp:249:42: warning: unused parameter 'error' [-Wunused-parameter]
  249 | void eDVBServicePMTHandler::AITready(int error)
      |                                      ~~~~^~~~~

depbase=`echo dvb_ci/dvbci_resmgr.o | sed 's|[^/]*$|.deps/&|;s|\.o$||'`;\
arm-oe-linux-gnueabi-g++  -march=armv7ve -mfpu=neon-vfpv4 -mfloat-abi=hard -D_TIME_BITS=64 -D_FILE_OFFSET_BITS=64 --sysroot=/home/pli/builds/openpli-scarthgap-build-1-30-2025/openpli-oe-core/build/tmp/work/osmio4k-oe-linux-gnueabi/enigma2/3.12+git/recipe-sysroot -std=gnu++17 -DHAVE_CONFIG_H -I. -I../../git/lib -I..  -I.. -I../../git -I../../git/include -DPY_SSIZE_T_CLEAN -include Python.h -include ../enigma2_config.h -I/home/pli/builds/openpli-scarthgap-build-1-30-2025/openpli-oe-core/build/tmp/work/osmio4k-oe-linux-gnueabi/enigma2/3.12+git/recipe-sysroot/usr/include/python3.12  -Os -pipe -g -feliminate-unused-debug-types -fcanon-prefix-map  -fmacro-prefix-map=/home/pli/builds/openpli-scarthgap-build-1-30-2025/openpli-oe-core/build/tmp/work/osmio4k-oe-linux-gnueabi/enigma2/3.12+git/git=/usr/src/debug/enigma2/3.12+git  -fdebug-prefix-map=/home/pli/builds/openpli-scarthgap-build-1-30-2025/openpli-oe-core/build/tmp/work/osmio4k-oe-linux-gnueabi/enigma2/3.12+git/git=/usr/src/debug/enigma2/3.12+git  -fmacro-prefix-map=/home/pli/builds/openpli-scarthgap-build-1-30-2025/openpli-oe-core/build/tmp/work/osmio4k-oe-linux-gnueabi/enigma2/3.12+git/build=/usr/src/debug/enigma2/3.12+git  -fdebug-prefix-map=/home/pli/builds/openpli-scarthgap-build-1-30-2025/openpli-oe-core/build/tmp/work/osmio4k-oe-linux-gnueabi/enigma2/3.12+git/build=/usr/src/debug/enigma2/3.12+git  -fdebug-prefix-map=/home/pli/builds/openpli-scarthgap-build-1-30-2025/openpli-oe-core/build/tmp/work/osmio4k-oe-linux-gnueabi/enigma2/3.12+git/recipe-sysroot=  -fmacro-prefix-map=/home/pli/builds/openpli-scarthgap-build-1-30-2025/openpli-oe-core/build/tmp/work/osmio4k-oe-linux-gnueabi/enigma2/3.12+git/recipe-sysroot=  -fdebug-prefix-map=/home/pli/builds/openpli-scarthgap-build-1-30-2025/openpli-oe-core/build/tmp/work/osmio4k-oe-linux-gnueabi/enigma2/3.12+git/recipe-sysroot-native=  -fvisibility-inlines-hidden -Wattribute-alias -Wattribute-alias=1 -Wall -Wextra -Werror 	-Wformat=2 -Wformat-overflow=2 -Wformat-nonliteral -Wformat-security 	-Wimplicit-fallthrough=5 -Wduplicated-branches -Wtrampolines 	-Wdangling-else -Wshift-overflow=2 -Wswitch 	-Wunused-but-set-parameter -Wunused-const-variable=1 -Wuninitialized 	-Wstringop-overflow=3 -Woverlength-strings 	-Wunsafe-loop-optimizations -Wpointer-arith 	-Wfloat-equal -Wlogical-op 	-Wno-error=cast-align=strict -Wno-error=ignored-qualifiers 	-Wno-error=cast-function-type -Wno-error=deprecated-declarations 	-Wno-error=stringop-truncation -Wno-error=shadow -Wno-error=cast-qual 	-Wno-error=aggregate-return -Wno-error=missing-field-initializers 	-Wno-error=packed -Wno-error=vla -Wno-error=clobbered -Wno-error=unused-parameter 	-I/home/pli/builds/openpli-scarthgap-build-1-30-2025/openpli-oe-core/build/tmp/work/osmio4k-oe-linux-gnueabi/enigma2/3.12+git/recipe-sysroot/usr/include/freetype2 -I/home/pli/builds/openpli-scarthgap-build-1-30-2025/openpli-oe-core/build/tmp/work/osmio4k-oe-linux-gnueabi/enigma2/3.12+git/recipe-sysroot/usr/include/fribidi -I/home/pli/builds/openpli-scarthgap-build-1-30-2025/openpli-oe-core/build/tmp/work/osmio4k-oe-linux-gnueabi/enigma2/3.12+git/recipe-sysroot/usr/include/glib-2.0 -I/home/pli/builds/openpli-scarthgap-build-1-30-2025/openpli-oe-core/build/tmp/work/osmio4k-oe-linux-gnueabi/enigma2/3.12+git/recipe-sysroot/usr/lib/glib-2.0/include -I/home/pli/builds/openpli-scarthgap-build-1-30-2025/openpli-oe-core/build/tmp/work/osmio4k-oe-linux-gnueabi/enigma2/3.12+git/recipe-sysroot/usr/include/libpng16 -I/home/pli/builds/openpli-scarthgap-build-1-30-2025/openpli-oe-core/build/tmp/work/osmio4k-oe-linux-gnueabi/enigma2/3.12+git/recipe-sysroot/usr/include/libxml2 -I/home/pli/builds/openpli-scarthgap-build-1-30-2025/openpli-oe-core/build/tmp/work/osmio4k-oe-linux-gnueabi/enigma2/3.12+git/recipe-sysroot/usr/include/sigc++-3.0 -I/home/pli/builds/openpli-scarthgap-build-1-30-2025/openpli-oe-core/build/tmp/work/osmio4k-oe-linux-gnueabi/enigma2/3.12+git/recipe-sysroot/usr/lib/sigc++-3.0/include -fno-rtti -fno-exceptions -rdynamic -funwind-tables  -fopenmp  -MT dvb_ci/dvbci_resmgr.o -MD -MP -MF $depbase.Tpo -c -o dvb_ci/dvbci_resmgr.o ../../git/lib/dvb_ci/dvbci_resmgr.cpp &&\
mv -f $depbase.Tpo $depbase.Po

In file included from ../../git/lib/dvb/dvb.h:12,
                 from ../../git/lib/dvb/scan.cpp:26:
../../git/lib/dvb/tstools.h: In member function 'virtual RESULT eTSFileSectionReader::setBufferSize(int)':
../../git/lib/dvb/tstools.h:29:34: warning: unused parameter 'size' [-Wunused-parameter]
   29 |         RESULT setBufferSize(int size) { return 0; }
      |                              ~~~~^~~~

../../git/lib/dvb/pmt.cpp: In member function 'void eDVBServicePMTHandler::OCready(int)':
../../git/lib/dvb/pmt.cpp:338:41: warning: unused parameter 'error' [-Wunused-parameter]
  338 | void eDVBServicePMTHandler::OCready(int error)
      |                                     ~~~~^~~~~

../../git/lib/dvb/pmt.cpp: In member function 'int eDVBServicePMTHandler::tune(eServiceReferenceDVB&, int, eCueSheet*, bool, eDVBService*, serviceType, bool)':
../../git/lib/dvb/pmt.cpp:894:64: warning: unused parameter 'use_decode_demux' [-Wunused-parameter]
  894 | int eDVBServicePMTHandler::tune(eServiceReferenceDVB &ref, int use_decode_demux, eCueSheet *cue, bool simulate, eDVBService *service, serviceType type, bool descramble)
      |                                                            ~~~~^~~~~~~~~~~~~~~~

../../git/lib/dvb/scan.cpp: In member function 'int eDVBScan::isValidONIDTSID(int, eOriginalNetworkID, eTransportStreamID)':
../../git/lib/dvb/scan.cpp:62:35: warning: unused parameter 'orbital_position' [-Wunused-parameter]
   62 | int eDVBScan::isValidONIDTSID(int orbital_position, eOriginalNetworkID onid, eTransportStreamID tsid)
      |                               ~~~~^~~~~~~~~~~~~~~~

In file included from ../../git/lib/service/service.h:6,
                 from ../../git/lib/dvb/idvb.h:12,
                 from ../../git/lib/dvb/fbc.h:7,
                 from ../../git/lib/dvb/fbc.cpp:1:
../../git/lib/service/iservice.h: In member function 'virtual void iServiceInformation::getAITApplications(std::map<int, std::__cxx11::basic_string<char> >&)':
../../git/lib/service/iservice.h:439:69: warning: unused parameter 'aitlist' [-Wunused-parameter]
  439 |         virtual void getAITApplications(std::map<int, std::string> &aitlist) {};
      |                                         ~~~~~~~~~~~~~~~~~~~~~~~~~~~~^~~~~~~

In file included from ../../git/lib/service/service.h:6,
                 from ../../git/lib/dvb/idvb.h:12,
                 from ../../git/lib/service/servicedvbstream.h:4,
                 from ../../git/lib/dvb/streamserver.h:5,
                 from ../../git/lib/dvb/streamserver.cpp:20:
../../git/lib/service/iservice.h: In member function 'virtual void iServiceInformation::getAITApplications(std::map<int, std::__cxx11::basic_string<char> >&)':
../../git/lib/service/iservice.h:439:69: warning: unused parameter 'aitlist' [-Wunused-parameter]
  439 |         virtual void getAITApplications(std::map<int, std::string> &aitlist) {};
      |                                         ~~~~~~~~~~~~~~~~~~~~~~~~~~~~^~~~~~~

../../git/lib/dvb/scan.cpp: In member function 'RESULT eDVBScan::nextChannel()':
../../git/lib/dvb/scan.cpp:299:45: error: no matching function for call to 'iDVBFrontend::tune(iDVBFrontendParameters&, bool, int&)'
  299 |                                 if (fe->tune(*m_ch_current, !m_ch_blindscan.empty(), m_tune_timeout_ms))
      |                                     ~~~~~~~~^~~~~~~~~~~~~~~~~~~~~~~~~~~~~~~~~~~~~~~~~~~~~~~~~~~~~~~~~~~

../../git/lib/dvb/idvb.h:543:24: note: candidate: 'virtual RESULT iDVBFrontend::tune(const iDVBFrontendParameters&, bool)'
  543 |         virtual RESULT tune(const iDVBFrontendParameters &where, bool blindscan = false)=0;
      |                        ^~~~
../../git/lib/dvb/idvb.h:543:24: note:   candidate expects 2 arguments, 3 provided

../../git/lib/dvb/scan.cpp: In member function 'int eDVBScan::sameChannel(iDVBFrontendParameters*, iDVBFrontendParameters*, bool) const':
../../git/lib/dvb/scan.cpp:741:51: warning: unused parameter 'ch1' [-Wunused-parameter]
  741 | int eDVBScan::sameChannel(iDVBFrontendParameters *ch1, iDVBFrontendParameters *ch2, bool exact) const
      |                           ~~~~~~~~~~~~~~~~~~~~~~~~^~~

../../git/lib/dvb/scan.cpp:741:80: warning: unused parameter 'ch2' [-Wunused-parameter]
  741 | int eDVBScan::sameChannel(iDVBFrontendParameters *ch1, iDVBFrontendParameters *ch2, bool exact) const
      |                                                        ~~~~~~~~~~~~~~~~~~~~~~~~^~~

../../git/lib/dvb/scan.cpp:741:90: warning: unused parameter 'exact' [-Wunused-parameter]
  741 | int eDVBScan::sameChannel(iDVBFrontendParameters *ch1, iDVBFrontendParameters *ch2, bool exact) const
      |                                                                                     ~~~~~^~~~~

In file included from /home/pli/builds/openpli-scarthgap-build-1-30-2025/openpli-oe-core/build/tmp/work/osmio4k-oe-linux-gnueabi/enigma2/3.12+git/recipe-sysroot/usr/include/c++/13.3.0/map:62,
                 from ../../git/lib/base/eerror.h:5,
                 from ../../git/lib/base/object.h:10,
                 from ../../git/lib/dvb/idvb.h:8:
/home/pli/builds/openpli-scarthgap-build-1-30-2025/openpli-oe-core/build/tmp/work/osmio4k-oe-linux-gnueabi/enigma2/3.12+git/recipe-sysroot/usr/include/c++/13.3.0/bits/stl_tree.h: In member function 'std::pair<std::_Rb_tree_node_base*, std::_Rb_tree_node_base*> std::_Rb_tree<_Key, _Val, _KeyOfValue, _Compare, _Alloc>::_M_get_insert_hint_unique_pos(const_iterator, const key_type&) [with _Key = long long int; _Val = std::pair<const long long int, long long int>; _KeyOfValue = std::_Select1st<std::pair<const long long int, long long int> >; _Compare = std::less<long long int>; _Alloc = std::allocator<std::pair<const long long int, long long int> >]':
/home/pli/builds/openpli-scarthgap-build-1-30-2025/openpli-oe-core/build/tmp/work/osmio4k-oe-linux-gnueabi/enigma2/3.12+git/recipe-sysroot/usr/include/c++/13.3.0/bits/stl_tree.h:2210:5: note: parameter passing for argument of type 'std::_Rb_tree<long long int, std::pair<const long long int, long long int>, std::_Select1st<std::pair<const long long int, long long int> >, std::less<long long int>, std::allocator<std::pair<const long long int, long long int> > >::const_iterator' changed in GCC 7.1
 2210 |     _Rb_tree<_Key, _Val, _KeyOfValue, _Compare, _Alloc>::
      |     ^~~~~~~~~~~~~~~~~~~~~~~~~~~~~~~~~~~~~~~~~~~~~~~~~~~

In file included from ../../git/lib/dvb/dvb.h:12,
                 from ../../git/lib/dvb/pmtparse.cpp:2:
../../git/lib/dvb/tstools.h: In member function 'virtual RESULT eTSFileSectionReader::setBufferSize(int)':
../../git/lib/dvb/tstools.h:29:34: warning: unused parameter 'size' [-Wunused-parameter]
   29 |         RESULT setBufferSize(int size) { return 0; }
      |                              ~~~~^~~~

depbase=`echo dvb_ci/dvbci_session.o | sed 's|[^/]*$|.deps/&|;s|\.o$||'`;\
arm-oe-linux-gnueabi-g++  -march=armv7ve -mfpu=neon-vfpv4 -mfloat-abi=hard -D_TIME_BITS=64 -D_FILE_OFFSET_BITS=64 --sysroot=/home/pli/builds/openpli-scarthgap-build-1-30-2025/openpli-oe-core/build/tmp/work/osmio4k-oe-linux-gnueabi/enigma2/3.12+git/recipe-sysroot -std=gnu++17 -DHAVE_CONFIG_H -I. -I../../git/lib -I..  -I.. -I../../git -I../../git/include -DPY_SSIZE_T_CLEAN -include Python.h -include ../enigma2_config.h -I/home/pli/builds/openpli-scarthgap-build-1-30-2025/openpli-oe-core/build/tmp/work/osmio4k-oe-linux-gnueabi/enigma2/3.12+git/recipe-sysroot/usr/include/python3.12  -Os -pipe -g -feliminate-unused-debug-types -fcanon-prefix-map  -fmacro-prefix-map=/home/pli/builds/openpli-scarthgap-build-1-30-2025/openpli-oe-core/build/tmp/work/osmio4k-oe-linux-gnueabi/enigma2/3.12+git/git=/usr/src/debug/enigma2/3.12+git  -fdebug-prefix-map=/home/pli/builds/openpli-scarthgap-build-1-30-2025/openpli-oe-core/build/tmp/work/osmio4k-oe-linux-gnueabi/enigma2/3.12+git/git=/usr/src/debug/enigma2/3.12+git  -fmacro-prefix-map=/home/pli/builds/openpli-scarthgap-build-1-30-2025/openpli-oe-core/build/tmp/work/osmio4k-oe-linux-gnueabi/enigma2/3.12+git/build=/usr/src/debug/enigma2/3.12+git  -fdebug-prefix-map=/home/pli/builds/openpli-scarthgap-build-1-30-2025/openpli-oe-core/build/tmp/work/osmio4k-oe-linux-gnueabi/enigma2/3.12+git/build=/usr/src/debug/enigma2/3.12+git  -fdebug-prefix-map=/home/pli/builds/openpli-scarthgap-build-1-30-2025/openpli-oe-core/build/tmp/work/osmio4k-oe-linux-gnueabi/enigma2/3.12+git/recipe-sysroot=  -fmacro-prefix-map=/home/pli/builds/openpli-scarthgap-build-1-30-2025/openpli-oe-core/build/tmp/work/osmio4k-oe-linux-gnueabi/enigma2/3.12+git/recipe-sysroot=  -fdebug-prefix-map=/home/pli/builds/openpli-scarthgap-build-1-30-2025/openpli-oe-core/build/tmp/work/osmio4k-oe-linux-gnueabi/enigma2/3.12+git/recipe-sysroot-native=  -fvisibility-inlines-hidden -Wattribute-alias -Wattribute-alias=1 -Wall -Wextra -Werror 	-Wformat=2 -Wformat-overflow=2 -Wformat-nonliteral -Wformat-security 	-Wimplicit-fallthrough=5 -Wduplicated-branches -Wtrampolines 	-Wdangling-else -Wshift-overflow=2 -Wswitch 	-Wunused-but-set-parameter -Wunused-const-variable=1 -Wuninitialized 	-Wstringop-overflow=3 -Woverlength-strings 	-Wunsafe-loop-optimizations -Wpointer-arith 	-Wfloat-equal -Wlogical-op 	-Wno-error=cast-align=strict -Wno-error=ignored-qualifiers 	-Wno-error=cast-function-type -Wno-error=deprecated-declarations 	-Wno-error=stringop-truncation -Wno-error=shadow -Wno-error=cast-qual 	-Wno-error=aggregate-return -Wno-error=missing-field-initializers 	-Wno-error=packed -Wno-error=vla -Wno-error=clobbered -Wno-error=unused-parameter 	-I/home/pli/builds/openpli-scarthgap-build-1-30-2025/openpli-oe-core/build/tmp/work/osmio4k-oe-linux-gnueabi/enigma2/3.12+git/recipe-sysroot/usr/include/freetype2 -I/home/pli/builds/openpli-scarthgap-build-1-30-2025/openpli-oe-core/build/tmp/work/osmio4k-oe-linux-gnueabi/enigma2/3.12+git/recipe-sysroot/usr/include/fribidi -I/home/pli/builds/openpli-scarthgap-build-1-30-2025/openpli-oe-core/build/tmp/work/osmio4k-oe-linux-gnueabi/enigma2/3.12+git/recipe-sysroot/usr/include/glib-2.0 -I/home/pli/builds/openpli-scarthgap-build-1-30-2025/openpli-oe-core/build/tmp/work/osmio4k-oe-linux-gnueabi/enigma2/3.12+git/recipe-sysroot/usr/lib/glib-2.0/include -I/home/pli/builds/openpli-scarthgap-build-1-30-2025/openpli-oe-core/build/tmp/work/osmio4k-oe-linux-gnueabi/enigma2/3.12+git/recipe-sysroot/usr/include/libpng16 -I/home/pli/builds/openpli-scarthgap-build-1-30-2025/openpli-oe-core/build/tmp/work/osmio4k-oe-linux-gnueabi/enigma2/3.12+git/recipe-sysroot/usr/include/libxml2 -I/home/pli/builds/openpli-scarthgap-build-1-30-2025/openpli-oe-core/build/tmp/work/osmio4k-oe-linux-gnueabi/enigma2/3.12+git/recipe-sysroot/usr/include/sigc++-3.0 -I/home/pli/builds/openpli-scarthgap-build-1-30-2025/openpli-oe-core/build/tmp/work/osmio4k-oe-linux-gnueabi/enigma2/3.12+git/recipe-sysroot/usr/lib/sigc++-3.0/include -fno-rtti -fno-exceptions -rdynamic -funwind-tables  -fopenmp  -MT dvb_ci/dvbci_session.o -MD -MP -MF $depbase.Tpo -c -o dvb_ci/dvbci_session.o ../../git/lib/dvb_ci/dvbci_session.cpp &&\
mv -f $depbase.Tpo $depbase.Po

depbase=`echo dvb_ci/dvbci_ui.o | sed 's|[^/]*$|.deps/&|;s|\.o$||'`;\
arm-oe-linux-gnueabi-g++  -march=armv7ve -mfpu=neon-vfpv4 -mfloat-abi=hard -D_TIME_BITS=64 -D_FILE_OFFSET_BITS=64 --sysroot=/home/pli/builds/openpli-scarthgap-build-1-30-2025/openpli-oe-core/build/tmp/work/osmio4k-oe-linux-gnueabi/enigma2/3.12+git/recipe-sysroot -std=gnu++17 -DHAVE_CONFIG_H -I. -I../../git/lib -I..  -I.. -I../../git -I../../git/include -DPY_SSIZE_T_CLEAN -include Python.h -include ../enigma2_config.h -I/home/pli/builds/openpli-scarthgap-build-1-30-2025/openpli-oe-core/build/tmp/work/osmio4k-oe-linux-gnueabi/enigma2/3.12+git/recipe-sysroot/usr/include/python3.12  -Os -pipe -g -feliminate-unused-debug-types -fcanon-prefix-map  -fmacro-prefix-map=/home/pli/builds/openpli-scarthgap-build-1-30-2025/openpli-oe-core/build/tmp/work/osmio4k-oe-linux-gnueabi/enigma2/3.12+git/git=/usr/src/debug/enigma2/3.12+git  -fdebug-prefix-map=/home/pli/builds/openpli-scarthgap-build-1-30-2025/openpli-oe-core/build/tmp/work/osmio4k-oe-linux-gnueabi/enigma2/3.12+git/git=/usr/src/debug/enigma2/3.12+git  -fmacro-prefix-map=/home/pli/builds/openpli-scarthgap-build-1-30-2025/openpli-oe-core/build/tmp/work/osmio4k-oe-linux-gnueabi/enigma2/3.12+git/build=/usr/src/debug/enigma2/3.12+git  -fdebug-prefix-map=/home/pli/builds/openpli-scarthgap-build-1-30-2025/openpli-oe-core/build/tmp/work/osmio4k-oe-linux-gnueabi/enigma2/3.12+git/build=/usr/src/debug/enigma2/3.12+git  -fdebug-prefix-map=/home/pli/builds/openpli-scarthgap-build-1-30-2025/openpli-oe-core/build/tmp/work/osmio4k-oe-linux-gnueabi/enigma2/3.12+git/recipe-sysroot=  -fmacro-prefix-map=/home/pli/builds/openpli-scarthgap-build-1-30-2025/openpli-oe-core/build/tmp/work/osmio4k-oe-linux-gnueabi/enigma2/3.12+git/recipe-sysroot=  -fdebug-prefix-map=/home/pli/builds/openpli-scarthgap-build-1-30-2025/openpli-oe-core/build/tmp/work/osmio4k-oe-linux-gnueabi/enigma2/3.12+git/recipe-sysroot-native=  -fvisibility-inlines-hidden -Wattribute-alias -Wattribute-alias=1 -Wall -Wextra -Werror 	-Wformat=2 -Wformat-overflow=2 -Wformat-nonliteral -Wformat-security 	-Wimplicit-fallthrough=5 -Wduplicated-branches -Wtrampolines 	-Wdangling-else -Wshift-overflow=2 -Wswitch 	-Wunused-but-set-parameter -Wunused-const-variable=1 -Wuninitialized 	-Wstringop-overflow=3 -Woverlength-strings 	-Wunsafe-loop-optimizations -Wpointer-arith 	-Wfloat-equal -Wlogical-op 	-Wno-error=cast-align=strict -Wno-error=ignored-qualifiers 	-Wno-error=cast-function-type -Wno-error=deprecated-declarations 	-Wno-error=stringop-truncation -Wno-error=shadow -Wno-error=cast-qual 	-Wno-error=aggregate-return -Wno-error=missing-field-initializers 	-Wno-error=packed -Wno-error=vla -Wno-error=clobbered -Wno-error=unused-parameter 	-I/home/pli/builds/openpli-scarthgap-build-1-30-2025/openpli-oe-core/build/tmp/work/osmio4k-oe-linux-gnueabi/enigma2/3.12+git/recipe-sysroot/usr/include/freetype2 -I/home/pli/builds/openpli-scarthgap-build-1-30-2025/openpli-oe-core/build/tmp/work/osmio4k-oe-linux-gnueabi/enigma2/3.12+git/recipe-sysroot/usr/include/fribidi -I/home/pli/builds/openpli-scarthgap-build-1-30-2025/openpli-oe-core/build/tmp/work/osmio4k-oe-linux-gnueabi/enigma2/3.12+git/recipe-sysroot/usr/include/glib-2.0 -I/home/pli/builds/openpli-scarthgap-build-1-30-2025/openpli-oe-core/build/tmp/work/osmio4k-oe-linux-gnueabi/enigma2/3.12+git/recipe-sysroot/usr/lib/glib-2.0/include -I/home/pli/builds/openpli-scarthgap-build-1-30-2025/openpli-oe-core/build/tmp/work/osmio4k-oe-linux-gnueabi/enigma2/3.12+git/recipe-sysroot/usr/include/libpng16 -I/home/pli/builds/openpli-scarthgap-build-1-30-2025/openpli-oe-core/build/tmp/work/osmio4k-oe-linux-gnueabi/enigma2/3.12+git/recipe-sysroot/usr/include/libxml2 -I/home/pli/builds/openpli-scarthgap-build-1-30-2025/openpli-oe-core/build/tmp/work/osmio4k-oe-linux-gnueabi/enigma2/3.12+git/recipe-sysroot/usr/include/sigc++-3.0 -I/home/pli/builds/openpli-scarthgap-build-1-30-2025/openpli-oe-core/build/tmp/work/osmio4k-oe-linux-gnueabi/enigma2/3.12+git/recipe-sysroot/usr/lib/sigc++-3.0/include -fno-rtti -fno-exceptions -rdynamic -funwind-tables  -fopenmp  -MT dvb_ci/dvbci_ui.o -MD -MP -MF $depbase.Tpo -c -o dvb_ci/dvbci_ui.o ../../git/lib/dvb_ci/dvbci_ui.cpp &&\
mv -f $depbase.Tpo $depbase.Po

In file included from ../../git/lib/service/service.h:6,
                 from ../../git/lib/dvb/idvb.h:12,
                 from ../../git/lib/dvb/atsc.cpp:1:
../../git/lib/service/iservice.h: In member function 'virtual void iServiceInformation::getAITApplications(std::map<int, std::__cxx11::basic_string<char> >&)':
../../git/lib/service/iservice.h:439:69: warning: unused parameter 'aitlist' [-Wunused-parameter]
  439 |         virtual void getAITApplications(std::map<int, std::string> &aitlist) {};
      |                                         ~~~~~~~~~~~~~~~~~~~~~~~~~~~~^~~~~~~

In file included from ../../git/lib/dvb/dvb.h:12,
                 from ../../git/lib/dvb/pmt.h:8,
                 from ../../git/lib/service/servicedvbstream.h:6,
                 from ../../git/lib/dvb/streamserver.h:5,
                 from ../../git/lib/dvb/encoder.h:7,
                 from ../../git/lib/dvb/encoder.cpp:15:
../../git/lib/dvb/tstools.h: In member function 'virtual RESULT eTSFileSectionReader::setBufferSize(int)':
../../git/lib/dvb/tstools.h:29:34: warning: unused parameter 'size' [-Wunused-parameter]
   29 |         RESULT setBufferSize(int size) { return 0; }
      |                              ~~~~^~~~

In file included from ../../git/lib/service/service.h:6,
                 from ../../git/lib/dvb/idvb.h:12,
                 from ../../git/lib/dvb/fcc.h:4,
                 from ../../git/lib/dvb/fcc.cpp:1:
../../git/lib/service/iservice.h: In member function 'virtual void iServiceInformation::getAITApplications(std::map<int, std::__cxx11::basic_string<char> >&)':
../../git/lib/service/iservice.h:439:69: warning: unused parameter 'aitlist' [-Wunused-parameter]
  439 |         virtual void getAITApplications(std::map<int, std::string> &aitlist) {};
      |                                         ~~~~~~~~~~~~~~~~~~~~~~~~~~~~^~~~~~~

In file included from ../../git/lib/dvb/dvb.h:12,
                 from ../../git/lib/dvb/fbc.cpp:2:
../../git/lib/dvb/tstools.h: In member function 'virtual RESULT eTSFileSectionReader::setBufferSize(int)':
../../git/lib/dvb/tstools.h:29:34: warning: unused parameter 'size' [-Wunused-parameter]
   29 |         RESULT setBufferSize(int size) { return 0; }
      |                              ~~~~^~~~

In file included from ../../git/lib/dvb/dvb.h:12,
                 from ../../git/lib/dvb/pmt.h:8,
                 from ../../git/lib/service/servicedvbstream.h:6:
../../git/lib/dvb/tstools.h: In member function 'virtual RESULT eTSFileSectionReader::setBufferSize(int)':
../../git/lib/dvb/tstools.h:29:34: warning: unused parameter 'size' [-Wunused-parameter]
   29 |         RESULT setBufferSize(int size) { return 0; }
      |                              ~~~~^~~~

depbase=`echo dvb_ci/dvbci_ccmgr.o | sed 's|[^/]*$|.deps/&|;s|\.o$||'`;\
arm-oe-linux-gnueabi-g++  -march=armv7ve -mfpu=neon-vfpv4 -mfloat-abi=hard -D_TIME_BITS=64 -D_FILE_OFFSET_BITS=64 --sysroot=/home/pli/builds/openpli-scarthgap-build-1-30-2025/openpli-oe-core/build/tmp/work/osmio4k-oe-linux-gnueabi/enigma2/3.12+git/recipe-sysroot -std=gnu++17 -DHAVE_CONFIG_H -I. -I../../git/lib -I..  -I.. -I../../git -I../../git/include -DPY_SSIZE_T_CLEAN -include Python.h -include ../enigma2_config.h -I/home/pli/builds/openpli-scarthgap-build-1-30-2025/openpli-oe-core/build/tmp/work/osmio4k-oe-linux-gnueabi/enigma2/3.12+git/recipe-sysroot/usr/include/python3.12  -Os -pipe -g -feliminate-unused-debug-types -fcanon-prefix-map  -fmacro-prefix-map=/home/pli/builds/openpli-scarthgap-build-1-30-2025/openpli-oe-core/build/tmp/work/osmio4k-oe-linux-gnueabi/enigma2/3.12+git/git=/usr/src/debug/enigma2/3.12+git  -fdebug-prefix-map=/home/pli/builds/openpli-scarthgap-build-1-30-2025/openpli-oe-core/build/tmp/work/osmio4k-oe-linux-gnueabi/enigma2/3.12+git/git=/usr/src/debug/enigma2/3.12+git  -fmacro-prefix-map=/home/pli/builds/openpli-scarthgap-build-1-30-2025/openpli-oe-core/build/tmp/work/osmio4k-oe-linux-gnueabi/enigma2/3.12+git/build=/usr/src/debug/enigma2/3.12+git  -fdebug-prefix-map=/home/pli/builds/openpli-scarthgap-build-1-30-2025/openpli-oe-core/build/tmp/work/osmio4k-oe-linux-gnueabi/enigma2/3.12+git/build=/usr/src/debug/enigma2/3.12+git  -fdebug-prefix-map=/home/pli/builds/openpli-scarthgap-build-1-30-2025/openpli-oe-core/build/tmp/work/osmio4k-oe-linux-gnueabi/enigma2/3.12+git/recipe-sysroot=  -fmacro-prefix-map=/home/pli/builds/openpli-scarthgap-build-1-30-2025/openpli-oe-core/build/tmp/work/osmio4k-oe-linux-gnueabi/enigma2/3.12+git/recipe-sysroot=  -fdebug-prefix-map=/home/pli/builds/openpli-scarthgap-build-1-30-2025/openpli-oe-core/build/tmp/work/osmio4k-oe-linux-gnueabi/enigma2/3.12+git/recipe-sysroot-native=  -fvisibility-inlines-hidden -Wattribute-alias -Wattribute-alias=1 -Wall -Wextra -Werror 	-Wformat=2 -Wformat-overflow=2 -Wformat-nonliteral -Wformat-security 	-Wimplicit-fallthrough=5 -Wduplicated-branches -Wtrampolines 	-Wdangling-else -Wshift-overflow=2 -Wswitch 	-Wunused-but-set-parameter -Wunused-const-variable=1 -Wuninitialized 	-Wstringop-overflow=3 -Woverlength-strings 	-Wunsafe-loop-optimizations -Wpointer-arith 	-Wfloat-equal -Wlogical-op 	-Wno-error=cast-align=strict -Wno-error=ignored-qualifiers 	-Wno-error=cast-function-type -Wno-error=deprecated-declarations 	-Wno-error=stringop-truncation -Wno-error=shadow -Wno-error=cast-qual 	-Wno-error=aggregate-return -Wno-error=missing-field-initializers 	-Wno-error=packed -Wno-error=vla -Wno-error=clobbered -Wno-error=unused-parameter 	-I/home/pli/builds/openpli-scarthgap-build-1-30-2025/openpli-oe-core/build/tmp/work/osmio4k-oe-linux-gnueabi/enigma2/3.12+git/recipe-sysroot/usr/include/freetype2 -I/home/pli/builds/openpli-scarthgap-build-1-30-2025/openpli-oe-core/build/tmp/work/osmio4k-oe-linux-gnueabi/enigma2/3.12+git/recipe-sysroot/usr/include/fribidi -I/home/pli/builds/openpli-scarthgap-build-1-30-2025/openpli-oe-core/build/tmp/work/osmio4k-oe-linux-gnueabi/enigma2/3.12+git/recipe-sysroot/usr/include/glib-2.0 -I/home/pli/builds/openpli-scarthgap-build-1-30-2025/openpli-oe-core/build/tmp/work/osmio4k-oe-linux-gnueabi/enigma2/3.12+git/recipe-sysroot/usr/lib/glib-2.0/include -I/home/pli/builds/openpli-scarthgap-build-1-30-2025/openpli-oe-core/build/tmp/work/osmio4k-oe-linux-gnueabi/enigma2/3.12+git/recipe-sysroot/usr/include/libpng16 -I/home/pli/builds/openpli-scarthgap-build-1-30-2025/openpli-oe-core/build/tmp/work/osmio4k-oe-linux-gnueabi/enigma2/3.12+git/recipe-sysroot/usr/include/libxml2 -I/home/pli/builds/openpli-scarthgap-build-1-30-2025/openpli-oe-core/build/tmp/work/osmio4k-oe-linux-gnueabi/enigma2/3.12+git/recipe-sysroot/usr/include/sigc++-3.0 -I/home/pli/builds/openpli-scarthgap-build-1-30-2025/openpli-oe-core/build/tmp/work/osmio4k-oe-linux-gnueabi/enigma2/3.12+git/recipe-sysroot/usr/lib/sigc++-3.0/include -fno-rtti -fno-exceptions -rdynamic -funwind-tables  -fopenmp  -MT dvb_ci/dvbci_ccmgr.o -MD -MP -MF $depbase.Tpo -c -o dvb_ci/dvbci_ccmgr.o ../../git/lib/dvb_ci/dvbci_ccmgr.cpp &&\
mv -f $depbase.Tpo $depbase.Po

depbase=`echo dvb_ci/dvbci_ccmgr_helper.o | sed 's|[^/]*$|.deps/&|;s|\.o$||'`;\
arm-oe-linux-gnueabi-g++  -march=armv7ve -mfpu=neon-vfpv4 -mfloat-abi=hard -D_TIME_BITS=64 -D_FILE_OFFSET_BITS=64 --sysroot=/home/pli/builds/openpli-scarthgap-build-1-30-2025/openpli-oe-core/build/tmp/work/osmio4k-oe-linux-gnueabi/enigma2/3.12+git/recipe-sysroot -std=gnu++17 -DHAVE_CONFIG_H -I. -I../../git/lib -I..  -I.. -I../../git -I../../git/include -DPY_SSIZE_T_CLEAN -include Python.h -include ../enigma2_config.h -I/home/pli/builds/openpli-scarthgap-build-1-30-2025/openpli-oe-core/build/tmp/work/osmio4k-oe-linux-gnueabi/enigma2/3.12+git/recipe-sysroot/usr/include/python3.12  -Os -pipe -g -feliminate-unused-debug-types -fcanon-prefix-map  -fmacro-prefix-map=/home/pli/builds/openpli-scarthgap-build-1-30-2025/openpli-oe-core/build/tmp/work/osmio4k-oe-linux-gnueabi/enigma2/3.12+git/git=/usr/src/debug/enigma2/3.12+git  -fdebug-prefix-map=/home/pli/builds/openpli-scarthgap-build-1-30-2025/openpli-oe-core/build/tmp/work/osmio4k-oe-linux-gnueabi/enigma2/3.12+git/git=/usr/src/debug/enigma2/3.12+git  -fmacro-prefix-map=/home/pli/builds/openpli-scarthgap-build-1-30-2025/openpli-oe-core/build/tmp/work/osmio4k-oe-linux-gnueabi/enigma2/3.12+git/build=/usr/src/debug/enigma2/3.12+git  -fdebug-prefix-map=/home/pli/builds/openpli-scarthgap-build-1-30-2025/openpli-oe-core/build/tmp/work/osmio4k-oe-linux-gnueabi/enigma2/3.12+git/build=/usr/src/debug/enigma2/3.12+git  -fdebug-prefix-map=/home/pli/builds/openpli-scarthgap-build-1-30-2025/openpli-oe-core/build/tmp/work/osmio4k-oe-linux-gnueabi/enigma2/3.12+git/recipe-sysroot=  -fmacro-prefix-map=/home/pli/builds/openpli-scarthgap-build-1-30-2025/openpli-oe-core/build/tmp/work/osmio4k-oe-linux-gnueabi/enigma2/3.12+git/recipe-sysroot=  -fdebug-prefix-map=/home/pli/builds/openpli-scarthgap-build-1-30-2025/openpli-oe-core/build/tmp/work/osmio4k-oe-linux-gnueabi/enigma2/3.12+git/recipe-sysroot-native=  -fvisibility-inlines-hidden -Wattribute-alias -Wattribute-alias=1 -Wall -Wextra -Werror 	-Wformat=2 -Wformat-overflow=2 -Wformat-nonliteral -Wformat-security 	-Wimplicit-fallthrough=5 -Wduplicated-branches -Wtrampolines 	-Wdangling-else -Wshift-overflow=2 -Wswitch 	-Wunused-but-set-parameter -Wunused-const-variable=1 -Wuninitialized 	-Wstringop-overflow=3 -Woverlength-strings 	-Wunsafe-loop-optimizations -Wpointer-arith 	-Wfloat-equal -Wlogical-op 	-Wno-error=cast-align=strict -Wno-error=ignored-qualifiers 	-Wno-error=cast-function-type -Wno-error=deprecated-declarations 	-Wno-error=stringop-truncation -Wno-error=shadow -Wno-error=cast-qual 	-Wno-error=aggregate-return -Wno-error=missing-field-initializers 	-Wno-error=packed -Wno-error=vla -Wno-error=clobbered -Wno-error=unused-parameter 	-I/home/pli/builds/openpli-scarthgap-build-1-30-2025/openpli-oe-core/build/tmp/work/osmio4k-oe-linux-gnueabi/enigma2/3.12+git/recipe-sysroot/usr/include/freetype2 -I/home/pli/builds/openpli-scarthgap-build-1-30-2025/openpli-oe-core/build/tmp/work/osmio4k-oe-linux-gnueabi/enigma2/3.12+git/recipe-sysroot/usr/include/fribidi -I/home/pli/builds/openpli-scarthgap-build-1-30-2025/openpli-oe-core/build/tmp/work/osmio4k-oe-linux-gnueabi/enigma2/3.12+git/recipe-sysroot/usr/include/glib-2.0 -I/home/pli/builds/openpli-scarthgap-build-1-30-2025/openpli-oe-core/build/tmp/work/osmio4k-oe-linux-gnueabi/enigma2/3.12+git/recipe-sysroot/usr/lib/glib-2.0/include -I/home/pli/builds/openpli-scarthgap-build-1-30-2025/openpli-oe-core/build/tmp/work/osmio4k-oe-linux-gnueabi/enigma2/3.12+git/recipe-sysroot/usr/include/libpng16 -I/home/pli/builds/openpli-scarthgap-build-1-30-2025/openpli-oe-core/build/tmp/work/osmio4k-oe-linux-gnueabi/enigma2/3.12+git/recipe-sysroot/usr/include/libxml2 -I/home/pli/builds/openpli-scarthgap-build-1-30-2025/openpli-oe-core/build/tmp/work/osmio4k-oe-linux-gnueabi/enigma2/3.12+git/recipe-sysroot/usr/include/sigc++-3.0 -I/home/pli/builds/openpli-scarthgap-build-1-30-2025/openpli-oe-core/build/tmp/work/osmio4k-oe-linux-gnueabi/enigma2/3.12+git/recipe-sysroot/usr/lib/sigc++-3.0/include -fno-rtti -fno-exceptions -rdynamic -funwind-tables  -fopenmp  -MT dvb_ci/dvbci_ccmgr_helper.o -MD -MP -MF $depbase.Tpo -c -o dvb_ci/dvbci_ccmgr_helper.o ../../git/lib/dvb_ci/dvbci_ccmgr_helper.cpp &&\
mv -f $depbase.Tpo $depbase.Po

../../git/lib/dvb/atsc.cpp: In constructor 'VirtualChannel::VirtualChannel(const uint8_t*, bool)':
../../git/lib/dvb/atsc.cpp:207:67: warning: unused parameter 'terrestrial' [-Wunused-parameter]
  207 | VirtualChannel::VirtualChannel(const uint8_t * const buffer, bool terrestrial)
      |                                                              ~~~~~^~~~~~~~~~~

depbase=`echo dvb_ci/dvbci_hlcmgr.o | sed 's|[^/]*$|.deps/&|;s|\.o$||'`;\
arm-oe-linux-gnueabi-g++  -march=armv7ve -mfpu=neon-vfpv4 -mfloat-abi=hard -D_TIME_BITS=64 -D_FILE_OFFSET_BITS=64 --sysroot=/home/pli/builds/openpli-scarthgap-build-1-30-2025/openpli-oe-core/build/tmp/work/osmio4k-oe-linux-gnueabi/enigma2/3.12+git/recipe-sysroot -std=gnu++17 -DHAVE_CONFIG_H -I. -I../../git/lib -I..  -I.. -I../../git -I../../git/include -DPY_SSIZE_T_CLEAN -include Python.h -include ../enigma2_config.h -I/home/pli/builds/openpli-scarthgap-build-1-30-2025/openpli-oe-core/build/tmp/work/osmio4k-oe-linux-gnueabi/enigma2/3.12+git/recipe-sysroot/usr/include/python3.12  -Os -pipe -g -feliminate-unused-debug-types -fcanon-prefix-map  -fmacro-prefix-map=/home/pli/builds/openpli-scarthgap-build-1-30-2025/openpli-oe-core/build/tmp/work/osmio4k-oe-linux-gnueabi/enigma2/3.12+git/git=/usr/src/debug/enigma2/3.12+git  -fdebug-prefix-map=/home/pli/builds/openpli-scarthgap-build-1-30-2025/openpli-oe-core/build/tmp/work/osmio4k-oe-linux-gnueabi/enigma2/3.12+git/git=/usr/src/debug/enigma2/3.12+git  -fmacro-prefix-map=/home/pli/builds/openpli-scarthgap-build-1-30-2025/openpli-oe-core/build/tmp/work/osmio4k-oe-linux-gnueabi/enigma2/3.12+git/build=/usr/src/debug/enigma2/3.12+git  -fdebug-prefix-map=/home/pli/builds/openpli-scarthgap-build-1-30-2025/openpli-oe-core/build/tmp/work/osmio4k-oe-linux-gnueabi/enigma2/3.12+git/build=/usr/src/debug/enigma2/3.12+git  -fdebug-prefix-map=/home/pli/builds/openpli-scarthgap-build-1-30-2025/openpli-oe-core/build/tmp/work/osmio4k-oe-linux-gnueabi/enigma2/3.12+git/recipe-sysroot=  -fmacro-prefix-map=/home/pli/builds/openpli-scarthgap-build-1-30-2025/openpli-oe-core/build/tmp/work/osmio4k-oe-linux-gnueabi/enigma2/3.12+git/recipe-sysroot=  -fdebug-prefix-map=/home/pli/builds/openpli-scarthgap-build-1-30-2025/openpli-oe-core/build/tmp/work/osmio4k-oe-linux-gnueabi/enigma2/3.12+git/recipe-sysroot-native=  -fvisibility-inlines-hidden -Wattribute-alias -Wattribute-alias=1 -Wall -Wextra -Werror 	-Wformat=2 -Wformat-overflow=2 -Wformat-nonliteral -Wformat-security 	-Wimplicit-fallthrough=5 -Wduplicated-branches -Wtrampolines 	-Wdangling-else -Wshift-overflow=2 -Wswitch 	-Wunused-but-set-parameter -Wunused-const-variable=1 -Wuninitialized 	-Wstringop-overflow=3 -Woverlength-strings 	-Wunsafe-loop-optimizations -Wpointer-arith 	-Wfloat-equal -Wlogical-op 	-Wno-error=cast-align=strict -Wno-error=ignored-qualifiers 	-Wno-error=cast-function-type -Wno-error=deprecated-declarations 	-Wno-error=stringop-truncation -Wno-error=shadow -Wno-error=cast-qual 	-Wno-error=aggregate-return -Wno-error=missing-field-initializers 	-Wno-error=packed -Wno-error=vla -Wno-error=clobbered -Wno-error=unused-parameter 	-I/home/pli/builds/openpli-scarthgap-build-1-30-2025/openpli-oe-core/build/tmp/work/osmio4k-oe-linux-gnueabi/enigma2/3.12+git/recipe-sysroot/usr/include/freetype2 -I/home/pli/builds/openpli-scarthgap-build-1-30-2025/openpli-oe-core/build/tmp/work/osmio4k-oe-linux-gnueabi/enigma2/3.12+git/recipe-sysroot/usr/include/fribidi -I/home/pli/builds/openpli-scarthgap-build-1-30-2025/openpli-oe-core/build/tmp/work/osmio4k-oe-linux-gnueabi/enigma2/3.12+git/recipe-sysroot/usr/include/glib-2.0 -I/home/pli/builds/openpli-scarthgap-build-1-30-2025/openpli-oe-core/build/tmp/work/osmio4k-oe-linux-gnueabi/enigma2/3.12+git/recipe-sysroot/usr/lib/glib-2.0/include -I/home/pli/builds/openpli-scarthgap-build-1-30-2025/openpli-oe-core/build/tmp/work/osmio4k-oe-linux-gnueabi/enigma2/3.12+git/recipe-sysroot/usr/include/libpng16 -I/home/pli/builds/openpli-scarthgap-build-1-30-2025/openpli-oe-core/build/tmp/work/osmio4k-oe-linux-gnueabi/enigma2/3.12+git/recipe-sysroot/usr/include/libxml2 -I/home/pli/builds/openpli-scarthgap-build-1-30-2025/openpli-oe-core/build/tmp/work/osmio4k-oe-linux-gnueabi/enigma2/3.12+git/recipe-sysroot/usr/include/sigc++-3.0 -I/home/pli/builds/openpli-scarthgap-build-1-30-2025/openpli-oe-core/build/tmp/work/osmio4k-oe-linux-gnueabi/enigma2/3.12+git/recipe-sysroot/usr/lib/sigc++-3.0/include -fno-rtti -fno-exceptions -rdynamic -funwind-tables  -fopenmp  -MT dvb_ci/dvbci_hlcmgr.o -MD -MP -MF $depbase.Tpo -c -o dvb_ci/dvbci_hlcmgr.o ../../git/lib/dvb_ci/dvbci_hlcmgr.cpp &&\
mv -f $depbase.Tpo $depbase.Po

depbase=`echo dvb_ci/dvbci_host_ctrl.o | sed 's|[^/]*$|.deps/&|;s|\.o$||'`;\
arm-oe-linux-gnueabi-g++  -march=armv7ve -mfpu=neon-vfpv4 -mfloat-abi=hard -D_TIME_BITS=64 -D_FILE_OFFSET_BITS=64 --sysroot=/home/pli/builds/openpli-scarthgap-build-1-30-2025/openpli-oe-core/build/tmp/work/osmio4k-oe-linux-gnueabi/enigma2/3.12+git/recipe-sysroot -std=gnu++17 -DHAVE_CONFIG_H -I. -I../../git/lib -I..  -I.. -I../../git -I../../git/include -DPY_SSIZE_T_CLEAN -include Python.h -include ../enigma2_config.h -I/home/pli/builds/openpli-scarthgap-build-1-30-2025/openpli-oe-core/build/tmp/work/osmio4k-oe-linux-gnueabi/enigma2/3.12+git/recipe-sysroot/usr/include/python3.12  -Os -pipe -g -feliminate-unused-debug-types -fcanon-prefix-map  -fmacro-prefix-map=/home/pli/builds/openpli-scarthgap-build-1-30-2025/openpli-oe-core/build/tmp/work/osmio4k-oe-linux-gnueabi/enigma2/3.12+git/git=/usr/src/debug/enigma2/3.12+git  -fdebug-prefix-map=/home/pli/builds/openpli-scarthgap-build-1-30-2025/openpli-oe-core/build/tmp/work/osmio4k-oe-linux-gnueabi/enigma2/3.12+git/git=/usr/src/debug/enigma2/3.12+git  -fmacro-prefix-map=/home/pli/builds/openpli-scarthgap-build-1-30-2025/openpli-oe-core/build/tmp/work/osmio4k-oe-linux-gnueabi/enigma2/3.12+git/build=/usr/src/debug/enigma2/3.12+git  -fdebug-prefix-map=/home/pli/builds/openpli-scarthgap-build-1-30-2025/openpli-oe-core/build/tmp/work/osmio4k-oe-linux-gnueabi/enigma2/3.12+git/build=/usr/src/debug/enigma2/3.12+git  -fdebug-prefix-map=/home/pli/builds/openpli-scarthgap-build-1-30-2025/openpli-oe-core/build/tmp/work/osmio4k-oe-linux-gnueabi/enigma2/3.12+git/recipe-sysroot=  -fmacro-prefix-map=/home/pli/builds/openpli-scarthgap-build-1-30-2025/openpli-oe-core/build/tmp/work/osmio4k-oe-linux-gnueabi/enigma2/3.12+git/recipe-sysroot=  -fdebug-prefix-map=/home/pli/builds/openpli-scarthgap-build-1-30-2025/openpli-oe-core/build/tmp/work/osmio4k-oe-linux-gnueabi/enigma2/3.12+git/recipe-sysroot-native=  -fvisibility-inlines-hidden -Wattribute-alias -Wattribute-alias=1 -Wall -Wextra -Werror 	-Wformat=2 -Wformat-overflow=2 -Wformat-nonliteral -Wformat-security 	-Wimplicit-fallthrough=5 -Wduplicated-branches -Wtrampolines 	-Wdangling-else -Wshift-overflow=2 -Wswitch 	-Wunused-but-set-parameter -Wunused-const-variable=1 -Wuninitialized 	-Wstringop-overflow=3 -Woverlength-strings 	-Wunsafe-loop-optimizations -Wpointer-arith 	-Wfloat-equal -Wlogical-op 	-Wno-error=cast-align=strict -Wno-error=ignored-qualifiers 	-Wno-error=cast-function-type -Wno-error=deprecated-declarations 	-Wno-error=stringop-truncation -Wno-error=shadow -Wno-error=cast-qual 	-Wno-error=aggregate-return -Wno-error=missing-field-initializers 	-Wno-error=packed -Wno-error=vla -Wno-error=clobbered -Wno-error=unused-parameter 	-I/home/pli/builds/openpli-scarthgap-build-1-30-2025/openpli-oe-core/build/tmp/work/osmio4k-oe-linux-gnueabi/enigma2/3.12+git/recipe-sysroot/usr/include/freetype2 -I/home/pli/builds/openpli-scarthgap-build-1-30-2025/openpli-oe-core/build/tmp/work/osmio4k-oe-linux-gnueabi/enigma2/3.12+git/recipe-sysroot/usr/include/fribidi -I/home/pli/builds/openpli-scarthgap-build-1-30-2025/openpli-oe-core/build/tmp/work/osmio4k-oe-linux-gnueabi/enigma2/3.12+git/recipe-sysroot/usr/include/glib-2.0 -I/home/pli/builds/openpli-scarthgap-build-1-30-2025/openpli-oe-core/build/tmp/work/osmio4k-oe-linux-gnueabi/enigma2/3.12+git/recipe-sysroot/usr/lib/glib-2.0/include -I/home/pli/builds/openpli-scarthgap-build-1-30-2025/openpli-oe-core/build/tmp/work/osmio4k-oe-linux-gnueabi/enigma2/3.12+git/recipe-sysroot/usr/include/libpng16 -I/home/pli/builds/openpli-scarthgap-build-1-30-2025/openpli-oe-core/build/tmp/work/osmio4k-oe-linux-gnueabi/enigma2/3.12+git/recipe-sysroot/usr/include/libxml2 -I/home/pli/builds/openpli-scarthgap-build-1-30-2025/openpli-oe-core/build/tmp/work/osmio4k-oe-linux-gnueabi/enigma2/3.12+git/recipe-sysroot/usr/include/sigc++-3.0 -I/home/pli/builds/openpli-scarthgap-build-1-30-2025/openpli-oe-core/build/tmp/work/osmio4k-oe-linux-gnueabi/enigma2/3.12+git/recipe-sysroot/usr/lib/sigc++-3.0/include -fno-rtti -fno-exceptions -rdynamic -funwind-tables  -fopenmp  -MT dvb_ci/dvbci_host_ctrl.o -MD -MP -MF $depbase.Tpo -c -o dvb_ci/dvbci_host_ctrl.o ../../git/lib/dvb_ci/dvbci_host_ctrl.cpp &&\
mv -f $depbase.Tpo $depbase.Po

depbase=`echo dvb_ci/dvbci_cam_upgrade.o | sed 's|[^/]*$|.deps/&|;s|\.o$||'`;\
arm-oe-linux-gnueabi-g++  -march=armv7ve -mfpu=neon-vfpv4 -mfloat-abi=hard -D_TIME_BITS=64 -D_FILE_OFFSET_BITS=64 --sysroot=/home/pli/builds/openpli-scarthgap-build-1-30-2025/openpli-oe-core/build/tmp/work/osmio4k-oe-linux-gnueabi/enigma2/3.12+git/recipe-sysroot -std=gnu++17 -DHAVE_CONFIG_H -I. -I../../git/lib -I..  -I.. -I../../git -I../../git/include -DPY_SSIZE_T_CLEAN -include Python.h -include ../enigma2_config.h -I/home/pli/builds/openpli-scarthgap-build-1-30-2025/openpli-oe-core/build/tmp/work/osmio4k-oe-linux-gnueabi/enigma2/3.12+git/recipe-sysroot/usr/include/python3.12  -Os -pipe -g -feliminate-unused-debug-types -fcanon-prefix-map  -fmacro-prefix-map=/home/pli/builds/openpli-scarthgap-build-1-30-2025/openpli-oe-core/build/tmp/work/osmio4k-oe-linux-gnueabi/enigma2/3.12+git/git=/usr/src/debug/enigma2/3.12+git  -fdebug-prefix-map=/home/pli/builds/openpli-scarthgap-build-1-30-2025/openpli-oe-core/build/tmp/work/osmio4k-oe-linux-gnueabi/enigma2/3.12+git/git=/usr/src/debug/enigma2/3.12+git  -fmacro-prefix-map=/home/pli/builds/openpli-scarthgap-build-1-30-2025/openpli-oe-core/build/tmp/work/osmio4k-oe-linux-gnueabi/enigma2/3.12+git/build=/usr/src/debug/enigma2/3.12+git  -fdebug-prefix-map=/home/pli/builds/openpli-scarthgap-build-1-30-2025/openpli-oe-core/build/tmp/work/osmio4k-oe-linux-gnueabi/enigma2/3.12+git/build=/usr/src/debug/enigma2/3.12+git  -fdebug-prefix-map=/home/pli/builds/openpli-scarthgap-build-1-30-2025/openpli-oe-core/build/tmp/work/osmio4k-oe-linux-gnueabi/enigma2/3.12+git/recipe-sysroot=  -fmacro-prefix-map=/home/pli/builds/openpli-scarthgap-build-1-30-2025/openpli-oe-core/build/tmp/work/osmio4k-oe-linux-gnueabi/enigma2/3.12+git/recipe-sysroot=  -fdebug-prefix-map=/home/pli/builds/openpli-scarthgap-build-1-30-2025/openpli-oe-core/build/tmp/work/osmio4k-oe-linux-gnueabi/enigma2/3.12+git/recipe-sysroot-native=  -fvisibility-inlines-hidden -Wattribute-alias -Wattribute-alias=1 -Wall -Wextra -Werror 	-Wformat=2 -Wformat-overflow=2 -Wformat-nonliteral -Wformat-security 	-Wimplicit-fallthrough=5 -Wduplicated-branches -Wtrampolines 	-Wdangling-else -Wshift-overflow=2 -Wswitch 	-Wunused-but-set-parameter -Wunused-const-variable=1 -Wuninitialized 	-Wstringop-overflow=3 -Woverlength-strings 	-Wunsafe-loop-optimizations -Wpointer-arith 	-Wfloat-equal -Wlogical-op 	-Wno-error=cast-align=strict -Wno-error=ignored-qualifiers 	-Wno-error=cast-function-type -Wno-error=deprecated-declarations 	-Wno-error=stringop-truncation -Wno-error=shadow -Wno-error=cast-qual 	-Wno-error=aggregate-return -Wno-error=missing-field-initializers 	-Wno-error=packed -Wno-error=vla -Wno-error=clobbered -Wno-error=unused-parameter 	-I/home/pli/builds/openpli-scarthgap-build-1-30-2025/openpli-oe-core/build/tmp/work/osmio4k-oe-linux-gnueabi/enigma2/3.12+git/recipe-sysroot/usr/include/freetype2 -I/home/pli/builds/openpli-scarthgap-build-1-30-2025/openpli-oe-core/build/tmp/work/osmio4k-oe-linux-gnueabi/enigma2/3.12+git/recipe-sysroot/usr/include/fribidi -I/home/pli/builds/openpli-scarthgap-build-1-30-2025/openpli-oe-core/build/tmp/work/osmio4k-oe-linux-gnueabi/enigma2/3.12+git/recipe-sysroot/usr/include/glib-2.0 -I/home/pli/builds/openpli-scarthgap-build-1-30-2025/openpli-oe-core/build/tmp/work/osmio4k-oe-linux-gnueabi/enigma2/3.12+git/recipe-sysroot/usr/lib/glib-2.0/include -I/home/pli/builds/openpli-scarthgap-build-1-30-2025/openpli-oe-core/build/tmp/work/osmio4k-oe-linux-gnueabi/enigma2/3.12+git/recipe-sysroot/usr/include/libpng16 -I/home/pli/builds/openpli-scarthgap-build-1-30-2025/openpli-oe-core/build/tmp/work/osmio4k-oe-linux-gnueabi/enigma2/3.12+git/recipe-sysroot/usr/include/libxml2 -I/home/pli/builds/openpli-scarthgap-build-1-30-2025/openpli-oe-core/build/tmp/work/osmio4k-oe-linux-gnueabi/enigma2/3.12+git/recipe-sysroot/usr/include/sigc++-3.0 -I/home/pli/builds/openpli-scarthgap-build-1-30-2025/openpli-oe-core/build/tmp/work/osmio4k-oe-linux-gnueabi/enigma2/3.12+git/recipe-sysroot/usr/lib/sigc++-3.0/include -fno-rtti -fno-exceptions -rdynamic -funwind-tables  -fopenmp  -MT dvb_ci/dvbci_cam_upgrade.o -MD -MP -MF $depbase.Tpo -c -o dvb_ci/dvbci_cam_upgrade.o ../../git/lib/dvb_ci/dvbci_cam_upgrade.cpp &&\
mv -f $depbase.Tpo $depbase.Po

../../git/lib/dvb/fbc.cpp: In member function 'void eFBCTunerManager::ConnectLink(eDVBRegisteredFrontend*, eDVBRegisteredFrontend*, eDVBRegisteredFrontend*, bool) const':
../../git/lib/dvb/fbc.cpp:355:140: warning: unused parameter 'simulate' [-Wunused-parameter]
  355 | void eFBCTunerManager::ConnectLink(eDVBRegisteredFrontend *link_fe, eDVBRegisteredFrontend *prev_fe, eDVBRegisteredFrontend *next_fe, bool simulate) const
      |                                                                                                                                       ~~~~~^~~~~~~~

../../git/lib/dvb/fbc.cpp: In member function 'void eFBCTunerManager::DisconnectLink(eDVBRegisteredFrontend*, eDVBRegisteredFrontend*, eDVBRegisteredFrontend*, bool) const':
../../git/lib/dvb/fbc.cpp:370:143: warning: unused parameter 'simulate' [-Wunused-parameter]
  370 | void eFBCTunerManager::DisconnectLink(eDVBRegisteredFrontend *link_fe, eDVBRegisteredFrontend *prev_fe, eDVBRegisteredFrontend *next_fe, bool simulate) const
      |                                                                                                                                          ~~~~~^~~~~~~~

In file included from ../../git/lib/dvb_ci/dvbci.h:9,
                 from ../../git/lib/dvb_ci/dvbci_session.h:6,
                 from ../../git/lib/dvb_ci/dvbci_appmgr.h:4,
                 from ../../git/lib/dvb_ci/dvbci_appmgr.cpp:4:
../../git/lib/service/iservice.h: In member function 'virtual void iServiceInformation::getAITApplications(std::map<int, std::__cxx11::basic_string<char> >&)':
../../git/lib/service/iservice.h:439:69: warning: unused parameter 'aitlist' [-Wunused-parameter]
  439 |         virtual void getAITApplications(std::map<int, std::string> &aitlist) {};
      |                                         ~~~~~~~~~~~~~~~~~~~~~~~~~~~~^~~~~~~

In file included from ../../git/lib/dvb_ci/dvbci.h:9,
                 from ../../git/lib/dvb_ci/dvbci_session.h:6,
                 from ../../git/lib/dvb_ci/dvbci_camgr.h:6,
                 from ../../git/lib/dvb_ci/dvbci_camgr.cpp:4:
../../git/lib/service/iservice.h: In member function 'virtual void iServiceInformation::getAITApplications(std::map<int, std::__cxx11::basic_string<char> >&)':
../../git/lib/service/iservice.h:439:69: warning: unused parameter 'aitlist' [-Wunused-parameter]
  439 |         virtual void getAITApplications(std::map<int, std::string> &aitlist) {};
      |                                         ~~~~~~~~~~~~~~~~~~~~~~~~~~~~^~~~~~~

In file included from ../../git/lib/dvb_ci/dvbci.h:9,
                 from ../../git/lib/dvb_ci/dvbci_session.h:6,
                 from ../../git/lib/dvb_ci/dvbci_datetimemgr.h:4,
                 from ../../git/lib/dvb_ci/dvbci_datetimemgr.cpp:4:
../../git/lib/service/iservice.h: In member function 'virtual void iServiceInformation::getAITApplications(std::map<int, std::__cxx11::basic_string<char> >&)':
../../git/lib/service/iservice.h:439:69: warning: unused parameter 'aitlist' [-Wunused-parameter]
  439 |         virtual void getAITApplications(std::map<int, std::string> &aitlist) {};
      |                                         ~~~~~~~~~~~~~~~~~~~~~~~~~~~~^~~~~~~

In file included from ../../git/lib/service/service.h:6,
                 from ../../git/lib/dvb/idvb.h:12,
                 from ../../git/lib/dvb/db.h:5,
                 from ../../git/lib/dvb_ci/dvbci.cpp:17:
../../git/lib/service/iservice.h: In member function 'virtual void iServiceInformation::getAITApplications(std::map<int, std::__cxx11::basic_string<char> >&)':
../../git/lib/service/iservice.h:439:69: warning: unused parameter 'aitlist' [-Wunused-parameter]
  439 |         virtual void getAITApplications(std::map<int, std::string> &aitlist) {};
      |                                         ~~~~~~~~~~~~~~~~~~~~~~~~~~~~^~~~~~~

In file included from ../../git/lib/dvb_ci/dvbci.h:9,
                 from ../../git/lib/dvb_ci/dvbci_session.h:6,
                 from ../../git/lib/dvb_ci/dvbci_mmi.h:4,
                 from ../../git/lib/dvb_ci/dvbci_mmi.cpp:3:
../../git/lib/service/iservice.h: In member function 'virtual void iServiceInformation::getAITApplications(std::map<int, std::__cxx11::basic_string<char> >&)':
../../git/lib/service/iservice.h:439:69: warning: unused parameter 'aitlist' [-Wunused-parameter]
  439 |         virtual void getAITApplications(std::map<int, std::string> &aitlist) {};
      |                                         ~~~~~~~~~~~~~~~~~~~~~~~~~~~~^~~~~~~

make[4]: *** [Makefile:1889: dvb/scan.o] Error 1
make[4]: *** Waiting for unfinished jobs....

In file included from ../../git/lib/dvb_ci/dvbci.h:9,
                 from ../../git/lib/dvb_ci/dvbci_session.h:6,
                 from ../../git/lib/dvb_ci/dvbci_resmgr.h:5,
                 from ../../git/lib/dvb_ci/dvbci_resmgr.cpp:4:
../../git/lib/service/iservice.h: In member function 'virtual void iServiceInformation::getAITApplications(std::map<int, std::__cxx11::basic_string<char> >&)':
../../git/lib/service/iservice.h:439:69: warning: unused parameter 'aitlist' [-Wunused-parameter]
  439 |         virtual void getAITApplications(std::map<int, std::string> &aitlist) {};
      |                                         ~~~~~~~~~~~~~~~~~~~~~~~~~~~~^~~~~~~

In file included from ../../git/lib/dvb_ci/dvbci.h:9,
                 from ../../git/lib/dvb_ci/dvbci_ui.h:6,
                 from ../../git/lib/dvb_ci/dvbci_ui.cpp:1:
../../git/lib/service/iservice.h: In member function 'virtual void iServiceInformation::getAITApplications(std::map<int, std::__cxx11::basic_string<char> >&)':
../../git/lib/service/iservice.h:439:69: warning: unused parameter 'aitlist' [-Wunused-parameter]
  439 |         virtual void getAITApplications(std::map<int, std::string> &aitlist) {};
      |                                         ~~~~~~~~~~~~~~~~~~~~~~~~~~~~^~~~~~~

In file included from ../../git/lib/dvb/dvb.h:12,
                 from ../../git/lib/dvb/pmt.h:8,
                 from ../../git/lib/dvb_ci/dvbci.cpp:18:
../../git/lib/dvb/tstools.h: In member function 'virtual RESULT eTSFileSectionReader::setBufferSize(int)':
../../git/lib/dvb/tstools.h:29:34: warning: unused parameter 'size' [-Wunused-parameter]
   29 |         RESULT setBufferSize(int size) { return 0; }
      |                              ~~~~^~~~

In file included from ../../git/lib/dvb_ci/dvbci.h:9,
                 from ../../git/lib/dvb_ci/dvbci_session.h:6,
                 from ../../git/lib/dvb_ci/dvbci_session.cpp:4:
../../git/lib/service/iservice.h: In member function 'virtual void iServiceInformation::getAITApplications(std::map<int, std::__cxx11::basic_string<char> >&)':
../../git/lib/service/iservice.h:439:69: warning: unused parameter 'aitlist' [-Wunused-parameter]
  439 |         virtual void getAITApplications(std::map<int, std::string> &aitlist) {};
      |                                         ~~~~~~~~~~~~~~~~~~~~~~~~~~~~^~~~~~~

In file included from ../../git/lib/dvb_ci/dvbci_ui.h:5:
../../git/lib/base/message.h: In instantiation of 'eFixedMessagePump<T>::eFixedMessagePump(eMainloop*, int) [with T = eDVBCIInterfaces::Message]':
../../git/lib/dvb_ci/dvbci_ui.cpp:18:23:   required from here
../../git/lib/base/message.h:108:51: warning: unused parameter 'mt' [-Wunused-parameter]
  108 |         eFixedMessagePump(eMainloop *context, int mt):
      |                                               ~~~~^~

../../git/lib/dvb_ci/dvbci_session.cpp: In member function 'void eDVBCISession::recvCloseSessionRequest(const unsigned char*)':
../../git/lib/dvb_ci/dvbci_session.cpp:112:66: warning: unused parameter 'data' [-Wunused-parameter]
  112 | void eDVBCISession::recvCloseSessionRequest(const unsigned char *data)
      |                                             ~~~~~~~~~~~~~~~~~~~~~^~~~

../../git/lib/dvb_ci/dvbci.cpp: In member function 'void eDVBCIInterfaces::gotMessageThread(const int&)':
../../git/lib/dvb_ci/dvbci.cpp:144:52: warning: unused parameter 'message' [-Wunused-parameter]
  144 | void eDVBCIInterfaces::gotMessageThread(const int &message)
      |                                         ~~~~~~~~~~~^~~~~~~

../../git/lib/dvb_ci/dvbci.cpp: In member function 'void eDVBCIInterfaces::gotMessageMain(const int&)':
../../git/lib/dvb_ci/dvbci.cpp:150:50: warning: unused parameter 'message' [-Wunused-parameter]
  150 | void eDVBCIInterfaces::gotMessageMain(const int &message)
      |                                       ~~~~~~~~~~~^~~~~~~

In file included from /home/pli/builds/openpli-scarthgap-build-1-30-2025/openpli-oe-core/build/tmp/work/osmio4k-oe-linux-gnueabi/enigma2/3.12+git/recipe-sysroot/usr/include/c++/13.3.0/vector:72,
                 from /home/pli/builds/openpli-scarthgap-build-1-30-2025/openpli-oe-core/build/tmp/work/osmio4k-oe-linux-gnueabi/enigma2/3.12+git/recipe-sysroot/usr/include/c++/13.3.0/functional:64,
                 from /home/pli/builds/openpli-scarthgap-build-1-30-2025/openpli-oe-core/build/tmp/work/osmio4k-oe-linux-gnueabi/enigma2/3.12+git/recipe-sysroot/usr/include/sigc++-3.0/sigc++/visit_each.h:24,
                 from /home/pli/builds/openpli-scarthgap-build-1-30-2025/openpli-oe-core/build/tmp/work/osmio4k-oe-linux-gnueabi/enigma2/3.12+git/recipe-sysroot/usr/include/sigc++-3.0/sigc++/functors/slot.h:23,
                 from /home/pli/builds/openpli-scarthgap-build-1-30-2025/openpli-oe-core/build/tmp/work/osmio4k-oe-linux-gnueabi/enigma2/3.12+git/recipe-sysroot/usr/include/sigc++-3.0/sigc++/signal_base.h:27,
                 from /home/pli/builds/openpli-scarthgap-build-1-30-2025/openpli-oe-core/build/tmp/work/osmio4k-oe-linux-gnueabi/enigma2/3.12+git/recipe-sysroot/usr/include/sigc++-3.0/sigc++/signal.h:25,
                 from /home/pli/builds/openpli-scarthgap-build-1-30-2025/openpli-oe-core/build/tmp/work/osmio4k-oe-linux-gnueabi/enigma2/3.12+git/recipe-sysroot/usr/include/sigc++-3.0/sigc++/sigc++.h:118,
                 from ../../git/include/libsig_comp.h:4,
                 from ../../git/lib/base/eerror.h:7,
                 from ../../git/lib/dvb/encoder.cpp:9:
/home/pli/builds/openpli-scarthgap-build-1-30-2025/openpli-oe-core/build/tmp/work/osmio4k-oe-linux-gnueabi/enigma2/3.12+git/recipe-sysroot/usr/include/c++/13.3.0/bits/vector.tcc: In member function 'void std::vector<_Tp, _Alloc>::_M_realloc_insert(iterator, _Args&& ...) [with _Args = {eEncoder::EncoderContext}; _Tp = eEncoder::EncoderContext; _Alloc = std::allocator<eEncoder::EncoderContext>]':
/home/pli/builds/openpli-scarthgap-build-1-30-2025/openpli-oe-core/build/tmp/work/osmio4k-oe-linux-gnueabi/enigma2/3.12+git/recipe-sysroot/usr/include/c++/13.3.0/bits/vector.tcc:445:7: note: parameter passing for argument of type 'std::vector<eEncoder::EncoderContext>::iterator' changed in GCC 7.1
  445 |       vector<_Tp, _Alloc>::
      |       ^~~~~~~~~~~~~~~~~~~

In file included from ../../git/lib/dvb_ci/dvbci.h:9,
                 from ../../git/lib/dvb_ci/dvbci_session.h:6,
                 from ../../git/lib/dvb_ci/dvbci_hlcmgr.h:4,
                 from ../../git/lib/dvb_ci/dvbci_hlcmgr.cpp:5:
../../git/lib/service/iservice.h: In member function 'virtual void iServiceInformation::getAITApplications(std::map<int, std::__cxx11::basic_string<char> >&)':
../../git/lib/service/iservice.h:439:69: warning: unused parameter 'aitlist' [-Wunused-parameter]
  439 |         virtual void getAITApplications(std::map<int, std::string> &aitlist) {};
      |                                         ~~~~~~~~~~~~~~~~~~~~~~~~~~~~^~~~~~~

In member function 'std::vector<_Tp, _Alloc>::reference std::vector<_Tp, _Alloc>::emplace_back(_Args&& ...) [with _Args = {eEncoder::EncoderContext}; _Tp = eEncoder::EncoderContext; _Alloc = std::allocator<eEncoder::EncoderContext>]',
    inlined from 'void std::vector<_Tp, _Alloc>::push_back(value_type&&) [with _Tp = eEncoder::EncoderContext; _Alloc = std::allocator<eEncoder::EncoderContext>]' at /home/pli/builds/openpli-scarthgap-build-1-30-2025/openpli-oe-core/build/tmp/work/osmio4k-oe-linux-gnueabi/enigma2/3.12+git/recipe-sysroot/usr/include/c++/13.3.0/bits/stl_vector.h:1299:21,
    inlined from 'eEncoder::eEncoder()' at ../../git/lib/dvb/encoder.cpp:82:21:
/home/pli/builds/openpli-scarthgap-build-1-30-2025/openpli-oe-core/build/tmp/work/osmio4k-oe-linux-gnueabi/enigma2/3.12+git/recipe-sysroot/usr/include/c++/13.3.0/bits/vector.tcc:123:28: note: parameter passing for argument of type '__gnu_cxx::__normal_iterator<eEncoder::EncoderContext*, std::vector<eEncoder::EncoderContext> >' changed in GCC 7.1
  123 |           _M_realloc_insert(end(), std::forward<_Args>(__args)...);
      |           ~~~~~~~~~~~~~~~~~^~~~~~~~~~~~~~~~~~~~~~~~~~~~~~~~~~~~~~~

In file included from ../../git/lib/dvb_ci/dvbci.h:9,
                 from ../../git/lib/dvb_ci/dvbci_session.h:6,
                 from ../../git/lib/dvb_ci/dvbci_ccmgr.h:6,
                 from ../../git/lib/dvb_ci/dvbci_ccmgr.cpp:3:
../../git/lib/service/iservice.h: In member function 'virtual void iServiceInformation::getAITApplications(std::map<int, std::__cxx11::basic_string<char> >&)':
../../git/lib/service/iservice.h:439:69: warning: unused parameter 'aitlist' [-Wunused-parameter]
  439 |         virtual void getAITApplications(std::map<int, std::string> &aitlist) {};
      |                                         ~~~~~~~~~~~~~~~~~~~~~~~~~~~~^~~~~~~

../../git/lib/dvb_ci/dvbci_ccmgr_helper.cpp: In function 'RSA* rsa_privatekey_open(const char*)':
../../git/lib/dvb_ci/dvbci_ccmgr_helper.cpp:262:31: warning: 'RSA* PEM_read_RSAPrivateKey(FILE*, RSA**, int (*)(char*, int, int, void*), void*)' is deprecated: Since OpenSSL 3.0 [-Wdeprecated-declarations]
  262 |         PEM_read_RSAPrivateKey(fp, &r, NULL, NULL);
      |         ~~~~~~~~~~~~~~~~~~~~~~^~~~~~~~~~~~~~~~~~~~
In file included from ../../git/lib/dvb_ci/dvbci_ccmgr_helper.cpp:2:
/home/pli/builds/openpli-scarthgap-build-1-30-2025/openpli-oe-core/build/tmp/work/osmio4k-oe-linux-gnueabi/enigma2/3.12+git/recipe-sysroot/usr/include/openssl/pem.h:451:1: note: declared here
  451 | DECLARE_PEM_rw_cb_attr(OSSL_DEPRECATEDIN_3_0, RSAPrivateKey, RSA)
      | ^~~~~~~~~~~~~~~~~~~~~~

../../git/lib/dvb_ci/dvbci_ccmgr_helper.cpp: In function 'int verify_cb(int, X509_STORE_CTX*)':
../../git/lib/dvb_ci/dvbci_ccmgr_helper.cpp:339:19: warning: unused parameter 'ok' [-Wunused-parameter]
  339 | int verify_cb(int ok, X509_STORE_CTX *ctx)
      |               ~~~~^~

In file included from ../../git/lib/dvb_ci/dvbci.h:9,
                 from ../../git/lib/dvb_ci/dvbci_session.h:6,
                 from ../../git/lib/dvb_ci/dvbci_host_ctrl.h:4,
                 from ../../git/lib/dvb_ci/dvbci_host_ctrl.cpp:4:
../../git/lib/service/iservice.h: In member function 'virtual void iServiceInformation::getAITApplications(std::map<int, std::__cxx11::basic_string<char> >&)':
../../git/lib/service/iservice.h:439:69: warning: unused parameter 'aitlist' [-Wunused-parameter]
  439 |         virtual void getAITApplications(std::map<int, std::string> &aitlist) {};
      |                                         ~~~~~~~~~~~~~~~~~~~~~~~~~~~~^~~~~~~

In file included from /home/pli/builds/openpli-scarthgap-build-1-30-2025/openpli-oe-core/build/tmp/work/osmio4k-oe-linux-gnueabi/enigma2/3.12+git/recipe-sysroot/usr/include/c++/13.3.0/vector:72,
                 from ../../git/lib/base/ebase.h:5,
                 from ../../git/lib/dvb/dvb.h:6:
/home/pli/builds/openpli-scarthgap-build-1-30-2025/openpli-oe-core/build/tmp/work/osmio4k-oe-linux-gnueabi/enigma2/3.12+git/recipe-sysroot/usr/include/c++/13.3.0/bits/vector.tcc: In member function 'void std::vector<_Tp, _Alloc>::_M_realloc_insert(iterator, _Args&& ...) [with _Args = {const eDVBSatelliteLNBParameters&}; _Tp = eDVBSatelliteLNBParameters; _Alloc = std::allocator<eDVBSatelliteLNBParameters>]':
/home/pli/builds/openpli-scarthgap-build-1-30-2025/openpli-oe-core/build/tmp/work/osmio4k-oe-linux-gnueabi/enigma2/3.12+git/recipe-sysroot/usr/include/c++/13.3.0/bits/vector.tcc:445:7: note: parameter passing for argument of type 'std::vector<eDVBSatelliteLNBParameters>::iterator' changed in GCC 7.1
  445 |       vector<_Tp, _Alloc>::
      |       ^~~~~~~~~~~~~~~~~~~

In file included from ../../git/lib/dvb/filepush.h:7,
                 from ../../git/lib/dvb/demux.h:8,
                 from ../../git/lib/dvb/dvb.h:10:
../../git/lib/base/message.h: In instantiation of 'eFixedMessagePump<T>::eFixedMessagePump(eMainloop*, int) [with T = int]':
../../git/lib/dvb_ci/dvbci.cpp:36:4:   required from here
../../git/lib/base/message.h:108:51: warning: unused parameter 'mt' [-Wunused-parameter]
  108 |         eFixedMessagePump(eMainloop *context, int mt):
      |                                               ~~~~^~

In file included from /home/pli/builds/openpli-scarthgap-build-1-30-2025/openpli-oe-core/build/tmp/work/osmio4k-oe-linux-gnueabi/enigma2/3.12+git/recipe-sysroot/usr/include/c++/13.3.0/vector:66:
In member function 'void std::vector<_Tp, _Alloc>::push_back(const value_type&) [with _Tp = eDVBSatelliteLNBParameters; _Alloc = std::allocator<eDVBSatelliteLNBParameters>]',
    inlined from 'RESULT eDVBSatelliteEquipmentControl::addLNB()' at ../../git/lib/dvb/sec.cpp:1296:18:
/home/pli/builds/openpli-scarthgap-build-1-30-2025/openpli-oe-core/build/tmp/work/osmio4k-oe-linux-gnueabi/enigma2/3.12+git/recipe-sysroot/usr/include/c++/13.3.0/bits/stl_vector.h:1292:28: note: parameter passing for argument of type '__gnu_cxx::__normal_iterator<eDVBSatelliteLNBParameters*, std::vector<eDVBSatelliteLNBParameters> >' changed in GCC 7.1
 1292 |           _M_realloc_insert(end(), __x);
      |           ~~~~~~~~~~~~~~~~~^~~~~~~~~~~~

../../git/lib/dvb_ci/dvbci_ccmgr.cpp: In destructor 'virtual eDVBCICcSession::~eDVBCICcSession()':
../../git/lib/dvb_ci/dvbci_ccmgr.cpp:74:25: warning: 'void RSA_free(RSA*)' is deprecated: Since OpenSSL 3.0 [-Wdeprecated-declarations]
   74 |                 RSA_free(m_rsa_device_key);
      |                 ~~~~~~~~^~~~~~~~~~~~~~~~~~

In file included from /home/pli/builds/openpli-scarthgap-build-1-30-2025/openpli-oe-core/build/tmp/work/osmio4k-oe-linux-gnueabi/enigma2/3.12+git/recipe-sysroot/usr/include/openssl/x509.h:36,
                 from ../../git/lib/dvb_ci/dvbci_ccmgr.h:5:
/home/pli/builds/openpli-scarthgap-build-1-30-2025/openpli-oe-core/build/tmp/work/osmio4k-oe-linux-gnueabi/enigma2/3.12+git/recipe-sysroot/usr/include/openssl/rsa.h:304:28: note: declared here
  304 | OSSL_DEPRECATEDIN_3_0 void RSA_free(RSA *r);
      |                            ^~~~~~~~
../../git/lib/dvb_ci/dvbci_ccmgr.cpp:76:24: warning: 'void DH_free(DH*)' is deprecated: Since OpenSSL 3.0 [-Wdeprecated-declarations]
   76 |                 DH_free(m_dh);
      |                 ~~~~~~~^~~~~~
In file included from /home/pli/builds/openpli-scarthgap-build-1-30-2025/openpli-oe-core/build/tmp/work/osmio4k-oe-linux-gnueabi/enigma2/3.12+git/recipe-sysroot/usr/include/openssl/dsa.h:31,
                 from /home/pli/builds/openpli-scarthgap-build-1-30-2025/openpli-oe-core/build/tmp/work/osmio4k-oe-linux-gnueabi/enigma2/3.12+git/recipe-sysroot/usr/include/openssl/x509.h:37:
/home/pli/builds/openpli-scarthgap-build-1-30-2025/openpli-oe-core/build/tmp/work/osmio4k-oe-linux-gnueabi/enigma2/3.12+git/recipe-sysroot/usr/include/openssl/dh.h:207:28: note: declared here
  207 | OSSL_DEPRECATEDIN_3_0 void DH_free(DH *dh);
      |                            ^~~~~~~

../../git/lib/dvb_ci/dvbci_ccmgr.cpp: In member function 'void eDVBCICcSession::cc_sync_req(const uint8_t*, unsigned int)':
../../git/lib/dvb_ci/dvbci_ccmgr.cpp:208:50: warning: unused parameter 'data' [-Wunused-parameter]
  208 | void eDVBCICcSession::cc_sync_req(const uint8_t *data, unsigned int len)
      |                                   ~~~~~~~~~~~~~~~^~~~
../../git/lib/dvb_ci/dvbci_ccmgr.cpp:208:69: warning: unused parameter 'len' [-Wunused-parameter]
  208 | void eDVBCICcSession::cc_sync_req(const uint8_t *data, unsigned int len)
      |                                                        ~~~~~~~~~~~~~^~~

../../git/lib/dvb_ci/dvbci_ccmgr.cpp: In member function 'int eDVBCICcSession::generate_akh()':
../../git/lib/dvb_ci/dvbci_ccmgr.cpp:486:20: warning: 'int SHA256_Init(SHA256_CTX*)' is deprecated: Since OpenSSL 3.0 [-Wdeprecated-declarations]
  486 |         SHA256_Init(&sha);
      |         ~~~~~~~~~~~^~~~~~

In file included from /home/pli/builds/openpli-scarthgap-build-1-30-2025/openpli-oe-core/build/tmp/work/osmio4k-oe-linux-gnueabi/enigma2/3.12+git/recipe-sysroot/usr/include/openssl/x509.h:41:
/home/pli/builds/openpli-scarthgap-build-1-30-2025/openpli-oe-core/build/tmp/work/osmio4k-oe-linux-gnueabi/enigma2/3.12+git/recipe-sysroot/usr/include/openssl/sha.h:73:27: note: declared here
   73 | OSSL_DEPRECATEDIN_3_0 int SHA256_Init(SHA256_CTX *c);
      |                           ^~~~~~~~~~~
../../git/lib/dvb_ci/dvbci_ccmgr.cpp:487:22: warning: 'int SHA256_Update(SHA256_CTX*, const void*, size_t)' is deprecated: Since OpenSSL 3.0 [-Wdeprecated-declarations]
  487 |         SHA256_Update(&sha, m_ci_elements.get_ptr(CICAM_ID), m_ci_elements.get_buf(NULL, CICAM_ID));
      |         ~~~~~~~~~~~~~^~~~~~~~~~~~~~~~~~~~~~~~~~~~~~~~~~~~~~~~~~~~~~~~~~~~~~~~~~~~~~~~~~~~~~~~~~~~~~
/home/pli/builds/openpli-scarthgap-build-1-30-2025/openpli-oe-core/build/tmp/work/osmio4k-oe-linux-gnueabi/enigma2/3.12+git/recipe-sysroot/usr/include/openssl/sha.h:74:27: note: declared here
   74 | OSSL_DEPRECATEDIN_3_0 int SHA256_Update(SHA256_CTX *c,
      |                           ^~~~~~~~~~~~~
../../git/lib/dvb_ci/dvbci_ccmgr.cpp:488:22: warning: 'int SHA256_Update(SHA256_CTX*, const void*, size_t)' is deprecated: Since OpenSSL 3.0 [-Wdeprecated-declarations]
  488 |         SHA256_Update(&sha, m_ci_elements.get_ptr(HOST_ID), m_ci_elements.get_buf(NULL, HOST_ID));
      |         ~~~~~~~~~~~~~^~~~~~~~~~~~~~~~~~~~~~~~~~~~~~~~~~~~~~~~~~~~~~~~~~~~~~~~~~~~~~~~~~~~~~~~~~~~
/home/pli/builds/openpli-scarthgap-build-1-30-2025/openpli-oe-core/build/tmp/work/osmio4k-oe-linux-gnueabi/enigma2/3.12+git/recipe-sysroot/usr/include/openssl/sha.h:74:27: note: declared here
   74 | OSSL_DEPRECATEDIN_3_0 int SHA256_Update(SHA256_CTX *c,
      |                           ^~~~~~~~~~~~~

../../git/lib/dvb_ci/dvbci_ccmgr.cpp:489:22: warning: 'int SHA256_Update(SHA256_CTX*, const void*, size_t)' is deprecated: Since OpenSSL 3.0 [-Wdeprecated-declarations]
  489 |         SHA256_Update(&sha, m_dhsk, 256);
      |         ~~~~~~~~~~~~~^~~~~~~~~~~~~~~~~~~
/home/pli/builds/openpli-scarthgap-build-1-30-2025/openpli-oe-core/build/tmp/work/osmio4k-oe-linux-gnueabi/enigma2/3.12+git/recipe-sysroot/usr/include/openssl/sha.h:74:27: note: declared here
   74 | OSSL_DEPRECATEDIN_3_0 int SHA256_Update(SHA256_CTX *c,
      |                           ^~~~~~~~~~~~~

../../git/lib/dvb_ci/dvbci_ccmgr.cpp:490:21: warning: 'int SHA256_Final(unsigned char*, SHA256_CTX*)' is deprecated: Since OpenSSL 3.0 [-Wdeprecated-declarations]
  490 |         SHA256_Final(akh, &sha);
      |         ~~~~~~~~~~~~^~~~~~~~~~~
/home/pli/builds/openpli-scarthgap-build-1-30-2025/openpli-oe-core/build/tmp/work/osmio4k-oe-linux-gnueabi/enigma2/3.12+git/recipe-sysroot/usr/include/openssl/sha.h:76:27: note: declared here
   76 | OSSL_DEPRECATEDIN_3_0 int SHA256_Final(unsigned char *md, SHA256_CTX *c);
      |                           ^~~~~~~~~~~~

../../git/lib/dvb_ci/dvbci_ccmgr.cpp: In member function 'int eDVBCICcSession::compute_dh_key()':
../../git/lib/dvb_ci/dvbci_ccmgr.cpp:499:26: warning: 'int DH_size(const DH*)' is deprecated: Since OpenSSL 3.0 [-Wdeprecated-declarations]
  499 |         int len = DH_size(m_dh);
      |                   ~~~~~~~^~~~~~
/home/pli/builds/openpli-scarthgap-build-1-30-2025/openpli-oe-core/build/tmp/work/osmio4k-oe-linux-gnueabi/enigma2/3.12+git/recipe-sysroot/usr/include/openssl/dh.h:210:27: note: declared here
  210 | OSSL_DEPRECATEDIN_3_0 int DH_size(const DH *dh);
      |                           ^~~~~~~

../../git/lib/dvb_ci/dvbci_ccmgr.cpp:528:34: warning: 'int DH_check_pub_key(const DH*, const BIGNUM*, int*)' is deprecated: Since OpenSSL 3.0 [-Wdeprecated-declarations]
  528 |         int ok = DH_check_pub_key(m_dh, bn_in, &codes);
      |                  ~~~~~~~~~~~~~~~~^~~~~~~~~~~~~~~~~~~~~
/home/pli/builds/openpli-scarthgap-build-1-30-2025/openpli-oe-core/build/tmp/work/osmio4k-oe-linux-gnueabi/enigma2/3.12+git/recipe-sysroot/usr/include/openssl/dh.h:228:27: note: declared here
  228 | OSSL_DEPRECATEDIN_3_0 int DH_check_pub_key(const DH *dh, const BIGNUM *pub_key,
      |                           ^~~~~~~~~~~~~~~~

../../git/lib/dvb_ci/dvbci_ccmgr.cpp:538:23: warning: 'int DH_compute_key(unsigned char*, const BIGNUM*, DH*)' is deprecated: Since OpenSSL 3.0 [-Wdeprecated-declarations]
  538 |         DH_compute_key(m_dhsk + gap, bn_in, m_dh);
      |         ~~~~~~~~~~~~~~^~~~~~~~~~~~~~~~~~~~~~~~~~~
/home/pli/builds/openpli-scarthgap-build-1-30-2025/openpli-oe-core/build/tmp/work/osmio4k-oe-linux-gnueabi/enigma2/3.12+git/recipe-sysroot/usr/include/openssl/dh.h:231:27: note: declared here
  231 | OSSL_DEPRECATEDIN_3_0 int DH_compute_key(unsigned char *key,
      |                           ^~~~~~~~~~~~~~

../../git/lib/dvb_ci/dvbci_ccmgr.cpp: In member function 'int eDVBCICcSession::generate_dh_key()':
../../git/lib/dvb_ci/dvbci_ccmgr.cpp:578:22: warning: 'DH* DH_new()' is deprecated: Since OpenSSL 3.0 [-Wdeprecated-declarations]
  578 |         m_dh = DH_new();
      |                ~~~~~~^~
/home/pli/builds/openpli-scarthgap-build-1-30-2025/openpli-oe-core/build/tmp/work/osmio4k-oe-linux-gnueabi/enigma2/3.12+git/recipe-sysroot/usr/include/openssl/dh.h:206:27: note: declared here
  206 | OSSL_DEPRECATEDIN_3_0 DH *DH_new(void);
      |                           ^~~~~~

../../git/lib/dvb_ci/dvbci_ccmgr.cpp:583:20: warning: 'int DH_set0_pqg(DH*, BIGNUM*, BIGNUM*, BIGNUM*)' is deprecated: Since OpenSSL 3.0 [-Wdeprecated-declarations]
  583 |         DH_set0_pqg(m_dh, p, q, g);
      |         ~~~~~~~~~~~^~~~~~~~~~~~~~~
../../git/lib/dvb_ci/dvbci_ccmgr.h:10:5: note: declared here
   10 | int DH_set0_pqg(DH *dh, BIGNUM *p, BIGNUM *q, BIGNUM *g);
      |     ^~~~~~~~~~~

../../git/lib/dvb_ci/dvbci_ccmgr.cpp:584:21: warning: 'void DH_set_flags(DH*, int)' is deprecated: Since OpenSSL 3.0 [-Wdeprecated-declarations]
  584 |         DH_set_flags(m_dh, DH_FLAG_NO_EXP_CONSTTIME);
      |         ~~~~~~~~~~~~^~~~~~~~~~~~~~~~~~~~~~~~~~~~~~~~
../../git/lib/dvb_ci/dvbci_ccmgr.h:11:6: note: declared here
   11 | void DH_set_flags(DH *dh, int flags);
      |      ^~~~~~~~~~~~
../../git/lib/dvb_ci/dvbci_ccmgr.cpp:586:24: warning: 'int DH_generate_key(DH*)' is deprecated: Since OpenSSL 3.0 [-Wdeprecated-declarations]
  586 |         DH_generate_key(m_dh);
      |         ~~~~~~~~~~~~~~~^~~~~~
/home/pli/builds/openpli-scarthgap-build-1-30-2025/openpli-oe-core/build/tmp/work/osmio4k-oe-linux-gnueabi/enigma2/3.12+git/recipe-sysroot/usr/include/openssl/dh.h:230:27: note: declared here
  230 | OSSL_DEPRECATEDIN_3_0 int DH_generate_key(DH *dh);
      |                           ^~~~~~~~~~~~~~~

../../git/lib/dvb_ci/dvbci_ccmgr.cpp:588:20: warning: 'void DH_get0_key(const DH*, const BIGNUM**, const BIGNUM**)' is deprecated: Since OpenSSL 3.0 [-Wdeprecated-declarations]
  588 |         DH_get0_key(m_dh, &pub_key, NULL);
      |         ~~~~~~~~~~~^~~~~~~~~~~~~~~~~~~~~~
../../git/lib/dvb_ci/dvbci_ccmgr.h:9:6: note: declared here
    9 | void DH_get0_key(const DH *dh, const BIGNUM **pub_key, const BIGNUM **priv_key);
      |      ^~~~~~~~~~~

../../git/lib/dvb_ci/dvbci_ccmgr.cpp: In member function 'int eDVBCICcSession::generate_sign_A()':
../../git/lib/dvb_ci/dvbci_ccmgr.cpp:664:34: warning: 'int RSA_padding_add_PKCS1_PSS(RSA*, unsigned char*, const unsigned char*, const EVP_MD*, int)' is deprecated: Since OpenSSL 3.0 [-Wdeprecated-declarations]
  664 |         RSA_padding_add_PKCS1_PSS(m_rsa_device_key, dbuf, hash, EVP_sha1(), 20);
      |         ~~~~~~~~~~~~~~~~~~~~~~~~~^~~~~~~~~~~~~~~~~~~~~~~~~~~~~~~~~~~~~~~~~~~~~~

/home/pli/builds/openpli-scarthgap-build-1-30-2025/openpli-oe-core/build/tmp/work/osmio4k-oe-linux-gnueabi/enigma2/3.12+git/recipe-sysroot/usr/include/openssl/rsa.h:439:5: note: declared here
  439 | int RSA_padding_add_PKCS1_PSS(RSA *rsa, unsigned char *EM,
      |     ^~~~~~~~~~~~~~~~~~~~~~~~~
../../git/lib/dvb_ci/dvbci_ccmgr.cpp:665:28: warning: 'int RSA_private_encrypt(int, const unsigned char*, unsigned char*, RSA*, int)' is deprecated: Since OpenSSL 3.0 [-Wdeprecated-declarations]
  665 |         RSA_private_encrypt(sizeof(dbuf), dbuf, sign_A, m_rsa_device_key, RSA_NO_PADDING);
      |         ~~~~~~~~~~~~~~~~~~~^~~~~~~~~~~~~~~~~~~~~~~~~~~~~~~~~~~~~~~~~~~~~~~~~~~~~~~~~~~~~~
/home/pli/builds/openpli-scarthgap-build-1-30-2025/openpli-oe-core/build/tmp/work/osmio4k-oe-linux-gnueabi/enigma2/3.12+git/recipe-sysroot/usr/include/openssl/rsa.h:296:5: note: declared here
  296 | int RSA_private_encrypt(int flen, const unsigned char *from, unsigned char *to,
      |     ^~~~~~~~~~~~~~~~~~~

../../git/lib/dvb_ci/dvbci_ccmgr.cpp: In member function 'int eDVBCICcSession::generate_uri_confirm()':
../../git/lib/dvb_ci/dvbci_ccmgr.cpp:730:20: warning: 'int SHA256_Init(SHA256_CTX*)' is deprecated: Since OpenSSL 3.0 [-Wdeprecated-declarations]
  730 |         SHA256_Init(&sha);
      |         ~~~~~~~~~~~^~~~~~
/home/pli/builds/openpli-scarthgap-build-1-30-2025/openpli-oe-core/build/tmp/work/osmio4k-oe-linux-gnueabi/enigma2/3.12+git/recipe-sysroot/usr/include/openssl/sha.h:73:27: note: declared here
   73 | OSSL_DEPRECATEDIN_3_0 int SHA256_Init(SHA256_CTX *c);
      |                           ^~~~~~~~~~~

../../git/lib/dvb_ci/dvbci_ccmgr.cpp:731:22: warning: 'int SHA256_Update(SHA256_CTX*, const void*, size_t)' is deprecated: Since OpenSSL 3.0 [-Wdeprecated-declarations]
  731 |         SHA256_Update(&sha, m_sak, 16);
      |         ~~~~~~~~~~~~~^~~~~~~~~~~~~~~~~
/home/pli/builds/openpli-scarthgap-build-1-30-2025/openpli-oe-core/build/tmp/work/osmio4k-oe-linux-gnueabi/enigma2/3.12+git/recipe-sysroot/usr/include/openssl/sha.h:74:27: note: declared here
   74 | OSSL_DEPRECATEDIN_3_0 int SHA256_Update(SHA256_CTX *c,
      |                           ^~~~~~~~~~~~~
../../git/lib/dvb_ci/dvbci_ccmgr.cpp:732:21: warning: 'int SHA256_Final(unsigned char*, SHA256_CTX*)' is deprecated: Since OpenSSL 3.0 [-Wdeprecated-declarations]
  732 |         SHA256_Final(uck, &sha);
      |         ~~~~~~~~~~~~^~~~~~~~~~~
/home/pli/builds/openpli-scarthgap-build-1-30-2025/openpli-oe-core/build/tmp/work/osmio4k-oe-linux-gnueabi/enigma2/3.12+git/recipe-sysroot/usr/include/openssl/sha.h:76:27: note: declared here
   76 | OSSL_DEPRECATEDIN_3_0 int SHA256_Final(unsigned char *md, SHA256_CTX *c);
      |                           ^~~~~~~~~~~~

../../git/lib/dvb_ci/dvbci_ccmgr.cpp:735:20: warning: 'int SHA256_Init(SHA256_CTX*)' is deprecated: Since OpenSSL 3.0 [-Wdeprecated-declarations]
  735 |         SHA256_Init(&sha);
      |         ~~~~~~~~~~~^~~~~~
/home/pli/builds/openpli-scarthgap-build-1-30-2025/openpli-oe-core/build/tmp/work/osmio4k-oe-linux-gnueabi/enigma2/3.12+git/recipe-sysroot/usr/include/openssl/sha.h:73:27: note: declared here
   73 | OSSL_DEPRECATEDIN_3_0 int SHA256_Init(SHA256_CTX *c);
      |                           ^~~~~~~~~~~

../../git/lib/dvb_ci/dvbci_ccmgr.cpp:736:22: warning: 'int SHA256_Update(SHA256_CTX*, const void*, size_t)' is deprecated: Since OpenSSL 3.0 [-Wdeprecated-declarations]
  736 |         SHA256_Update(&sha, m_ci_elements.get_ptr(URI_MESSAGE), m_ci_elements.get_buf(NULL, URI_MESSAGE));
      |         ~~~~~~~~~~~~~^~~~~~~~~~~~~~~~~~~~~~~~~~~~~~~~~~~~~~~~~~~~~~~~~~~~~~~~~~~~~~~~~~~~~~~~~~~~~~~~~~~~
/home/pli/builds/openpli-scarthgap-build-1-30-2025/openpli-oe-core/build/tmp/work/osmio4k-oe-linux-gnueabi/enigma2/3.12+git/recipe-sysroot/usr/include/openssl/sha.h:74:27: note: declared here
   74 | OSSL_DEPRECATEDIN_3_0 int SHA256_Update(SHA256_CTX *c,
      |                           ^~~~~~~~~~~~~
../../git/lib/dvb_ci/dvbci_ccmgr.cpp:737:22: warning: 'int SHA256_Update(SHA256_CTX*, const void*, size_t)' is deprecated: Since OpenSSL 3.0 [-Wdeprecated-declarations]
  737 |         SHA256_Update(&sha, uck, 32);
      |         ~~~~~~~~~~~~~^~~~~~~~~~~~~~~
/home/pli/builds/openpli-scarthgap-build-1-30-2025/openpli-oe-core/build/tmp/work/osmio4k-oe-linux-gnueabi/enigma2/3.12+git/recipe-sysroot/usr/include/openssl/sha.h:74:27: note: declared here
   74 | OSSL_DEPRECATEDIN_3_0 int SHA256_Update(SHA256_CTX *c,
      |                           ^~~~~~~~~~~~~

../../git/lib/dvb_ci/dvbci_ccmgr.cpp:738:21: warning: 'int SHA256_Final(unsigned char*, SHA256_CTX*)' is deprecated: Since OpenSSL 3.0 [-Wdeprecated-declarations]
  738 |         SHA256_Final(uri_confirm, &sha);
      |         ~~~~~~~~~~~~^~~~~~~~~~~~~~~~~~~
/home/pli/builds/openpli-scarthgap-build-1-30-2025/openpli-oe-core/build/tmp/work/osmio4k-oe-linux-gnueabi/enigma2/3.12+git/recipe-sysroot/usr/include/openssl/sha.h:76:27: note: declared here
   76 | OSSL_DEPRECATEDIN_3_0 int SHA256_Final(unsigned char *md, SHA256_CTX *c);
      |                           ^~~~~~~~~~~~

../../git/lib/dvb_ci/dvbci_ccmgr.cpp: In member function 'void eDVBCICcSession::check_new_key()':
../../git/lib/dvb_ci/dvbci_ccmgr.cpp:764:28: warning: 'int AES_set_encrypt_key(const unsigned char*, int, AES_KEY*)' is deprecated: Since OpenSSL 3.0 [-Wdeprecated-declarations]
  764 |         AES_set_encrypt_key(m_s_key, 128, &aes_ctx);
      |         ~~~~~~~~~~~~~~~~~~~^~~~~~~~~~~~~~~~~~~~~~~~

In file included from ../../git/lib/dvb_ci/aes_xcbc_mac.h:4,
                 from ../../git/lib/dvb_ci/dvbci_ccmgr.cpp:6:
/home/pli/builds/openpli-scarthgap-build-1-30-2025/openpli-oe-core/build/tmp/work/osmio4k-oe-linux-gnueabi/enigma2/3.12+git/recipe-sysroot/usr/include/openssl/aes.h:51:5: note: declared here
   51 | int AES_set_encrypt_key(const unsigned char *userKey, const int bits,
      |     ^~~~~~~~~~~~~~~~~~~

../../git/lib/dvb_ci/dvbci_ccmgr.cpp:766:32: warning: 'void AES_ecb_encrypt(const unsigned char*, unsigned char*, const AES_KEY*, int)' is deprecated: Since OpenSSL 3.0 [-Wdeprecated-declarations]
  766 |                 AES_ecb_encrypt(&kp[i], &dec[i], &aes_ctx, 1);
      |                 ~~~~~~~~~~~~~~~^~~~~~~~~~~~~~~~~~~~~~~~~~~~~~
/home/pli/builds/openpli-scarthgap-build-1-30-2025/openpli-oe-core/build/tmp/work/osmio4k-oe-linux-gnueabi/enigma2/3.12+git/recipe-sysroot/usr/include/openssl/aes.h:63:6: note: declared here
   63 | void AES_ecb_encrypt(const unsigned char *in, unsigned char *out,
      |      ^~~~~~~~~~~~~~~

../../git/lib/dvb_ci/dvbci_ccmgr.cpp: In member function 'void eDVBCICcSession::generate_key_seed()':
../../git/lib/dvb_ci/dvbci_ccmgr.cpp:820:20: warning: 'int SHA256_Init(SHA256_CTX*)' is deprecated: Since OpenSSL 3.0 [-Wdeprecated-declarations]
  820 |         SHA256_Init(&sha);
      |         ~~~~~~~~~~~^~~~~~
/home/pli/builds/openpli-scarthgap-build-1-30-2025/openpli-oe-core/build/tmp/work/osmio4k-oe-linux-gnueabi/enigma2/3.12+git/recipe-sysroot/usr/include/openssl/sha.h:73:27: note: declared here
   73 | OSSL_DEPRECATEDIN_3_0 int SHA256_Init(SHA256_CTX *c);
      |                           ^~~~~~~~~~~

../../git/lib/dvb_ci/dvbci_ccmgr.cpp:821:22: warning: 'int SHA256_Update(SHA256_CTX*, const void*, size_t)' is deprecated: Since OpenSSL 3.0 [-Wdeprecated-declarations]
  821 |         SHA256_Update(&sha, &m_dhsk[240], 16);
      |         ~~~~~~~~~~~~~^~~~~~~~~~~~~~~~~~~~~~~~
/home/pli/builds/openpli-scarthgap-build-1-30-2025/openpli-oe-core/build/tmp/work/osmio4k-oe-linux-gnueabi/enigma2/3.12+git/recipe-sysroot/usr/include/openssl/sha.h:74:27: note: declared here
   74 | OSSL_DEPRECATEDIN_3_0 int SHA256_Update(SHA256_CTX *c,
      |                           ^~~~~~~~~~~~~

../../git/lib/dvb_ci/dvbci_ccmgr.cpp:822:22: warning: 'int SHA256_Update(SHA256_CTX*, const void*, size_t)' is deprecated: Since OpenSSL 3.0 [-Wdeprecated-declarations]
  822 |         SHA256_Update(&sha, m_ci_elements.get_ptr(AKH), m_ci_elements.get_buf(NULL, AKH));
      |         ~~~~~~~~~~~~~^~~~~~~~~~~~~~~~~~~~~~~~~~~~~~~~~~~~~~~~~~~~~~~~~~~~~~~~~~~~~~~~~~~~
/home/pli/builds/openpli-scarthgap-build-1-30-2025/openpli-oe-core/build/tmp/work/osmio4k-oe-linux-gnueabi/enigma2/3.12+git/recipe-sysroot/usr/include/openssl/sha.h:74:27: note: declared here
   74 | OSSL_DEPRECATEDIN_3_0 int SHA256_Update(SHA256_CTX *c,
      |                           ^~~~~~~~~~~~~

../../git/lib/dvb_ci/dvbci_ccmgr.cpp:823:22: warning: 'int SHA256_Update(SHA256_CTX*, const void*, size_t)' is deprecated: Since OpenSSL 3.0 [-Wdeprecated-declarations]
  823 |         SHA256_Update(&sha, m_ci_elements.get_ptr(NS_HOST), m_ci_elements.get_buf(NULL, NS_HOST));
      |         ~~~~~~~~~~~~~^~~~~~~~~~~~~~~~~~~~~~~~~~~~~~~~~~~~~~~~~~~~~~~~~~~~~~~~~~~~~~~~~~~~~~~~~~~~
/home/pli/builds/openpli-scarthgap-build-1-30-2025/openpli-oe-core/build/tmp/work/osmio4k-oe-linux-gnueabi/enigma2/3.12+git/recipe-sysroot/usr/include/openssl/sha.h:74:27: note: declared here
   74 | OSSL_DEPRECATEDIN_3_0 int SHA256_Update(SHA256_CTX *c,
      |                           ^~~~~~~~~~~~~

../../git/lib/dvb_ci/dvbci_ccmgr.cpp:824:22: warning: 'int SHA256_Update(SHA256_CTX*, const void*, size_t)' is deprecated: Since OpenSSL 3.0 [-Wdeprecated-declarations]
  824 |         SHA256_Update(&sha, m_ci_elements.get_ptr(NS_MODULE), m_ci_elements.get_buf(NULL, NS_MODULE));
      |         ~~~~~~~~~~~~~^~~~~~~~~~~~~~~~~~~~~~~~~~~~~~~~~~~~~~~~~~~~~~~~~~~~~~~~~~~~~~~~~~~~~~~~~~~~~~~~
/home/pli/builds/openpli-scarthgap-build-1-30-2025/openpli-oe-core/build/tmp/work/osmio4k-oe-linux-gnueabi/enigma2/3.12+git/recipe-sysroot/usr/include/openssl/sha.h:74:27: note: declared here
   74 | OSSL_DEPRECATEDIN_3_0 int SHA256_Update(SHA256_CTX *c,
      |                           ^~~~~~~~~~~~~
../../git/lib/dvb_ci/dvbci_ccmgr.cpp:825:21: warning: 'int SHA256_Final(unsigned char*, SHA256_CTX*)' is deprecated: Since OpenSSL 3.0 [-Wdeprecated-declarations]
  825 |         SHA256_Final(m_ks_host, &sha);
      |         ~~~~~~~~~~~~^~~~~~~~~~~~~~~~~

/home/pli/builds/openpli-scarthgap-build-1-30-2025/openpli-oe-core/build/tmp/work/osmio4k-oe-linux-gnueabi/enigma2/3.12+git/recipe-sysroot/usr/include/openssl/sha.h:76:27: note: declared here
   76 | OSSL_DEPRECATEDIN_3_0 int SHA256_Final(unsigned char *md, SHA256_CTX *c);
      |                           ^~~~~~~~~~~~

../../git/lib/dvb_ci/dvbci_ccmgr.cpp: In member function 'int eDVBCICcSession::generate_SAK_SEK()':
../../git/lib/dvb_ci/dvbci_ccmgr.cpp:841:28: warning: 'int AES_set_encrypt_key(const unsigned char*, int, AES_KEY*)' is deprecated: Since OpenSSL 3.0 [-Wdeprecated-declarations]
  841 |         AES_set_encrypt_key(m_key_data, 128, &key);
      |         ~~~~~~~~~~~~~~~~~~~^~~~~~~~~~~~~~~~~~~~~~~
/home/pli/builds/openpli-scarthgap-build-1-30-2025/openpli-oe-core/build/tmp/work/osmio4k-oe-linux-gnueabi/enigma2/3.12+git/recipe-sysroot/usr/include/openssl/aes.h:51:5: note: declared here
   51 | int AES_set_encrypt_key(const unsigned char *userKey, const int bits,
      |     ^~~~~~~~~~~~~~~~~~~

../../git/lib/dvb_ci/dvbci_ccmgr.cpp:844:32: warning: 'void AES_ecb_encrypt(const unsigned char*, unsigned char*, const AES_KEY*, int)' is deprecated: Since OpenSSL 3.0 [-Wdeprecated-declarations]
  844 |                 AES_ecb_encrypt(&m_ks_host[16 * i], &dec[16 * i], &key, 1);
      |                 ~~~~~~~~~~~~~~~^~~~~~~~~~~~~~~~~~~~~~~~~~~~~~~~~~~~~~~~~~~
/home/pli/builds/openpli-scarthgap-build-1-30-2025/openpli-oe-core/build/tmp/work/osmio4k-oe-linux-gnueabi/enigma2/3.12+git/recipe-sysroot/usr/include/openssl/aes.h:63:6: note: declared here
   63 | void AES_ecb_encrypt(const unsigned char *in, unsigned char *out,
      |      ^~~~~~~~~~~~~~~

../../git/lib/dvb_ci/dvbci_ccmgr.cpp: In member function 'int eDVBCICcSession::sac_crypt(uint8_t*, const uint8_t*, unsigned int, int)':
../../git/lib/dvb_ci/dvbci_ccmgr.cpp:901:36: warning: 'int AES_set_encrypt_key(const unsigned char*, int, AES_KEY*)' is deprecated: Since OpenSSL 3.0 [-Wdeprecated-declarations]
  901 |                 AES_set_encrypt_key(m_sek, 128, &key);
      |                 ~~~~~~~~~~~~~~~~~~~^~~~~~~~~~~~~~~~~~
/home/pli/builds/openpli-scarthgap-build-1-30-2025/openpli-oe-core/build/tmp/work/osmio4k-oe-linux-gnueabi/enigma2/3.12+git/recipe-sysroot/usr/include/openssl/aes.h:51:5: note: declared here
   51 | int AES_set_encrypt_key(const unsigned char *userKey, const int bits,
      |     ^~~~~~~~~~~~~~~~~~~

../../git/lib/dvb_ci/dvbci_ccmgr.cpp:903:36: warning: 'int AES_set_decrypt_key(const unsigned char*, int, AES_KEY*)' is deprecated: Since OpenSSL 3.0 [-Wdeprecated-declarations]
  903 |                 AES_set_decrypt_key(m_sek, 128, &key);
      |                 ~~~~~~~~~~~~~~~~~~~^~~~~~~~~~~~~~~~~~
/home/pli/builds/openpli-scarthgap-build-1-30-2025/openpli-oe-core/build/tmp/work/osmio4k-oe-linux-gnueabi/enigma2/3.12+git/recipe-sysroot/usr/include/openssl/aes.h:54:5: note: declared here
   54 | int AES_set_decrypt_key(const unsigned char *userKey, const int bits,
      |     ^~~~~~~~~~~~~~~~~~~
../../git/lib/dvb_ci/dvbci_ccmgr.cpp:905:24: warning: 'void AES_cbc_encrypt(const unsigned char*, unsigned char*, size_t, const AES_KEY*, unsigned char*, int)' is deprecated: Since OpenSSL 3.0 [-Wdeprecated-declarations]
  905 |         AES_cbc_encrypt(src, dst, len, &key, iv, encrypt);
      |         ~~~~~~~~~~~~~~~^~~~~~~~~~~~~~~~~~~~~~~~~~~~~~~~~~

/home/pli/builds/openpli-scarthgap-build-1-30-2025/openpli-oe-core/build/tmp/work/osmio4k-oe-linux-gnueabi/enigma2/3.12+git/recipe-sysroot/usr/include/openssl/aes.h:66:6: note: declared here
   66 | void AES_cbc_encrypt(const unsigned char *in, unsigned char *out,
      |      ^~~~~~~~~~~~~~~

In file included from ../../git/lib/dvb_ci/dvbci.h:9,
                 from ../../git/lib/dvb_ci/dvbci_session.h:6,
                 from ../../git/lib/dvb_ci/dvbci_cam_upgrade.h:4,
                 from ../../git/lib/dvb_ci/dvbci_cam_upgrade.cpp:4:
../../git/lib/service/iservice.h: In member function 'virtual void iServiceInformation::getAITApplications(std::map<int, std::__cxx11::basic_string<char> >&)':
../../git/lib/service/iservice.h:439:69: warning: unused parameter 'aitlist' [-Wunused-parameter]
  439 |         virtual void getAITApplications(std::map<int, std::string> &aitlist) {};
      |                                         ~~~~~~~~~~~~~~~~~~~~~~~~~~~~^~~~~~~

In file included from /home/pli/builds/openpli-scarthgap-build-1-30-2025/openpli-oe-core/build/tmp/work/osmio4k-oe-linux-gnueabi/enigma2/3.12+git/recipe-sysroot/usr/include/c++/13.3.0/map:62,
                 from ../../git/lib/base/eerror.h:5,
                 from ../../git/lib/base/object.h:10,
                 from ../../git/lib/dvb/idvb.h:8:
/home/pli/builds/openpli-scarthgap-build-1-30-2025/openpli-oe-core/build/tmp/work/osmio4k-oe-linux-gnueabi/enigma2/3.12+git/recipe-sysroot/usr/include/c++/13.3.0/bits/stl_tree.h: In member function 'void std::_Rb_tree<_Key, _Val, _KeyOfValue, _Compare, _Alloc>::_M_erase_aux(const_iterator) [with _Key = long long int; _Val = std::pair<const long long int, eventData*>; _KeyOfValue = std::_Select1st<std::pair<const long long int, eventData*> >; _Compare = std::less<long long int>; _Alloc = std::allocator<std::pair<const long long int, eventData*> >]':
/home/pli/builds/openpli-scarthgap-build-1-30-2025/openpli-oe-core/build/tmp/work/osmio4k-oe-linux-gnueabi/enigma2/3.12+git/recipe-sysroot/usr/include/c++/13.3.0/bits/stl_tree.h:2489:5: note: parameter passing for argument of type 'std::_Rb_tree<long long int, std::pair<const long long int, eventData*>, std::_Select1st<std::pair<const long long int, eventData*> >, std::less<long long int>, std::allocator<std::pair<const long long int, eventData*> > >::const_iterator' changed in GCC 7.1
 2489 |     _Rb_tree<_Key, _Val, _KeyOfValue, _Compare, _Alloc>::
      |     ^~~~~~~~~~~~~~~~~~~~~~~~~~~~~~~~~~~~~~~~~~~~~~~~~~~

/home/pli/builds/openpli-scarthgap-build-1-30-2025/openpli-oe-core/build/tmp/work/osmio4k-oe-linux-gnueabi/enigma2/3.12+git/recipe-sysroot/usr/include/c++/13.3.0/bits/stl_tree.h: In member function 'std::_Rb_tree<_Key, _Val, _KeyOfValue, _Compare, _Alloc>::iterator std::_Rb_tree<_Key, _Val, _KeyOfValue, _Compare, _Alloc>::erase(iterator) [with _Key = long long int; _Val = std::pair<const long long int, eventData*>; _KeyOfValue = std::_Select1st<std::pair<const long long int, eventData*> >; _Compare = std::less<long long int>; _Alloc = std::allocator<std::pair<const long long int, eventData*> >]':
/home/pli/builds/openpli-scarthgap-build-1-30-2025/openpli-oe-core/build/tmp/work/osmio4k-oe-linux-gnueabi/enigma2/3.12+git/recipe-sysroot/usr/include/c++/13.3.0/bits/stl_tree.h:1210:21: note: parameter passing for argument of type 'std::_Rb_tree<long long int, std::pair<const long long int, eventData*>, std::_Select1st<std::pair<const long long int, eventData*> >, std::less<long long int>, std::allocator<std::pair<const long long int, eventData*> > >::const_iterator' changed in GCC 7.1
 1210 |         _M_erase_aux(__position);
      |         ~~~~~~~~~~~~^~~~~~~~~~~~

In file included from /home/pli/builds/openpli-scarthgap-build-1-30-2025/openpli-oe-core/build/tmp/work/osmio4k-oe-linux-gnueabi/enigma2/3.12+git/recipe-sysroot/usr/include/c++/13.3.0/map:62,
                 from ../../git/lib/base/eerror.h:5,
                 from ../../git/lib/base/object.h:10,
                 from ../../git/lib/dvb/idvb.h:8:
/home/pli/builds/openpli-scarthgap-build-1-30-2025/openpli-oe-core/build/tmp/work/osmio4k-oe-linux-gnueabi/enigma2/3.12+git/recipe-sysroot/usr/include/c++/13.3.0/bits/stl_tree.h: In member function 'std::pair<std::_Rb_tree_node_base*, std::_Rb_tree_node_base*> std::_Rb_tree<_Key, _Val, _KeyOfValue, _Compare, _Alloc>::_M_get_insert_hint_unique_pos(const_iterator, const key_type&) [with _Key = eDVBChannelID; _Val = std::pair<const eDVBChannelID, long long int>; _KeyOfValue = std::_Select1st<std::pair<const eDVBChannelID, long long int> >; _Compare = std::less<eDVBChannelID>; _Alloc = std::allocator<std::pair<const eDVBChannelID, long long int> >]':
/home/pli/builds/openpli-scarthgap-build-1-30-2025/openpli-oe-core/build/tmp/work/osmio4k-oe-linux-gnueabi/enigma2/3.12+git/recipe-sysroot/usr/include/c++/13.3.0/bits/stl_tree.h:2210:5: note: parameter passing for argument of type 'std::_Rb_tree<eDVBChannelID, std::pair<const eDVBChannelID, long long int>, std::_Select1st<std::pair<const eDVBChannelID, long long int> >, std::less<eDVBChannelID>, std::allocator<std::pair<const eDVBChannelID, long long int> > >::const_iterator' changed in GCC 7.1
 2210 |     _Rb_tree<_Key, _Val, _KeyOfValue, _Compare, _Alloc>::
      |     ^~~~~~~~~~~~~~~~~~~~~~~~~~~~~~~~~~~~~~~~~~~~~~~~~~~

/home/pli/builds/openpli-scarthgap-build-1-30-2025/openpli-oe-core/build/tmp/work/osmio4k-oe-linux-gnueabi/enigma2/3.12+git/recipe-sysroot/usr/include/c++/13.3.0/bits/stl_tree.h: In member function 'std::pair<std::_Rb_tree_node_base*, std::_Rb_tree_node_base*> std::_Rb_tree<_Key, _Val, _KeyOfValue, _Compare, _Alloc>::_M_get_insert_hint_unique_pos(const_iterator, const key_type&) [with _Key = long long int; _Val = std::pair<const long long int, eventData*>; _KeyOfValue = std::_Select1st<std::pair<const long long int, eventData*> >; _Compare = std::less<long long int>; _Alloc = std::allocator<std::pair<const long long int, eventData*> >]':
/home/pli/builds/openpli-scarthgap-build-1-30-2025/openpli-oe-core/build/tmp/work/osmio4k-oe-linux-gnueabi/enigma2/3.12+git/recipe-sysroot/usr/include/c++/13.3.0/bits/stl_tree.h:2210:5: note: parameter passing for argument of type 'std::_Rb_tree<long long int, std::pair<const long long int, eventData*>, std::_Select1st<std::pair<const long long int, eventData*> >, std::less<long long int>, std::allocator<std::pair<const long long int, eventData*> > >::const_iterator' changed in GCC 7.1
 2210 |     _Rb_tree<_Key, _Val, _KeyOfValue, _Compare, _Alloc>::
      |     ^~~~~~~~~~~~~~~~~~~~~~~~~~~~~~~~~~~~~~~~~~~~~~~~~~~

/home/pli/builds/openpli-scarthgap-build-1-30-2025/openpli-oe-core/build/tmp/work/osmio4k-oe-linux-gnueabi/enigma2/3.12+git/recipe-sysroot/usr/include/c++/13.3.0/bits/stl_tree.h: In member function 'std::_Rb_tree<_Key, _Val, _KeyOfValue, _Compare, _Alloc>::iterator std::_Rb_tree<_Key, _Val, _KeyOfValue, _Compare, _Alloc>::_M_insert_unique_(const_iterator, _Arg&&) [with _Arg = std::pair<const long long int, eventData*>; _Key = long long int; _Val = std::pair<const long long int, eventData*>; _KeyOfValue = std::_Select1st<std::pair<const long long int, eventData*> >; _Compare = std::less<long long int>; _Alloc = std::allocator<std::pair<const long long int, eventData*> >]':
/home/pli/builds/openpli-scarthgap-build-1-30-2025/openpli-oe-core/build/tmp/work/osmio4k-oe-linux-gnueabi/enigma2/3.12+git/recipe-sysroot/usr/include/c++/13.3.0/bits/stl_tree.h:1060:9: note: parameter passing for argument of type 'std::_Rb_tree<long long int, std::pair<const long long int, eventData*>, std::_Select1st<std::pair<const long long int, eventData*> >, std::less<long long int>, std::allocator<std::pair<const long long int, eventData*> > >::const_iterator' changed in GCC 7.1
 1060 |         _M_insert_unique_(const_iterator __pos, _Arg&& __x)
      |         ^~~~~~~~~~~~~~~~~

In file included from /home/pli/builds/openpli-scarthgap-build-1-30-2025/openpli-oe-core/build/tmp/work/osmio4k-oe-linux-gnueabi/enigma2/3.12+git/recipe-sysroot/usr/include/c++/13.3.0/map:63:
In member function 'std::map<_Key, _Tp, _Compare, _Alloc>::iterator std::map<_Key, _Tp, _Compare, _Alloc>::insert(const_iterator, value_type&&) [with _Key = long long int; _Tp = eventData*; _Compare = std::less<long long int>; _Alloc = std::allocator<std::pair<const long long int, eventData*> >]',
    inlined from 'void eEPGCache::sectionRead(const uint8_t*, int, eEPGChannelData*)' at ../../git/lib/dvb/epgcache.cpp:709:50:
/home/pli/builds/openpli-scarthgap-build-1-30-2025/openpli-oe-core/build/tmp/work/osmio4k-oe-linux-gnueabi/enigma2/3.12+git/recipe-sysroot/usr/include/c++/13.3.0/bits/stl_map.h:921:38: note: parameter passing for argument of type 'std::map<long long int, eventData*>::const_iterator' {aka 'std::_Rb_tree<long long int, std::pair<const long long int, eventData*>, std::_Select1st<std::pair<const long long int, eventData*> >, std::less<long long int>, std::allocator<std::pair<const long long int, eventData*> > >::const_iterator'} changed in GCC 7.1
  921 |       { return _M_t._M_insert_unique_(__position, std::move(__x)); }
      |                ~~~~~~~~~~~~~~~~~~~~~~^~~~~~~~~~~~~~~~~~~~~~~~~~~~

In member function 'std::map<_Key, _Tp, _Compare, _Alloc>::iterator std::map<_Key, _Tp, _Compare, _Alloc>::insert(const_iterator, value_type&&) [with _Key = long long int; _Tp = eventData*; _Compare = std::less<long long int>; _Alloc = std::allocator<std::pair<const long long int, eventData*> >]',
    inlined from 'void eEPGCache::sectionRead(const uint8_t*, int, eEPGChannelData*)' at ../../git/lib/dvb/epgcache.cpp:725:50:
/home/pli/builds/openpli-scarthgap-build-1-30-2025/openpli-oe-core/build/tmp/work/osmio4k-oe-linux-gnueabi/enigma2/3.12+git/recipe-sysroot/usr/include/c++/13.3.0/bits/stl_map.h:921:38: note: parameter passing for argument of type 'std::map<long long int, eventData*>::const_iterator' {aka 'std::_Rb_tree<long long int, std::pair<const long long int, eventData*>, std::_Select1st<std::pair<const long long int, eventData*> >, std::less<long long int>, std::allocator<std::pair<const long long int, eventData*> > >::const_iterator'} changed in GCC 7.1
  921 |       { return _M_t._M_insert_unique_(__position, std::move(__x)); }
      |                ~~~~~~~~~~~~~~~~~~~~~~^~~~~~~~~~~~~~~~~~~~~~~~~~~~

/home/pli/builds/openpli-scarthgap-build-1-30-2025/openpli-oe-core/build/tmp/work/osmio4k-oe-linux-gnueabi/enigma2/3.12+git/recipe-sysroot/usr/include/c++/13.3.0/bits/stl_tree.h: In member function 'std::_Rb_tree<_Key, _Val, _KeyOfValue, _Compare, _Alloc>::iterator std::_Rb_tree<_Key, _Val, _KeyOfValue, _Compare, _Alloc>::_M_emplace_hint_unique(const_iterator, _Args&& ...) [with _Args = {const std::piecewise_construct_t&, std::tuple<date_time&&>, std::tuple<>}; _Key = date_time; _Val = std::pair<const date_time, std::__cxx11::list<uniqueEPGKey> >; _KeyOfValue = std::_Select1st<std::pair<const date_time, std::__cxx11::list<uniqueEPGKey> > >; _Compare = less_datetime; _Alloc = std::allocator<std::pair<const date_time, std::__cxx11::list<uniqueEPGKey> > >]':
/home/pli/builds/openpli-scarthgap-build-1-30-2025/openpli-oe-core/build/tmp/work/osmio4k-oe-linux-gnueabi/enigma2/3.12+git/recipe-sysroot/usr/include/c++/13.3.0/bits/stl_tree.h:2458:7: note: parameter passing for argument of type 'std::_Rb_tree<date_time, std::pair<const date_time, std::__cxx11::list<uniqueEPGKey> >, std::_Select1st<std::pair<const date_time, std::__cxx11::list<uniqueEPGKey> > >, less_datetime, std::allocator<std::pair<const date_time, std::__cxx11::list<uniqueEPGKey> > > >::const_iterator' changed in GCC 7.1
 2458 |       _Rb_tree<_Key, _Val, _KeyOfValue, _Compare, _Alloc>::
      |       ^~~~~~~~~~~~~~~~~~~~~~~~~~~~~~~~~~~~~~~~~~~~~~~~~~~

In member function 'void std::_Rb_tree<_Key, _Val, _KeyOfValue, _Compare, _Alloc>::_M_erase_aux(const_iterator, const_iterator) [with _Key = long long int; _Val = std::pair<const long long int, eventData*>; _KeyOfValue = std::_Select1st<std::pair<const long long int, eventData*> >; _Compare = std::less<long long int>; _Alloc = std::allocator<std::pair<const long long int, eventData*> >]',
    inlined from 'std::_Rb_tree<_Key, _Val, _KeyOfValue, _Compare, _Alloc>::size_type std::_Rb_tree<_Key, _Val, _KeyOfValue, _Compare, _Alloc>::erase(const _Key&) [with _Key = long long int; _Val = std::pair<const long long int, eventData*>; _KeyOfValue = std::_Select1st<std::pair<const long long int, eventData*> >; _Compare = std::less<long long int>; _Alloc = std::allocator<std::pair<const long long int, eventData*> >]' at /home/pli/builds/openpli-scarthgap-build-1-30-2025/openpli-oe-core/build/tmp/work/osmio4k-oe-linux-gnueabi/enigma2/3.12+git/recipe-sysroot/usr/include/c++/13.3.0/bits/stl_tree.h:2521:19,
    inlined from 'std::map<_Key, _Tp, _Compare, _Alloc>::size_type std::map<_Key, _Tp, _Compare, _Alloc>::erase(const key_type&) [with _Key = long long int; _Tp = eventData*; _Compare = std::less<long long int>; _Alloc = std::allocator<std::pair<const long long int, eventData*> >]' at /home/pli/builds/openpli-scarthgap-build-1-30-2025/openpli-oe-core/build/tmp/work/osmio4k-oe-linux-gnueabi/enigma2/3.12+git/recipe-sysroot/usr/include/c++/13.3.0/bits/stl_map.h:1119:26,
    inlined from 'void eEPGCache::privateSectionRead(const uniqueEPGKey&, const uint8_t*)' at ../../git/lib/dvb/epgcache.cpp:2667:15:
/home/pli/builds/openpli-scarthgap-build-1-30-2025/openpli-oe-core/build/tmp/work/osmio4k-oe-linux-gnueabi/enigma2/3.12+git/recipe-sysroot/usr/include/c++/13.3.0/bits/stl_tree.h:2510:23: note: parameter passing for argument of type 'std::_Rb_tree_const_iterator<std::pair<const long long int, eventData*> >' changed in GCC 7.1
 2510 |           _M_erase_aux(__first++);
      |           ~~~~~~~~~~~~^~~~~~~~~~~

In member function 'std::map<_Key, _Tp, _Compare, _Alloc>::mapped_type& std::map<_Key, _Tp, _Compare, _Alloc>::operator[](key_type&&) [with _Key = date_time; _Tp = std::__cxx11::list<uniqueEPGKey>; _Compare = less_datetime; _Alloc = std::allocator<std::pair<const date_time, std::__cxx11::list<uniqueEPGKey> > >]',
    inlined from 'void eEPGCache::privateSectionRead(const uniqueEPGKey&, const uint8_t*)' at ../../git/lib/dvb/epgcache.cpp:2734:28:
/home/pli/builds/openpli-scarthgap-build-1-30-2025/openpli-oe-core/build/tmp/work/osmio4k-oe-linux-gnueabi/enigma2/3.12+git/recipe-sysroot/usr/include/c++/13.3.0/bits/stl_map.h:532:44: note: parameter passing for argument of type 'std::_Rb_tree<date_time, std::pair<const date_time, std::__cxx11::list<uniqueEPGKey> >, std::_Select1st<std::pair<const date_time, std::__cxx11::list<uniqueEPGKey> > >, less_datetime, std::allocator<std::pair<const date_time, std::__cxx11::list<uniqueEPGKey> > > >::const_iterator' changed in GCC 7.1
  532 |           __i = _M_t._M_emplace_hint_unique(__i, std::piecewise_construct,
      |                 ~~~~~~~~~~~~~~~~~~~~~~~~~~~^~~~~~~~~~~~~~~~~~~~~~~~~~~~~~~
  533 |                                         std::forward_as_tuple(std::move(__k)),
      |                                         ~~~~~~~~~~~~~~~~~~~~~~~~~~~~~~~~~~~~~~
  534 |                                         std::tuple<>());
      |                                         ~~~~~~~~~~~~~~~

make[4]: Leaving directory '/home/pli/builds/openpli-scarthgap-build-1-30-2025/openpli-oe-core/build/tmp/work/osmio4k-oe-linux-gnueabi/enigma2/3.12+git/build/lib'

make[3]: Leaving directory '/home/pli/builds/openpli-scarthgap-build-1-30-2025/openpli-oe-core/build/tmp/work/osmio4k-oe-linux-gnueabi/enigma2/3.12+git/build/lib'

make[3]: *** [Makefile:2912: all-recursive] Error 1
make[2]: *** [Makefile:1223: all] Error 2

make[2]: Leaving directory '/home/pli/builds/openpli-scarthgap-build-1-30-2025/openpli-oe-core/build/tmp/work/osmio4k-oe-linux-gnueabi/enigma2/3.12+git/build/lib'

make[1]: Leaving directory '/home/pli/builds/openpli-scarthgap-build-1-30-2025/openpli-oe-core/build/tmp/work/osmio4k-oe-linux-gnueabi/enigma2/3.12+git/build'

make[1]: *** [Makefile:541: all-recursive] Error 1

make: *** [Makefile:427: all] Error 2

+ die 'oe_runmake failed'

+ bbfatal_log 'oe_runmake failed'

+ '[' -p /home/pli/builds/openpli-scarthgap-build-1-30-2025/openpli-oe-core/build/tmp/work/osmio4k-oe-linux-gnueabi/enigma2/3.12+git/temp/fifo.2773834 ']'

+ printf '%b\0' 'bbfatal_log oe_runmake failed'

ERROR: enigma2-3.12+git-r0 do_compile: oe_runmake failed
+ exit 1
+ bb_bash_exit_handler 'exit 1'

+ ret=1

+ set +x

WARNING: /home/pli/builds/openpli-scarthgap-build-1-30-2025/openpli-oe-core/build/tmp/work/osmio4k-oe-linux-gnueabi/enigma2/3.12+git/temp/run.do_compile.2773834:200 exit 1 from 'exit 1'
WARNING: Backtrace (BB generated script): 

	#1: bbfatal_log, /home/pli/builds/openpli-scarthgap-build-1-30-2025/openpli-oe-core/build/tmp/work/osmio4k-oe-linux-gnueabi/enigma2/3.12+git/temp/run.do_compile.2773834, line 200

	#2: die, /home/pli/builds/openpli-scarthgap-build-1-30-2025/openpli-oe-core/build/tmp/work/osmio4k-oe-linux-gnueabi/enigma2/3.12+git/temp/run.do_compile.2773834, line 184
	#3: oe_runmake, /home/pli/builds/openpli-scarthgap-build-1-30-2025/openpli-oe-core/build/tmp/work/osmio4k-oe-linux-gnueabi/enigma2/3.12+git/temp/run.do_compile.2773834, line 179
	#4: autotools_do_compile, /home/pli/builds/openpli-scarthgap-build-1-30-2025/openpli-oe-core/build/tmp/work/osmio4k-oe-linux-gnueabi/enigma2/3.12+git/temp/run.do_compile.2773834, line 167

	#5: do_compile, /home/pli/builds/openpli-scarthgap-build-1-30-2025/openpli-oe-core/build/tmp/work/osmio4k-oe-linux-gnueabi/enigma2/3.12+git/temp/run.do_compile.2773834, line 162
	#6: main, /home/pli/builds/openpli-scarthgap-build-1-30-2025/openpli-oe-core/build/tmp/work/osmio4k-oe-linux-gnueabi/enigma2/3.12+git/temp/run.do_compile.2773834, line 214

ERROR: enigma2-3.12+git-r0 do_compile: ExecutionError('/home/pli/builds/openpli-scarthgap-build-1-30-2025/openpli-oe-core/build/tmp/work/osmio4k-oe-linux-gnueabi/enigma2/3.12+git/temp/run.do_compile.2773834', 1, None, None)
ERROR: Logfile of failure stored in: /home/pli/builds/openpli-scarthgap-build-1-30-2025/openpli-oe-core/build/tmp/work/osmio4k-oe-linux-gnueabi/enigma2/3.12+git/temp/log.do_compile.2773834
NOTE: recipe enigma2-3.12+git-r0: task do_compile: Failed
ERROR: Task (/home/pli/builds/openpli-scarthgap-build-1-30-2025/openpli-oe-core/meta-openpli/recipes-openpli/enigma2/enigma2.bb:do_compile) failed with exit code '1'
NOTE: Tasks Summary: Attempted 6354 tasks of which 6340 didn't need to be rerun and 1 failed.

Summary: 1 task failed:
  /home/pli/builds/openpli-scarthgap-build-1-30-2025/openpli-oe-core/meta-openpli/recipes-openpli/enigma2/enigma2.bb:do_compile
Summary: There were 2 ERROR messages, returning a non-zero exit code.
